CellImage,,5 Million Archive      ,,,,,,,Undergoing major changes - some stats and scores may be completely false for the time being,,,
,Rank,Tank,Name,Score,Proof,Gamemode,Special,,,,,
,1,Auto Overseer,Jess,44215098,https://www.youtube.com/watch?v=wAPi4qf1_Vk,2TDM,,,Welcome to the 5 Million Arras Archive!,,,
,2,Overseer,Skrialik,27537009,https://cdn.discordapp.com/attachments/928174021592383489/1130948964045291540/000__aHR0cHM6Ly9pLmltZ3VyLmNvbS9pVDNpYlFpLnBuZw3D3D.png,4TDM,,,,,,
,3,Commander,Marcus,25003315,https://cdn.discordapp.com/attachments/866023322529955870/1079438475922784317/death_ss.png,2TDM,,,"This page consists of every 5 Mil score, ordering them from highest to lowest
score, including the tank, player name, score, proof of score, gamemode, and an
extra column for special selections.",,,
,4,Auto Overseer,Jess,22483433,https://imgur.com/a/AWezhf3,2TDM,,,,,,
,5,Overlord,Jess,20268858,https://cdn.discordapp.com/attachments/866023322529955870/1122908300984451182/screenshot12.png,MULTIPLE,Incognito,,,,,
,6,Crossbow,Colon,20052585,https://cdn.discordapp.com/attachments/1135707353325518958/1142942079765450813/image.png,2TDM,,,"These Special selections include: Incognito scores
and Legacy scores, and runs that can be Restored (TBR).
The listing does not contain any Event scores.",,,
,7,Auto Overseer,Roman,20021586,https://imgur.com/a/cMumfGB,4TDM,,,,,,
,8,Necromancer,Quad,19435506,https://imgur.com/gallery/xSRaodY,2TDM,,,,,,
,9,Gunner Trapper,ExC,17770864,https://imgur.com/gallery/qoopBka,2TDM,,,"Explore all the other pages on this sheet which display everything in many different ways, from the Top 250, which doesn't count any Incognito scores, and gives you much more information about a run just from viewing it on the page. The Top for Each Tank page has a section for every tank in the game, so you can find the top 10 of each tank easily. Player & Tank Stats gives you any interesting stats about players or tanks. The Gamemodes and Special pages just organise all scores into columns of either their game modes or the extra info about them.",,,
,10,Predator,noscore,17241238,https://cdn.discordapp.com/attachments/395646588682240020/1093846736130277376/screenshot_-_2023-04-07T102640.387.png,2TDM,,,,,,
,11,Overlord,Jess,16776260,https://imgur.com/a/K8web3M,4TDM,,,,,,
,12,Overlord,Jess,16378462,https://youtu.be/9dAJn-ReCwU,2TDM,,,,,,
,13,Bushwhacker,ExC,16051959,https://cdn.discordapp.com/attachments/928174021592383489/1136731726886998066/image.png,2TDM,,,,,,
,14,Auto Overseer,ŒπŒ±,16014752,https://cdn.discordapp.com/attachments/1101493904542535791/1101982346535776326/d.png,2TDM,TBR,,,,,
,15,Carrier,Corrupt Y,15694505,https://cdn.discordapp.com/attachments/928174021592383489/1148278272195559474/image.png,2TDM,,,,,,
,16,Overlord,Skrialik,15615614,https://imgur.com/a/t92Wf2h,4TDM,,,,,,
,17,Manager,zo,15117515,https://cdn.discordapp.com/attachments/866023322529955870/1153544609939603466/screenshot_-_2023-09-18T221037.067.png,2TDM,TBR,,,,,
,18,Auto Assassin,rela üê£,15079276,https://imgur.com/a/iWPAC7N,2TDM,,,Top 100,,,Player & Tank Stats
,19,Auto Assassin,„Å≠„Åì„Åç„Çì,14606671,https://cdn.discordapp.com/attachments/981241581044637696/1116097212749991936/IMG_8649.jpg,2TDM,,,,,,
,20,Overlord,Drokert el LaTaTa,14467190,https://cdn.discordapp.com/attachments/1009229141859643462/1147983130230263848/14.46m_Overlord_restore_2_2-tdm_3hr_10m_34s.PNG,2TDM,,,Top Each Tank,,,Gamemodes
,21,Single,Rog456,14245593,https://cdn.discordapp.com/attachments/928174021592383489/1132126443841781870/D7F4759C-D69D-4688-AA68-6CC41239BFB2.png,2TDM,,,,,,
,22,Overlord,Marcus,14076885,https://cdn.discordapp.com/attachments/1146204878331461642/1150402565029232702/screenshot_-_2023-09-10T140844.463.png,4TDM,TBR,,Special,,,Details
,23,Overlord,ü•ïCrazy Carrotü•ï,13960825,https://imgur.com/a/wzNDW95,4TDM,,,,,,
,24,Manager,Mr.Hacker YT,13779227,https://cdn.discordapp.com/attachments/928174021592383489/1142312196664201297/screenshot_-_2023-08-18T212029.154.png,2TDM,TBR,,,,,
,25,Overlord,Thx m8,13550218,https://imgur.com/a/KnlDnhf,4TDM,,,Total Score,,,5804726095
,26,Falcon,byekc,13524688,https://cdn.discordapp.com/attachments/866023322529955870/1109055950607876166/Ekran_Goruntusu_6828.png,2TDM,,,,,,
,27,Overlord,Mr.Hacker YT,13092858,https://imgur.com/gallery/VNGW62S,2TDM,,,Average Score,,,6985229.95788207
,28,Overlord,Harry,13005049,https://imgur.com/a/8c1B2EI,2TDM,TBR,,,,,
,29,Fortress,ŒπŒ±,12732303,https://cdn.discordapp.com/attachments/928174021592383489/1127655238711640186/screenshot_-_2023-03-19T103357.png,2TDM,,,,,,
,30,Predator,Skrialik,12345678,https://imgur.com/a/7b0FnkI,Squads,Legacy,,Score Count,,,
,31,Auto Overseer,Marcus,12292585,https://cdn.discordapp.com/attachments/1095472648886165704/1136667850166247484/screenshot_-_2023-08-03T163157.926.png,2TDM,,,,,,
,32,Hexa Tank,Mr.Hacker YT,12033305,https://cdn.discordapp.com/attachments/1146049737494114356/1147847776961577000/screenshot_-_2023-09-03T035609.930.png,4TDM,TBR,,Total 5mils,,,831
,33,Hybrid,ExC,12020522,https://cdn.discordapp.com/attachments/1056765828508422194/1144302158951497868/Screenshot_2151.png,Maze,Incognito,,,,,
,34,Streamliner,Jess,11912075,https://imgur.com/a/Dvb3Txy,2TDM,,,Total 6mils,,,443
,35,Streamliner,Slade,11720549,https://cdn.discordapp.com/attachments/1093983574065156216/1106673054903451658/screenshot_-_2021-05-14T152049.png,Maze 4TDM,,,,,,
,36,Overseer,rela üê£,11633647,https://imgur.com/gallery/1ahw5PA,4TDM,,,Total 7mils,,,274
,37,Battleship,Anak,11626716,https://imgur.com/gallery/j18MkES,Squads,,,,,,
,38,Commander,Chris3773,11600008,https://imgur.com/gallery/juN6tqq,2TDM,TBR,,Total 8mils,,,181
,39,Underseer,Armin,11455384,https://cdn.discordapp.com/attachments/1063098062819577927/1109801754612207646/Screenshot_2718.png,2TDM,Incognito,,,,,
,40,Overlord,Jess,11243342,https://cdn.discordapp.com/attachments/928174021592383489/1149090926380191814/screenshot160.png?ex=64fa3dd1&is=64f8ec51&hm=8b632a14ae8acf3388497e05f247e7bd8a24c6cd92fc1c7bfc3908a07842aebf&,2TDM,,,Total 9mils,,,127
,41,Overlord,rela üê£,11201217,https://imgur.com/gallery/8BGbaGo,2TDM,,,,,,
,42,Overlord,Skrialik,11147953,https://imgur.com/a/8trHyPr,Open TDM,,,Total 10mils,,,104
,43,Necromancer,Marcus,11078883,https://cdn.discordapp.com/attachments/1093666415946506250/1114944856276615198/screenshot_-_2023-06-04T175227.670.png,2TDM,,,,,,
,44,Machine Gun,Rog456,11046961,https://cdn.discordapp.com/attachments/928174021592383489/1137122826776756264/14616ADC-6178-4713-8858-3F6C2F8934F1.png,2TDM,,,Total 11mils,,,45
,45,Spreadshot,Slade,11042230,https://cdn.discordapp.com/attachments/928174021592383489/1147385394606915664/screenshot_-_2023-09-02T001036.540.png,2TDM,TBR,,,,,
,46,Overlord,Zeph,10864836,https://cdn.discordapp.com/attachments/803352420117774377/853718954018865173/D17EE8D3-E572-4A95-B4B9-37A33F5FE5F3.jpeg,4TDM,,,Total 12mils,,,33
,47,Overgunner,Slade,10814596,https://cdn.discordapp.com/attachments/866023322529955870/1042980358037180416/unknown.png,Squads,,,,,,
,48,Flank Guard,Skrialik,10774524,https://cdn.discordapp.com/attachments/928174021592383489/1141520991323947038/screenshot_-_2023-08-16T154513.919.png,2TDM,,,Total 13mils,,,28
,49,Octo Tank,Chris3773,10732143,https://imgur.com/gallery/mhm5BgI,2TDM,,,,,,
,50,Auto Double,Toy Maker,10720158,https://cdn.discordapp.com/attachments/866023322529955870/1105469063330803803/screenshot_75.png,Open Maze TDM,Incognito,,Total 14mils,,,22
,51,Manager,zo,10693117,https://imgur.com/a/mwyiF17,2TDM,TBR,,,,,
,52,Banshee,Marcus,10613360,https://cdn.discordapp.com/attachments/866023322529955870/1108805936379867196/screenshot_-_2023-05-18T191043.084.png,2TDM,,,Total 15mils+,,,18
,53,Mega Smasher,Mine,10555678,https://imgur.com/a/ovD4LLK,2TDM,,,,,,
,54,Overdrive,√ñ.,10542978,https://cdn.discordapp.com/attachments/395646588682240020/1083340118187843614/screenshot_-_2023-03-08T183620.241.png,2TDM,TBR,,Total 20mils+,,,7
,55,Overdrive,byekc,10540849,https://cdn.discordapp.com/attachments/866023322529955870/1099325381804298290/image.png,4TDM,,,,,,
,56,Streamliner,Slade,10530060,https://imgur.com/DIQXtmQ,Squads,,,Total 25mils+,,,3
,57,Overlord,OnyxD,10471679,https://imgur.com/a/iOWO8A8,2TDM,,,,,,
,58,Auto Assassin,ŒπŒ±,10441465,https://cdn.discordapp.com/attachments/928174021592383489/1134341691927691334/Untitled_design_70.png,4TDM,,,,,,
,59,Auto Overseer,noscore,10440114,https://cdn.discordapp.com/attachments/866023322529955870/1107253745466757151/screenshot_-_2023-05-14T152604.008.png,2TDM,,,Gamemode Count,,,
,60,Swarmer,Tophat el LaTaTa,10342688,https://cdn.discordapp.com/attachments/962519532872818719/1144124899628154930/Screenshot_2023-08-16_10.18.29_PM.png,2TDM,,,,,,
,61,Auto Cruiser,Slade,10334542,https://cdn.discordapp.com/attachments/1093983574065156216/1106673417345835109/unknown.png,4TDM,,,FFA,,,72
,62,Shotgun,Chris3773,10330856,https://cdn.discordapp.com/attachments/866023322529955870/1139019630250299472/screenshot_-_2023-08-09T221500.053.png,2TDM,Incognito,,,,,
,63,Overgunner,Skrialik,10312388,https://cdn.discordapp.com/attachments/1066451260611506236/1102003416068276355/screenshot_-_2023-04-29T184128.645.png,2TDM,,,Maze,,,24
,64,Bushwhacker,Skrialik,10306354,https://imgur.com/a/MIQdcL5,4TDM,,,,,,
,65,Overlord,ASkib,10279160,https://imgur.com/a/D5h8xQi,2TDM,,,2TDM,,,346
,66,Auto Builder,ŒπŒ±,10261698,https://imgur.com/a/bfBLciK,2TDM,,,,,,
,67,Overseer,byekc,10240666,https://cdn.discordapp.com/attachments/1044131085463851028/1076534086354620416/image.png,2TDM,,,4TDM,,,212
,68,Overlord,ŒπŒ±,10220360,https://www.youtube.com/watch?v=hJLJHmGx9hQ,2TDM,,,,,,
,69,Penta Shot,Chris3773,10216461,https://cdn.discordapp.com/attachments/928174021592383489/1137346623836540999/screenshot_-_2023-08-04T180103.942.png,2TDM,TBR,,Open TDM,,,21
,70,Overgunner,Corrupt X,10191662,https://ibb.co/album/S4pcLJ,4TDM,,,,,,
,71,Penta Shot,Rog456,10176264,https://imgur.com/a/KYyLnDz,4TDM,,,Open Maze TDM,,,4
,72,Auto Overseer,Yusuf 100,10153946,https://cdn.discordapp.com/attachments/395646588682240020/1100607699068129310/10.1m.png,Duos,Incognito,,,,,
,73,Auto Spawner,Slade,10147081,https://cdn.discordapp.com/attachments/928174021592383489/1141208541294768208/screenshot_-_2023-08-15T231358.256.png,Maze 2TDM,TBR,,Portal TDM,,,37
,74,Auto Overseer,Lamp,10143869,https://imgur.com/a/ODpToNM,2TDM,,,,,,
,75,Overlord,ZeZo,10128996,https://imgur.com/a/BGPFnww,4TDM,,,Maze 2TDM,,,19
,76,Hybrid,Thing,10115816,https://imgur.com/a/TXNseEF,2TDM,,,,,,
,77,Auto Assassin,Awootube,10114098,https://imgur.com/a/2nx5L2W,2TDM,,,Maze 4TDM,,,13
,78,Auto Assassin,Corrupt Y,10102087,https://cdn.discordapp.com/attachments/866023322529955870/1037903160318119996/unknown.png,2TDM,,,,,,
,79,Manager,Nyrox,10100386,https://imgur.com/a/0wjdGvs,4TDM,,,Squads,,,60
,80,Engineer,Maku,10074126,https://imgur.com/a/rjyQdJG,Maze,Incognito,,,,,
,81,Fighter,Stradpult,10070753,https://imgur.com/gallery/uljVxNX,FFA,Legacy,,Duos,,,17
,82,Overtrapper,√ñ.,10065712,https://imgur.com/a/ndpbcEb,Maze 2TDM,,,,,,
,83,Overlord,noscore,10062282,https://cdn.discordapp.com/attachments/866023322529955870/1098156128078143538/screenshot_-_2023-04-19T125832.471.png,2TDM,,,,,,
,84,Ranger,Slade,10059466,https://cdn.discordapp.com/attachments/866023322529955870/896235033591967794/screenshot_-_2021-10-08T231624.254.png,4TDM,,,Normal Scores,,,705
,85,Overlord,Jess,10038902,https://cdn.discordapp.com/attachments/856614995802325032/1097349236338728970/screenshot_-_2023-04-16T223236.669.png,4TDM,,,,,,
,86,Carrier,Jess,10038528,https://cdn.discordapp.com/attachments/928174021592383489/1127078236749312040/screenshot54.png,4TDM,TBR,,Total Normal Score,,,4980253779
,87,Overlord,Salla,10037643,https://cdn.discordapp.com/attachments/1110695177498144872/1111235959120461885/ol_pm4_lastscore.png,Portal TDM,,,Average Normal Score,,,7064189.757446809
,88,Overlord,Colon,10035502,https://cdn.discordapp.com/attachments/1089763071788072980/1129791314020552804/screenshot_-_2023-07-15T061327.png,2TDM,,,,,,
,89,Annihilator,Hydra,10024113,https://cdn.discordapp.com/attachments/433431402613309440/1096816824135462952/image.png,Maze,Incognito,,Incognito Scores,,,46
,90,Streamliner,Thing,10023367,https://imgur.com/a/c8e7R3d,4TDM,,,,,,
,91,Manager,ŒπŒ±,10022818,https://cdn.discordapp.com/attachments/928174021592383489/1142342051107713154/screenshot_-_2023-08-18T231603.628.png,2TDM,,,Total Incog Score,,,320204947
,92,Overlord,Marcus,10020000,https://cdn.discordapp.com/attachments/559793341143711767/1116115305358426173/marcus10moverlordproof.png,4TDM,,,Average Incog Score,,,6960977.108695652
,93,Banshee,cyan,10019396,https://cdn.discordapp.com/attachments/866023322529955870/1153712845284974592/screenshot_-_2023-09-19T215349.963.png,2TDM,TBR,,,,,
,94,Underseer,Corrupt Y,10015851,https://cdn.discordapp.com/attachments/928174021592383489/1147683639736418334/image.png,2TDM,TBR,,Legacy Scores,,,80
,95,Ordnance,Para,10014240,https://cdn.discordapp.com/attachments/1070469925765926952/1086529767156756541/screenshot_-_2023-03-18T000119.479.png,2TDM,,,,,,
,96,Crossbow,bum,10011112,https://imgur.com/a/svSdvVH,2TDM,,,Total Legacy Score,,,504267369
,97,Overseer,Harry,10010810,https://cdn.discordapp.com/attachments/867893054689247252/1118450232380899358/screenshot_-_2023-05-28T214114.png,2TDM,TBR,,Average Legacy Score,,,6303342.1125
,98,Overlord,Smiley,10009654,https://imgur.com/a/diNokDG,2TDM,,,,,,
,99,Machine Gunner,Mr.Hacker YT,10008164,https://cdn.discordapp.com/attachments/928174021592383489/1144031021646483527/screenshot_-_2023-08-23T150754.258.png,4TDM,TBR,, Exact Score Count,,,
,100,Auto Overseer,Mr.Hacker YT,10006325,https://cdn.discordapp.com/attachments/1146049737494114356/1147760083908964372/screenshot_-_2023-09-02T220812.419.png,2TDM,TBR,,,,,
,101,Beekeeper,Slade,10004882,https://cdn.discordapp.com/attachments/928174021592383489/1138137339810562118/WeQ1hzP.png,4TDM,TBR,,Amount of 5mils,,,388
,102,Predator,Mr.Hacker YT,10000379,https://cdn.discordapp.com/attachments/928174021592383489/1147380776699187220/screenshot_-_2023-09-01T210030.895.png,2TDM,TBR,,Amount of 6mils,,,169
,103,Predator,ExC,10000104,https://cdn.discordapp.com/attachments/928174021592383489/1148470403216462004/image.png,2TDM,TBR,,Amount of 7mils,,,93
,104,Battleship,ŒπŒ±,10000013,https://cdn.discordapp.com/attachments/887171000171642900/1089013948789031014/screenshot_-_2023-03-24T192312.161.png,2TDM,,,Amount of 8mils,,,54
,105,Basic,Rog456,9976326,https://cdn.discordapp.com/attachments/928174021592383489/1129933583176433704/EE8D1080-DE44-46C3-A8E8-62CDB194F7BD.png,2TDM,,,Amount of 9mils,,,23
,106,Carrier,Ussnub,9930000,https://cdn.discordapp.com/attachments/1125564247275999282/1125564937784275034/9.93_mil.png,2TDM,,,Amount of 10mils,,,59
,107,Auto Overseer,Nyrox,9900126,https://imgur.com/a/tqHAmsH,2TDM,,,Amount of 11mils,,,12
,108,Auto Assassin,Harry,9787467,https://imgur.com/a/X6iIVv3,2TDM,,,Amount of 12mils,,,5
,109,Overlord,Jess,9770955,https://cdn.discordapp.com/attachments/928174021592383489/1146814825079517265/image.png,2TDM,,,Amount of 13mils,,,6
,110,Rifle,Para,9696999,https://imgur.com/gallery/NHaWUgK,4TDM,,,Amount of 14mils,,,4
,111,Spawner,Corrupt Y,9676123,https://cdn.discordapp.com/attachments/866023322529955870/1038164717597904946/Screenshot_711.png,2TDM,Legacy,,Amount of 15-20mils,,,11
,112,Auto Overseer,Despair,9630000,https://cdn.discordapp.com/attachments/1145412502625206422/1148621625818886214/image.png,2TDM,,,Amount of 20-25mils,,,4
,113,Landmine,crong,9617577,https://imgur.com/a/SDRZ7MI,Portal TDM,,,Amount of 25mils+,,,3
,114,Stalker,√ñ.,9595755,https://cdn.discordapp.com/attachments/395646588682240020/1083082112195907615/screenshot_-_2023-03-08T184043.916.png,2TDM,TBR,,,,,
,115,Auto-5,Stradpult,9586016,https://imgur.com/gallery/oH1wsYj,FFA,Legacy,,,,,
,116,Auto Assassin,Thing,9533746,https://imgur.com/a/3tyXdPH,4TDM,,,,,,
,117,Assassin,Marcus,9482940,https://imgur.com/a/SFTFxTX,4TDM,,,,,,
,118,Flank Guard,√ñ.,9445629,https://cdn.discordapp.com/attachments/1066451260611506236/1098356746847789136/screenshot_-_2023-04-19T225209.608.png,4TDM,,,,,,
,119,Poacher,Rog456,9424047,https://cdn.discordapp.com/attachments/928174021592383489/1138561175936848005/0B9F2B52-9F0D-4299-BA24-E0BD9829D665.png,2TDM,,,,,,
,120,Hybrid,Smiley,9421794,https://imgur.com/a/YRsldB4,4TDM,,,,,,
,121,Trap Guard,pedal,9352891,https://imgur.com/a/3AK5MJI,4TDM,,,,,,
,122,Artillery,Endless,9340186,https://imgur.com/gallery/FHxsqvn,FFA,Legacy,,,,,
,123,Auto Overseer,byekc,9197040,https://cdn.discordapp.com/attachments/1062306642898735186/1144981230048264312/image.png,2TDM,,,,,,
,124,Manager,OnyxD,9166223,https://imgur.com/a/r9Aq35B,2TDM,,,,,,
,125,Surfer,ExC,9101585,https://imgur.com/a/gMCl59z,Open TDM,Legacy,,,,,
,126,Auto Spawner,safuez,9068051,https://cdn.discordapp.com/attachments/928174021592383489/1137072081096425483/safuez.png,2TDM,Legacy,,,,,
,127,Hexa Tank,Mr.Hacker YT,9028737,https://cdn.discordapp.com/attachments/928174021592383489/1144948480629018687/screenshot_-_2023-08-26T035047.271.png,2TDM,,,,,,
,128,Overtrapper,√ñ.,8893606,https://imgur.com/a/gHsKWpQ,2TDM,,,,,,
,129,Hexa Tank,Marcus,8890000,https://cdn.discordapp.com/attachments/559793341143711767/1144659755747512380/image.png,2TDM,TBR,,,,,
,130,Ranger,ascending,8859683,https://imgur.com/a/IxcjRdj,2TDM,,,,,,
,131,Falcon,Quad,8858460,https://imgur.com/a/RKECd8Y,2TDM,,,,,,
,132,Streamliner,ŒπŒ±,8766383,https://imgur.com/a/QOBnWh5,4TDM,,,,,,
,133,Auto Builder,byekc,8757742,https://cdn.discordapp.com/attachments/1044131085463851028/1059885110880645180/Ekran_Goruntusu_4214.png,2TDM,,,,,,
,134,Surfer,Stradpult,8708932,https://media.discordapp.net/attachments/454578417745133580/764495802529087498/unknown.png?width=1204&height=677,FFA,Legacy,,,,,
,135,Overlord,byekc,8685803,https://cdn.discordapp.com/attachments/904322106207121448/977276527479771226/unknown.png,4TDM,,,,,,
,136,Overlord,Marcus,8643569,https://imgur.com/a/90HdDrY,2TDM,,,,,,
,137,Auto Overseer,Skrialik,8631304,https://imgur.com/a/ab0WZDx,4TDM,,,,,,
,138,Destroyer,Smiley,8619700,https://imgur.com/a/aEKAbjg,4TDM,,,,,,
,139,Auto Smasher,Nyrox,8604466,https://imgur.com/a/Q20RDf1,2TDM,,,,,,
,140,Shotgun,ExC,8523960,https://media.discordapp.net/attachments/1146076487875821578/1149111728546779206/image.png,2TDM,TBR,,,,,
,141,Landmine,üéã,8505828,https://media.discordapp.net/attachments/1119046479055691808/1142394110511165532/d4a2abf6-09ec-4f56-96be-2e8f0cce4440.png,2TDM,,,,,,
,142,Manager,Lamp,8498114,https://imgur.com/a/RagDDus,2TDM,,,,,,
,143,Ranger,Mr.Hacker YT,8463785,https://imgur.com/gallery/wtYZgfh,2TDM,,,,,,
,144,Bomber,Vangu,8440849,https://imgur.com/a/V04ayJi,4TDM,,,,,,
,145,Bent Double,Corrupt Y,8432982,https://cdn.discordapp.com/attachments/866023322529955870/1022725741626015764/Screenshot_423.png,2TDM,,,,,,
,146,Armsman,Para,8425280,https://imgur.com/gallery/wpfro1Q,2TDM,,,,,,
,147,Fighter,bean,8398505,https://imgur.com/a/fl82NLN,4TDM,Legacy,,,,,
,148,Manager,Awootube,8384128,https://cdn.discordapp.com/attachments/866023322529955870/1099093084307988550/screenshot_-_2023-04-21T174616.253.png,Portal TDM,,,,,,
,149,Overdrive,Skrialik,8377046,https://imgur.com/a/TLLyeD0,4TDM,,,,,,
,150,Mega Smasher,√ñ.,8344968,https://imgur.com/a/un0HoEd,4TDM,Legacy,,,,,
,151,Streamliner,zo,8333724,https://imgur.com/a/JHXjzF9,4TDM,,,,,,
,152,Auto Overseer,Skrialik,8268140,https://imgur.com/a/Q7cXao1,4TDM,,,,,,
,153,Auto Overseer,ŒπŒ±,8261135,https://imgur.com/gallery/TwABFHF,2TDM,,,,,,
,154,Predator,bum,8253075,https://imgur.com/a/DefXlhW,2TDM,,,,,,
,155,Auto Cruiser,Heatherly,8217163,https://imgur.com/a/L8fSwkK,2TDM,,,,,,
,156,Manager,Roman,8204253,https://imgur.com/a/zicLKBH,2TDM,,,,,,
,157,Manager,duc,8183444,https://cdn.discordapp.com/attachments/559793341143711767/1113845667840933918/8.18m_manager_proof.png,2TDM,,,,,,
,158,Fortress,Slade,8182540,https://cdn.discordapp.com/attachments/928174021592383489/1127068247846563860/screenshot_-_2022-10-19T210321.png,Squads,,,,,,
,159,Annihilator,lamita,8163828,https://media.discordapp.net/attachments/1064783692578426901/1103270636878569472/image.png?width=1202&height=676,2TDM,,,,,,
,160,Auto Overseer,Colon,8159703,https://cdn.discordapp.com/attachments/1115076826809769986/1116131581057306774/IMG_1595.png,4TDM,,,,,,
,161,Surfer,Neptuun,8153199,https://cdn.discordapp.com/attachments/1113618535449624647/1149738761043849226/screenshot_16.png,Maze,Incognito,,,,,
,162,Fighter,ExC,8152846,https://imgur.com/a/dLvBQfH,FFA,Legacy,,,,,
,163,Auto Double,Jess,8151530,https://imgur.com/a/1scHNcj,Squads,,,,,,
,164,Stalker,Para,8140358,https://imgur.com/gallery/AG5tGNV,2TDM,,,,,,
,165,Auto Double,Jackson,8128972,https://imgur.com/a/zubu6Fh,Maze,Incognito,,,,,
,166,Bushwhacker,Slade,8120500,https://cdn.discordapp.com/attachments/950121196870062131/1147753275463053402/screenshot_-_2023-09-02T204656.277.png,2TDM,TBR,,,,,
,167,Auto Spawner,byekc,8112668,https://cdn.discordapp.com/attachments/1051941840863113327/1068961161950793931/Ekran_Goruntusu_4668.png,4TDM,,,,,,
,168,Musket,√ñ.,8108770,https://imgur.com/a/KQMk8mU,2TDM,TBR,,,,,
,169,Manager,Skrialik,8106587,https://imgur.com/a/AjSdAYS,4TDM,,,,,,
,170,Surfer,Corrupt X,8102741,https://imgur.com/a/gMw8tR8,Portal TDM,Legacy,,,,,
,171,Bushwhacker,pedal,8069915,https://imgur.com/a/0gc4KaW,2TDM,,,,,,
,172,Manager,OnyxD,8063415,https://imgur.com/a/BxSYBCw,2TDM,,,,,,
,173,Overlord,Askatasuna,8044462,https://imgur.com/a/zw98bGp,2TDM,,,,,,
,174,Octo Tank,Corrupt Y,8035714,https://imgur.com/a/BCTrVBl,2TDM,,,,,,
,175,Overlord,zo,8027941,https://imgur.com/a/q1rJLCg,2TDM,,,,,,
,176,Streamliner,OnyxD,8010399,https://imgur.com/a/ACbP2HO,4TDM,,,,,,
,177,Gunner Trapper,Slade,8010030,https://cdn.discordapp.com/attachments/928174021592383489/1141016525936009298/screenshot_-_2023-08-14T225010.png,4TDM,TBR,,,,,
,178,Machine Gun,Quad,8007042,https://imgur.com/gmbUiUr,Duos,,,,,,
,179,Necromancer,Marcus,8006279,https://media.discordapp.net/attachments/1095472648886165704/1142860464716521574/screenshot_-_2023-08-20T183918.172.png,2TDM,TBR,,,,,
,180,Spreadshot,Corrupt Y,8004589,https://cdn.discordapp.com/attachments/866023322529955870/1082778849865113620/image.png,2TDM,Incognito,,,,,
,181,Auto Overseer,Awootube,8002776,https://cdn.discordapp.com/attachments/866023322529955870/1109683291633766410/screenshot_-_2023-05-20T213628.506.png,2TDM,,,,,,
,182,Penta Shot,Drokert el LaTaTa,7995818,https://cdn.discordapp.com/attachments/1009229141859643462/1147995505771679794/7.99m_Penta_Shot_2-tdm_6hr_6m_35s.PNG,2TDM,,,,,,
,183,Overseer,Mr.Hacker YT,7909167,https://cdn.discordapp.com/attachments/981241581044637696/1116094539392897054/screenshot_-_2023-03-04T214208.320.png,2TDM,,,,,,
,184,Auto Overseer,Nyrox,7894354,https://imgur.com/a/cipwQuI,4TDM,,,,,,
,185,Manager,Jess,7865891,https://cdn.discordapp.com/attachments/866023322529955870/1120858523455205416/screenshot_-_2023-06-20T170807.983.png,2TDM,,,,,,
,186,Annihilator,Marcus,7861288,https://cdn.discordapp.com/attachments/1104777239725346876/1113552873536622713/screenshot_-_2023-05-31T194719.246.png,Maze 2TDM,,,,,,
,187,Auto Overseer,OnyxD,7806019,https://imgur.com/a/UI8Hls5,2TDM,,,,,,
,188,Auto Assassin,Salla,7788766,https://cdn.discordapp.com/attachments/866023322529955870/1096926557408342136/screenshot_39.png,4TDM,,,,,,
,189,Hunter,Templar,7775630,https://cdn.discordapp.com/attachments/1136619020100059146/1149384164508962947/screenshot_22.png,4TDM,TBR,,,,,
,190,Auto Assassin,Mr.Hacker YT,7741098,https://cdn.discordapp.com/attachments/981241581044637696/1116094851646230671/screenshot_-_2023-01-06T174702.473.png,4TDM,,,,,,
,191,Auto Assassin,Chris3773,7726758,https://cdn.discordapp.com/attachments/559793341143711767/1116505608443666502/screenshot_-_2023-06-08T183631.png,Maze 2TDM,,,,,,
,192,Hybrid,ExC,7704078,https://imgur.com/a/0ojm0vn,Maze 4TDM,,,,,,
,193,Landmine,noscore,7684917,https://cdn.discordapp.com/attachments/866023322529955870/1064812862138220574/screenshot_31.png,4TDM,,,,,,
,194,Overlord,Harry,7670200,https://i.imgur.com/Zu0imcQh.jpg,Portal TDM,,,,,,
,195,Hunter,Templar,7651107,https://cdn.discordapp.com/attachments/1063098062819577927/1143892293988917351/image.png,2TDM,,,,,,
,196,Gunner Trapper,Jess,7625281,https://imgur.com/a/SzBDnyh,Squads,,,,,,
,197,Auto Spawner,ŒπŒ±,7586478,https://cdn.discordapp.com/attachments/928174021592383489/1133836903058247750/screenshot_-_2023-07-25T214346.747.png,2TDM,,,,,,
,198,Overseer,Smiley,7583001,https://imgur.com/a/y3G1z7g,2TDM,,,,,,
,199,Spike,Smiley,7526608,https://imgur.com/a/VnYtt5S,4TDM,,,,,,
,200,Gunner Trapper,üå∑|retnuH,7523323,https://imgur.com/gallery/UUrVgm8,2TDM,,,,,,
,201,Predator,zo,7497088,https://imgur.com/a/VdqzY9c,2TDM,,,,,,
,202,Smasher,Jess,7494683,https://cdn.discordapp.com/attachments/866023322529955870/1127024494037438594/screenshot49.png,4TDM,,,,,,
,203,Rocketeer,byekc,7489909,https://cdn.discordapp.com/attachments/920837868543438878/951964758423273482/unknown_2021.png,Maze 2TDM,,,,,,
,204,Crossbow,Allan,7484728,https://imgur.com/a/VmbiiPb,2TDM,,,,,,
,205,Overlord,Jess,7475910,https://cdn.discordapp.com/attachments/856614995802325032/1086420393402847312/screenshot_-_2023-03-17T183840.081.png,2TDM,,,,,,
,206,Auto Assassin,ascending,7462122,https://imgur.com/a/tTrCUcB,2TDM,,,,,,
,207,Triplet,Roman,7461189,https://imgur.com/a/Fd94BBt,4TDM,,,,,,
,208,Landmine,asd,7447385,https://imgur.com/gallery/F5FT8Dm,4TDM,,,,,,
,209,Single,Chris3773,7443093,https://cdn.discordapp.com/attachments/928174021592383489/1130607330841595935/screenshot_-_2023-07-17T170803.348.png,2TDM,,,,,,
,210,Fighter,Stradpult,7407179,https://media.discordapp.net/attachments/454578417745133580/579267259894333440/unknown.png,FFA,Legacy,,,,,
,211,Surfer,Stradpult,7403118,https://imgur.com/gallery/NPw1Hfj,FFA,Legacy,,,,,
,212,Gunner Trapper,√ñ.,7399397,https://imgur.com/a/a3PP6ce,2TDM,,,,,,
,213,Spike,asd,7399044,https://imgur.com/gallery/Fb8K4hx,4TDM,,,,,,
,214,Bomber,ExC,7386278,https://imgur.com/a/Ckq7LeM,FFA,Legacy,,,,,
,215,Overdrive,rela üê£,7386144,https://imgur.com/gallery/NBxOvsQ,Open TDM,,,,,,
,216,Streamliner,Para,7355978,https://imgur.com/gallery/8MLlYep,2TDM,,,,,,
,217,Mortar,Damocles,7355346,https://imgur.com/a/p2g4PTm,2TDM,Legacy,,,,,
,218,Overlord,z,7350509,https://imgur.com/a/GR8fJpE,4TDM,,,,,,
,219,Auto Spawner,ŒπŒ±,7347899,https://www.youtube.com/watch?v=qDHZWdz_a6M,4TDM,,,,,,
,220,Overgunner,Colon,7336187,https://imgur.com/a/i7bjjnX,2TDM,,,,,,
,221,Smasher,Anto,7328693,https://imgur.com/a/Q2AJHfb,2TDM,,,,,,
,222,Banshee,ascending,7323227,https://imgur.com/a/Kyd3JMy,Portal TDM,,,,,,
,223,Sniper,Quad,7309124,https://imgur.com/a/L1246Ro,4TDM,,,,,,
,224,Auto Overseer,Nyrox,7303346,https://imgur.com/a/8roOPif,2TDM,,,,,,
,225,Necromancer,Chris3773,7296766,https://cdn.discordapp.com/attachments/1138529019541868686/1144476145539108864/screenshot_-_2023-08-24T230412.315.png,2TDM,,,,,,
,226,Bent Double,ŒπŒ±,7296093,https://imgur.com/gallery/68vV8gq,4TDM,,,,,,
,227,Landmine,ŒπŒ±,7277072,https://imgur.com/gallery/73fxyH8,4TDM,,,,,,
,228,Fighter,Stradpult,7275547,https://imgur.com/gallery/I3ip2El,FFA,Legacy,,,,,
,229,Auto Overseer,Templar,7272710,https://cdn.discordapp.com/attachments/866023322529955870/1139202565146411038/image.png,Maze 2TDM,,,,,,
,230,Gunner Trapper,√ñ.,7271725,https://imgur.com/a/PsBbWxk,4TDM,,,,,,
,231,Auto Builder,X...,7269160,https://imgur.com/a/LonZ3nv,2TDM,,,,,,
,232,Manager,Mr.Hacker YT,7264097,https://media.discordapp.net/attachments/1064026177108443180/1143615199006441582/screenshot_-_2023-08-19T221115.565.png?width=1193&height=671,Maze 4TDM,TBR,,,,,
,233,Manager,Jess,7259127,https://cdn.discordapp.com/attachments/856614995802325032/1031276060815396985/screenshot_99.png,2TDM,,,,,,
,234,Bulwark,Quad,7258999,https://imgur.com/a/V5ReyDx,Squads,,,,,,
,235,Overlord,Skrialik,7252148,https://imgur.com/a/zgEeIdk,2TDM,,,,,,
,236,Fighter,Skrialik,7246079,https://imgur.com/a/8mnE7oY,4TDM,Legacy,,,,,
,237,Predator,Yusuf 100,7226927,https://www.youtube.com/watch?v=ZVBnVEf4ulQ,4TDM,Incognito,,,,,
,238,Necromancer,Marcus,7222569,https://imgur.com/a/7YPiqau,2TDM,,,,,,
,239,Auto Tri-Angle,Allan,7219950,https://imgur.com/a/iwBnXB6,2TDM,,,,,,
,240,Overlord,Skrialik,7215745,https://cdn.discordapp.com/attachments/928174021592383489/1141524709318606898/screenshot_-_2023-08-09T211331.png,Maze 2TDM,,,,,,
,241,Bent Hybrid,Quad,7203440,https://imgur.com/a/izc5CcM,Duos,,,,,,
,242,Flank Guard,ZeZo,7191839,https://imgur.com/a/1ezge3c,Portal TDM,,,,,,
,243,Overlord,Armin,7186304,https://imgur.com/a/fbWsmos,Portal TDM,Incognito,,,,,
,244,Bent Hybrid,Neptuun,7155032,https://imgur.com/a/q4o2jbm,Open TDM,Incognito,,,,,
,245,Overdrive,Mr.Hacker YT,7152618,https://imgur.com/gallery/MTZxZtT,2TDM,,,,,,
,246,Octo Tank,Slade,7151032,https://cdn.discordapp.com/attachments/928174021592383489/1141523475358568449/screenshot_-_2023-08-16T174400.578.png,2TDM,,,,,,
,247,Auto Assassin,üå∑|retnuH,7142853,https://imgur.com/gallery/IouGVsb,2TDM,,,,,,
,248,Carrier,Ussnub,7141605,https://cdn.discordapp.com/attachments/1125564247275999282/1157811234616389733/screenshot_65.png?ex=651bf17d&is=651a9ffd&hm=2a4e4f011a9860892a968670a3cadf52d7bd073445fe4f2a924fb403b26314f7&,2TDM,,,,,,
,249,Factory,safuez,7130528,https://cdn.discordapp.com/attachments/941221820810543155/941338879687000064/8tzTqyr_d.png,Maze 4TDM,TBR,,,,,
,250,Auto Smasher,asd,7130429,https://imgur.com/gallery/Ip86Nys,2TDM,,,,,,
,251,Sniper,Stormy,7124716,https://cdn.discordapp.com/attachments/395646588682240020/1097999543821414400/scrnli_4_18_2023_4-36-09_PM.png,2TDM,,,,,,
,252,Auto Smasher,ExC,7118526,https://imgur.com/a/RxNQy8h,4TDM,,,,,,
,253,X-Hunter,Rog456,7109184,https://cdn.discordapp.com/attachments/928174021592383489/1144851786033795142/4255A84D-E373-4283-83D2-6191C63A60BA.png,4TDM,TBR,,,,,
,254,Auto Overseer,Chris3773,7105063,https://imgur.com/gallery/sDl4fwW,2TDM,TBR,,,,,
,255,Necromancer,Roman,7095055,https://imgur.com/a/VtN2eUH,4TDM,,,,,,
,256,Basic,Rog456,7092907,https://cdn.discordapp.com/attachments/928174021592383489/1135765816206426143/904D39D7-AC2D-430B-8967-30999F81E9A5.png,2TDM,,,,,,
,257,Overgunner,Chris3773,7091375,https://cdn.discordapp.com/attachments/1139282331602002081/1139328885402632283/screenshot_-_2023-08-10T184545.240.png,2TDM,TBR,,,,,
,258,Spreadshot,Corrupt Y,7090036,https://cdn.discordapp.com/attachments/866023322529955870/1094021490791420015/image.png,2TDM,,,,,,
,259,Auto Overseer,ZeZo,7084337,https://imgur.com/a/B3CMf5c,4TDM,,,,,,
,260,Spike,bum,7060288,https://imgur.com/a/SUzNNYd,2TDM,,,,,,
,261,Mortar,Mine,7059952,https://imgur.com/a/K4TUup2,2TDM,,,,,,
,262,Smasher,Smiley,7055567,https://imgur.com/a/IEY9Uk3,Maze 2TDM,,,,,,
,263,Fighter,Tommy,7049661,https://cdn.discordapp.com/attachments/801013894805323808/836523024157114468/screenshot_-_2021-04-27T103734.192.png,FFA,Legacy,,,,,
,264,Hexa Tank,Marcus,7048534,https://cdn.discordapp.com/attachments/1136619020100059146/1144330560605524008/screenshot_-_2023-08-24T200100.332.png,Maze 2TDM,TBR,,,,,
,265,Auto Spawner,zo,7046628,https://imgur.com/a/JvEFryu,2TDM,,,,,,
,266,Octo Tank,ü•ïCrazy Carrotü•ï,7045215,https://media.discordapp.net/attachments/875751690765226044/893609531047829514/7.045m_Octo.png?width=1249&height=655,4TDM,,,,,,
,267,Auto Spawner,Mr.Hacker YT,7036500,https://imgur.com/gallery/qaDDl7S,2TDM,Legacy,,,,,
,268,Auto Overseer,UK,7035565,https://cdn.discordapp.com/attachments/1103393068125802537/1148391222562537552/78de19c4-f2ff-42e8-82dc-978ad0faa162.png,2TDM,,,,,,
,269,Smasher,√ñ.,7032477,https://imgur.com/a/OdANkqX,4TDM,,,,,,
,270,Crossbow,Zeph,7030245,https://cdn.discordapp.com/attachments/928174021592383489/1141453730580013186/IMG_7092.jpeg,2TDM,TBR,,,,,
,271,Auto Assassin,chewy pies,7025812,https://cdn.discordapp.com/attachments/395646588682240020/1120509436558069891/Screenshot_851.png,2TDM,,,,,,
,272,Crop Duster,Oganesson 118,7021334,https://imgur.com/gallery/9saovWK,FFA,,,,,,
,273,Overlord,Mr.Hacker YT,7001316,https://cdn.discordapp.com/attachments/1146049737494114356/1147516800460931072/screenshot_-_2023-09-02T060105.022.png,2TDM,TBR,,,,,
,274,Overlord,Thx m8,7000860,https://imgur.com/a/E9FEIS6,2TDM,,,,,,
,275,Flank Guard,rela üê£,6999083,https://imgur.com/gallery/g7L8W8l,Squads,,,,,,
,276,Overlord,Ender,6987025,https://cdn.discordapp.com/attachments/803352420117774377/847950593041498143/screenshot_-_2021-05-28T233002.198.png,4TDM,,,,,,
,277,Landmine,Slade,6983844,https://cdn.discordapp.com/attachments/559793341143711767/1118664416179802273/missing_evidence2.png,4TDM,Legacy,,,,,
,278,Predator,Quad,6974882,https://i.imgur.com/GwHNogC.png,2TDM,,,,,,
,279,Infestor,üéã,6917096,https://cdn.discordapp.com/attachments/1119046479055691808/1147975063891611658/screenshot_-_2023-09-03T140717.png,2TDM,,,,,,
,280,Overlord,Askatasuna,6916194,https://imgur.com/a/u86Ok84,4TDM,,,,,,
,281,Hexa Tank,Mr.Hacker YT,6910714,https://media.discordapp.net/attachments/1136619020100059146/1143468207735312444/screenshot_-_2023-08-22T015041.215.png?width=810&height=456,Maze,,,,,,
,282,Destroyer,Smiley,6903582,https://imgur.com/a/bUsh3es,2TDM,TBR,,,,,
,283,Hexa Tank,Slade,6901999,https://cdn.discordapp.com/attachments/559793341143711767/1118664416179802273/missing_evidence2.png,Squads,,,,,,
,284,Artillery,Endless,6888942,https://imgur.com/gallery/PJziRUu,FFA,,,,,,
,285,Overseer,Skrialik,6847834,https://imgur.com/a/Y3QPrsp,Squads,,,,,,
,286,Annihilator,Thing,6847212,https://imgur.com/a/z6ssqnS,2TDM,,,,,,
,287,Octo Tank,Rog456,6846306,https://cdn.discordapp.com/attachments/1066451260611506236/1097336750654890024/AF5FD7FB-36BC-4D48-96AE-4444070EAF26.png,4TDM,,,,,,
,288,Sidewinder,Rog456,6844707,https://imgur.com/a/N4Oc25M,4TDM,,,,,,
,289,Mortar,Ender,6840775,https://imgur.com/gallery/oOgXAtC,4TDM,,,,,,
,290,Streamliner,Mine,6836778,https://imgur.com/a/roNCtVR,Open Maze TDM,,,,,,
,291,Hybrid,ZeZo,6835983,https://imgur.com/a/Q9hboTE,Portal TDM,,,,,,
,292,Auto Overseer,Harry,6816604,https://imgur.com/a/N9tb1Wb,Portal TDM,,,,,,
,293,Overseer,Lamp,6812006,https://imgur.com/a/LZAtUwv,2TDM,,,,,,
,294,Single,Jess,6791158,https://cdn.discordapp.com/attachments/928174021592383489/1144275940696936468/screenshot112.png,2TDM,,,,,,
,295,Skimmer,byekc,6783359,https://cdn.discordapp.com/attachments/1051941840863113327/1058464984633442426/Ekran_Goruntusu_4075.png,4TDM,,,,,,
,296,Necromancer,Stradpult,6780645,https://imgur.com/gallery/sntRDmQ,2TDM,,,,,,
,297,Spike,huy vn :D,6771510,https://imgur.com/a/7q5wPkO,2TDM,,,,,,
,298,Sniper,jax,6762011,https://cdn.discordapp.com/attachments/928174021592383489/1141807896246628373/Screenshot_2023-08-16_2.png,Maze 4TDM,,,,,,
,299,Overlord,breaking good,6761530,https://cdn.discordapp.com/attachments/866023322529955870/1094177459949289512/screenshot.png,2TDM,,,,,,
,300,Necromancer,Roman,6757462,https://imgur.com/a/4l7WZ5a,2TDM,,,,,,
,301,Auto Spawner,Mr.Hacker YT,6752722,https://imgur.com/gallery/2IDESB4,2TDM,,,,,,
,302,Overlord,ZeZo,6749757,https://imgur.com/a/sVgZHpd,Portal TDM,,,,,,
,303,Maleficitor,Askatasuna,6735630,https://imgur.com/a/Qzy0chW,2TDM,,,,,,
,304,Overlord,Marcus,6731619,https://imgur.com/a/NcdCT2t,4TDM,,,,,,
,305,Hexa Tank,Marcus,6731429,https://cdn.discordapp.com/attachments/1095472648886165704/1137949723983106069/screenshot_-_2023-08-07T052547.389.png,Maze,,,,,,
,306,Streamliner,Para,6689621,https://imgur.com/gallery/45DSSao,2TDM,,,,,,
,307,Auto Overseer,cute sus,6682979,https://imgur.com/a/fFrOFCK,2TDM,,,,,,
,308,Auto Overseer,Jess,6682164,https://imgur.com/a/5gE1jAM,2TDM,,,,,,
,309,Annihilator,Marcus,6666666,https://cdn.discordapp.com/attachments/1095472648886165704/1148254638383054909/screenshot_-_2023-09-04T155327.278.png,4TDM,TBR,,,,,
,310,Necromancer,WL9,6663824,https://imgur.com/gallery/egM5fds,2TDM,,,,,,
,311,Manager,Nyrox,6646470,https://imgur.com/a/LvBdGHe,2TDM,,,,,,
,312,Minigun,Colon,6632297,https://cdn.discordapp.com/attachments/1135707353325518958/1142240053758791771/image.png,2TDM,,,,,,
,313,Auto Overseer,Jess,6612329,https://cdn.discordapp.com/attachments/856614995802325032/1071962521575108648/screenshot_-_2023-02-05T200729.902.png,2TDM,,,,,,
,314,Overlord,ü•ïCrazy Carrotü•ï,6611050,https://imgur.com/a/15vAhcx,4TDM,,,,,,
,315,Annihilator,√ñ.,6601572,https://imgur.com/a/JWeDlf1,Maze 4TDM,,,,,,
,316,Artillery,Skrialik,6592286,https://imgur.com/a/gkGCW3n,Portal TDM,,,,,,
,317,Predator,ASkib,6583355,https://imgur.com/a/Na3ydbW,2TDM,,,,,,
,318,Overlord,Roman,6582927,https://imgur.com/a/n02zxZh,Squads,,,,,,
,319,Annihilator,Nyrox,6580399,https://imgur.com/a/d318aYq,Portal TDM,,,,,,
,320,Banshee,Vangu,6576051,https://imgur.com/a/F1uheRk,2TDM,,,,,,
,321,Constructor,bum,6560796,https://cdn.discordapp.com/attachments/1044121536656850967/1068959321993519155/image.png,4TDM,,,,,,
,322,Overseer,‚ò† ü·¥Ä…¢ –º·¥Äs—Ç·¥á Ä‚ò†,6551825,https://imgur.com/a/KRBVvop,2TDM,,,,,,
,323,Rifle,ŒπŒ±,6544491,https://imgur.com/gallery/vX1UXOk,4TDM,,,,,,
,324,Annihilator,ZeZo,6540888,https://imgur.com/a/Pyfml3q,2TDM,,,,,,
,325,Streamliner,Corrupt X,6539093,https://imgur.com/a/NLtfHb4,2TDM,,,,,,
,326,Commander,Allan,6530341,https://imgur.com/a/fBwMqFC,Maze 2TDM,,,,,,
,327,Hybrid,Crazoodles,6517292,https://media.discordapp.net/attachments/718399206603227136/768205343032999936/unknown.png?,Portal TDM,,,,,,
,328,Boomer,zo,6516562,https://imgur.com/a/YuZHxjj,2TDM,,,,,,
,329,Overseer,Skrialik,6511640,https://imgur.com/a/5BxfCBK,2TDM,,,,,,
,330,Fortress,Colon,6501421,https://imgur.com/a/IIjSNvU,4TDM,,,,,,
,331,Spike,pedal,6495247,https://cdn.discordapp.com/attachments/395646588682240020/581902564216406017/unknown.png,2TDM,,,,,,
,332,Streamliner,Para,6468494,https://media.discordapp.net/attachments/889688731668336640/1009630931641966602/screenshot_-_2022-08-17T143123.517.png?width=1521&height=855,Squads,,,,,,
,333,Artillery,Oganesson 118,6464122,https://imgur.com/gallery/kDahSw9,FFA,Legacy,,,,,
,334,Overdrive,byekc,6461922,https://imgur.com/a/pzIYtDP,2TDM,,,,,,
,335,Manager,ŒπŒ±,6461352,https://imgur.com/gallery/s0BNy6A,4TDM,,,,,,
,336,Auto Overseer,OnyxD,6441866,https://imgur.com/a/xY26tCU,2TDM,,,,,,
,337,Auto Spawner,noscore,6412305,https://cdn.discordapp.com/attachments/866023322529955870/1115628614424207461/screenshot_-_2023-06-06T115534.606.png,Squads,,,,,,
,338,Auto Overseer,ü•ïCrazy Carrotü•ï,6408598,https://imgur.com/a/OLV2ouU,Portal TDM,,,,,,
,339,Bent Hybrid,Harry,6408085,https://imgur.com/a/ei70RC0,Portal TDM,,,,,,
,340,Ranger,i am terenec,6407240,https://cdn.discordapp.com/attachments/866023322529955870/1143798672665092116/screenshot_22.png,2TDM,,,,,,
,341,Auto Overseer,Colon,6396753,https://imgur.com/a/LKjRDKd,2TDM,,,,,,
,342,Auto Double,S3CR3T,6394587,https://imgur.com/a/0bfbeB0,FFA,Legacy,,,,,
,343,Booster,Sprunk,6381585,https://imgur.com/gallery/PZI6SMO,4TDM,,,,,,
,344,Auto Overseer,YT=GLITCHER TM,6370973,https://cdn.discordapp.com/attachments/1062306642898735186/1124412883472752771/Screenshot_2023-06-30_at_14.13.07.png,2TDM,,,,,,
,345,Banshee,byekc,6367556,https://cdn.discordapp.com/attachments/920837868543438878/951965256844984370/Ekran_Goruntusu_1033.png,4TDM,,,,,,
,346,Surfer,Ender,6364544,https://cdn.discordapp.com/attachments/803352420117774377/838126391399546890/screenshot_-_2021-05-01T205348.267.png,FFA,Legacy,,,,,
,347,Manager,zo,6356579,https://imgur.com/a/yLuqmE3,2TDM,,,,,,
,348,Overlord,Slade,6353349,https://cdn.discordapp.com/attachments/559793341143711767/1118664416179802273/missing_evidence2.png,4TDM,,,,,,
,349,Sniper,Armin,6349278,https://imgur.com/a/YQosB9s,Portal TDM,,,,,,
,350,Auto Spawner,„Å≠„Åì„Åç„Çì,6349079,https://imgur.com/a/XspMgzj,4TDM,,,,,,
,351,Triplet,Quad,6347505,https://imgur.com/a/qMZcq7N,FFA,Incognito,,,,,
,352,Auto Spawner,Marcus,6342356,https://cdn.discordapp.com/attachments/1070857541602508812/1117600612687806575/screenshot_-_2023-06-12T014508.128.png,MULTIPLE,,,,,,
,353,Bent Double,2not1üåπ,6332298,https://imgur.com/a/Qucud44,2TDM,Incognito,,,,,
,354,Octo Tank,Slade,6328022,https://imgur.com/hpKmxFp,2TDM,,,,,,
,355,Streamliner,ŒπŒ±,6323686,https://imgur.com/gallery/umI7rCX,4TDM,,,,,,
,356,Auto Overseer,Quad,6322021,https://imgur.com/a/L9nhdMF,4TDM,,,,,,
,357,Smasher,Thx m8,6307262,https://imgur.com/a/gA8MviK,Maze 4TDM,,,,,,
,358,Auto Gunner,Jess,6296224,https://cdn.discordapp.com/attachments/856614995802325032/1058460824890507324/screenshot_-_2022-12-30T140345.444.png,2TDM,,,,,,
,359,Auto Overseer,nonisback,6295510,https://cdn.discordapp.com/attachments/1138529019541868686/1143640245313732618/screenshot_-_2023-08-22T124924.962.png,4TDM,,,,,,
,360,Manager,zo,6286852,https://imgur.com/a/npkAX82,2TDM,,,,,,
,361,Overtrapper,Colon,6282160,https://imgur.com/a/wdNW8fN,2TDM,,,,,,
,362,Destroyer,Skrialik,6272906,https://cdn.discordapp.com/attachments/1141733611599577189/1146546660588130495/screenshot_76.png,2TDM,,,,,,
,363,Auto Smasher,Eternity,6268213,https://imgur.com/a/g4RaV2G,4TDM,,,,,,
,364,Single,ZeZo,6261561,https://imgur.com/a/m60MiVi,Portal TDM,,,,,,
,365,Sniper,Spacebar,6260957,https://imgur.com/a/9EUHnOR,2TDM,Incognito,,,,,
,366,Annihilator,Smiley,6260000,https://www.youtube.com/watch?v=jcVvMD0tIFk,Maze 2TDM,,,,,,
,367,Auto Spawner,Mr.Hacker YT,6256086,https://cdn.discordapp.com/attachments/928174021592383489/1144853911333777418/screenshot_-_2023-08-25T214034.496.png,4TDM,TBR,,,,,
,368,Auto Double,Para,6247002,https://imgur.com/a/xaURB0w,Duos,Incognito,,,,,
,369,Auto Smasher,Colon,6238045,https://media.discordapp.net/attachments/706921138105877056/808789368629231716/screenshot_-_2021-02-09T150000.041.png,4TDM,Legacy,,,,,
,370,Hybrid,Chris3773,6234647,https://cdn.discordapp.com/attachments/866023322529955870/1127983781714853918/screenshot_-_2023-07-10T112404.877.png,Maze,Incognito,,,,,
,371,Octo Tank,Skrialik,6229908,https://cdn.discordapp.com/attachments/1066451260611506236/1134727613257101352/screenshot_-_2023-07-29T015803.547.png,4TDM,,,,,,
,372,Smasher,2not1üåπ,6224389,https://imgur.com/a/u86XFnb,4TDM,,,,,,
,373,Barricade,Roman,6217638,https://imgur.com/a/c4JjDth,FFA,,,,,,
,374,Bent Double,Ussnub,6217536,https://cdn.discordapp.com/attachments/1125564247275999282/1125876611602985062/6.21_mil.png,Open Maze TDM,,,,,,
,375,Auto Cruiser,AstRatJP,6213230,https://imgur.com/a/Jxw2VDR,2TDM,,,,,,
,376,Annihilator,WL9,6203522,https://imgur.com/a/gXeCk43,2TDM,,,,,,
,377,Factory,Jackson,6201335,https://imgur.com/a/75C4K5f,Maze,Incognito,,,,,
,378,Assassin,CX has cute feet,6199971,https://imgur.com/a/BdjKLeG,2TDM,,,,,,
,379,Annihilator,Hydra,6193777,https://imgur.com/a/EdSAm5d,4TDM,,,,,,
,380,Carrier,Heatherly,6188081,https://cdn.discordapp.com/attachments/1107781230138753114/1108523371991412887/screenshot_-_2022-11-01T211827.959-2.png,2TDM,,,,,,
,381,Shotgun,Ender,6187712,https://imgur.com/a/QYuOCUi,4TDM,,,,,,
,382,Streamliner,ŒπŒ±,6178648,https://imgur.com/a/wlY5qbf,2TDM,,,,,,
,383,Auto Assassin,Marcus,6172520,https://imgur.com/a/t4cf0ID,4TDM,,,,,,
,384,Auto Assassin,poly,6161771,https://cdn.discordapp.com/attachments/433431402613309440/1096555411684987022/image.png,2TDM,,,,,,
,385,Nailgun,OnyxD,6161480,https://imgur.com/a/hNhRDTr,2TDM,,,,,,
,386,Overdrive,ŒπŒ±,6161139,https://imgur.com/a/M7NiX5T,4TDM,,,,,,
,387,Surfer,pedal,6157892,https://imgur.com/a/lf5rE4J,Squads,Legacy,,,,,
,388,Ranger,Marcus,6157317,https://imgur.com/a/b7Ep3zd,2TDM,,,,,,
,389,Machine Gunner,TJL,6142439,https://imgur.com/gallery/IkvkAL6,2TDM,,,,,,
,390,Predator,Slade,6141595,https://cdn.discordapp.com/attachments/559793341143711767/1118664416179802273/missing_evidence2.png,4TDM,,,,,,
,391,Auto Assassin,Athu,6139047,https://imgur.com/a/FlZca6E,Duos,,,,,,
,392,Fighter,ü•ïCrazy Carrotü•ï,6136390,https://imgur.com/a/0oxXUPw,FFA,Legacy,,,,,
,393,Sniper,Denied,6134722,https://cdn.discordapp.com/attachments/395646588682240020/557215209727459339/arras.io_-_Google_Chrome_18_03_2019_14_51_35.png,2TDM,,,,,,
,394,Auto Overseer,ŒπŒ±,6124339,https://imgur.com/gallery/4xgvAXo,2TDM,,,,,,
,395,Machine Gunner,Askatasuna,6123848,https://imgur.com/a/RosVNII,2TDM,,,,,,
,396,Predator,Askatasuna,6119927,https://imgur.com/a/YGO8cqe,2TDM,,,,,,
,397,Stalker,ascending,6119505,https://imgur.com/a/jZGC6lz,4TDM,,,,,,
,398,Maleficitor,ü•ïCrazy Carrotü•ï,6117158,https://media.discordapp.net/attachments/479724623093694476/856449841231560723/6.117m_Male.png?,4TDM,,,,,,
,399,Mega Smasher,ŒπŒ±,6116243,https://imgur.com/gallery/XPAg66T,4TDM,,,,,,
,400,Streamliner,„Åµ„Çä„Éº,6112132,https://cdn.discordapp.com/attachments/433431402613309440/1033945193096941599/Screenshot_2022-10-24_12.26.33.png,4TDM,Incognito,,,,,
,401,Bulwark,ZeZo,6089463,https://imgur.com/a/Z2FQEh3,FFA,,,,,,
,402,Builder,Corrupt Y,6089103,https://cdn.discordapp.com/attachments/395646588682240020/1072429975552131122/pkFuR6I.png,2TDM,,,,,,
,403,Octo Tank,<‚ùÇ> ‚Ç≠«ør…áa,6088555,https://imgur.com/gallery/pMSq9sW,2TDM,,,,,,
,404,Gunner Trapper,ŒπŒ±,6080527,https://media.discordapp.net/attachments/1058518265489522771/1099185390889488435/image.png,Portal TDM,,,,,,
,405,Auto Tri-Angle,Allan,6079456,https://imgur.com/a/AlYmN4N,FFA,Legacy,,,,,
,406,Auto Builder,jax,6072617,https://media.discordapp.net/attachments/1130195688093913188/1142538254097322065/YmQW3CU.png?width=810&height=455,2TDM,,,,,,
,407,Auto Overseer,üéã,6069052,https://imgur.com/a/vZ7ly5U,4TDM,,,,,,
,408,Auto Overseer,ŒπŒ±,6066987,https://imgur.com/gallery/LPqFBUd,Open TDM,,,,,,
,409,Overlord,Nyrox,6061391,https://imgur.com/a/MkVmWi1,2TDM,,,,,,
,410,Auto Tri-Angle,Tommy,6059703,https://imgur.com/a/PtTnRvJ,FFA,Legacy,,,,,
,411,Bent Double,Nyrox,6056772,https://imgur.com/a/nHPqKDV,Duos,,,,,,
,412,Spike,Rog456,6052919,https://imgur.com/a/FTIVvxa,FFA,,,,,,
,413,Ordnance,Lamp,6046829,https://imgur.com/a/UIvRyJo,FFA,Legacy,,,,,
,414,Auto-4,Jackson,6044117,https://imgur.com/a/VKB6fFG,FFA,Incognito,,,,,
,415,Bomber,eneri,6042764,https://imgur.com/a/JkqXh6U?,FFA,Legacy,,,,,
,416,Auto Overseer,OnyxD,6040108,https://imgur.com/a/U5qT0ed,2TDM,,,,,,
,417,Auto Tri-Angle,Jms,6038482,https://imgur.com/a/4mgUw8s,FFA,Legacy,,,,,
,418,Auto-5,Skrialik,6034415,https://cdn.discordapp.com/attachments/1066451260611506236/1126708775940800583/screenshot_-_2023-07-06T212313.png,4TDM,,,,,,
,419,Destroyer,üå∑|retnuH,6032980,https://media.discordapp.net/attachments/1139190161482207273/1139190335482896384/screenshot_-_2023-08-10T162832.229.png?width=810&height=455,Maze 2TDM,,,,,,
,420,Auto Overseer,üå∑|retnuH,6032850,https://imgur.com/gallery/R78EfkS,2TDM,,,,,,
,421,Predator,Askatasuna,6031607,https://imgur.com/a/dZPTWjc,Portal TDM,,,,,,
,422,Overdrive,noscore,6025957,https://cdn.discordapp.com/attachments/1146072196117180527/1150924375365795860/screenshot_42.png?ex=652dbc5a&is=651b475a&hm=ab2ab94d15a088e07e2f6aefc282444dd7960f96563ae8317be5736df438282f&,2TDM,TBR,,,,,
,423,Auto Double,Para,6023075,https://cdn.discordapp.com/attachments/866023322529955870/988279828681723904/unknown.png,Duos,,,,,,
,424,Cruiser,ExC,6022893,https://cdn.discordapp.com/attachments/1060695995270303945/1139302187177082962/Screenshot_2110.png,2TDM,TBR,,,,,
,425,Surfer,Roman,6018041,https://imgur.com/a/aaqQ4C9,FFA,Legacy,,,,,
,426,Smasher,Heir,6016456,https://imgur.com/a/MQGCAxP,Portal TDM,,,,,,
,427,Auto Spawner,chewy pies,6015880,https://cdn.discordapp.com/attachments/1129175491253911684/1129213327155933255/image.png,MULTIPLE,,,,,,
,428,Surfer,Stradpult,6012132,https://media.discordapp.net/attachments/454578417745133580/819296181259075594/unknown.png,FFA,Legacy,,,,,
,429,Auto Assassin,Jess,6011922,https://imgur.com/a/UraMA7j,2TDM,,,,,,
,430,Fighter,rela üê£,6010034,https://imgur.com/gallery/s7bkCCe,2TDM,Legacy,,,,,
,431,Triplet,Jess,6008179,https://imgur.com/a/29xgu28,FFA,,,,,,
,432,Overlord,Chris3773,6008059,https://cdn.discordapp.com/attachments/866023322529955870/1152059272964878486/screenshot_-_2023-09-14T205033.027.png,2TDM,TBR,,,,,
,433,Rifle,Para,6007478,https://imgur.com/gallery/PP0Wazl,2TDM,,,,,,
,434,Battleship,Thx m8,6006210,https://imgur.com/a/RmJPAtE,4TDM,,,,,,
,435,Streamliner,Mine,6005872,https://imgur.com/a/L75mZfX,Portal TDM,,,,,,
,436,Auto-5,Mr.Hacker YT,6005406,https://cdn.discordapp.com/attachments/928174021592383489/1130318226904076348/screenshot_-_2023-07-16T042016.368.png,2TDM,TBR,,,,,
,437,Architect,byekc,6005158,https://cdn.discordapp.com/attachments/1130276698353582100/1130279200838909992/image.png,2TDM,TBR,,,,,
,438,Triplet,Legenda,6004224,https://imgur.com/a/OVZmUnJ,4TDM,,,,,,
,439,Overlord,Jess,6002391,https://cdn.discordapp.com/attachments/395646588682240020/1081654724807360675/image.png,2TDM,,,,,,
,440,Hybrid,üå∑|retnuH,6002144,https://cdn.discordapp.com/attachments/866023322529955870/1152574675797430382/screenshot_-_2023-09-16T145734.016.png,2TDM,TBR,,,,,
,441,Overdrive,rela üê£,6001350,https://imgur.com/gallery/0erVnX0,Maze 4TDM,,,,,,
,442,Auto Assassin,Ussnub,6000836,https://cdn.discordapp.com/attachments/1125564247275999282/1125939682983813151/6_mil.png,2TDM,TBR,,,,,
,443,Gunner,Corrupt Y,6000339,https://imgur.com/a/gTtXX3T,2TDM,,,,,,
,444,Auto Spawner,cyan,5996656,https://media.discordapp.net/attachments/1064783692578426901/1120262852293443594/image.png,2TDM,,,,,,
,445,Fighter,Colon,5995452,https://imgur.com/a/ReKmkEM,Open TDM,Legacy,,,,,
,446,Mega Smasher,Colon,5991794,https://imgur.com/a/tDAQxoD,4TDM,Legacy,,,,,
,447,Triplet,lamita,5983746,https://imgur.com/gallery/GNUFWj3,2TDM,,,,,,
,448,Mega Smasher,Rog456,5979885,https://imgur.com/a/ccRh01y,Maze 4TDM,Legacy,,,,,
,449,Spawner,Quad,5974860,https://i.imgur.com/BFgGgPl.png,4TDM,,,,,,
,450,Overlord,ZeZo,5970414,https://imgur.com/a/moNB4T6,Maze,Incognito,,,,,
,451,Auto Assassin,Buddy_Dog,5969107,https://imgur.com/gallery/8aputKI,2TDM,,,,,,
,452,Dual,Crazoodles,5964844,https://imgur.com/gallery/oQcDzZi,4TDM,,,,,,
,453,Stalker,ŒπŒ±,5963579,https://www.youtube.com/watch?v=6KjlVnekVMQ,2TDM,,,,,,
,454,Triplet,ZeZo,5961895,https://imgur.com/a/MUl6vW9,4TDM,,,,,,
,455,Focal,üéã,5950538,https://imgur.com/a/Lv3HAWn,2TDM,,,,,,
,456,Landmine,Legit Developer,5948273,https://imgur.com/a/P2Xepne,2TDM,,,,,,
,457,Artillery,EB,5940513,https://imgur.com/a/GKz66tO,4TDM,Legacy,,,,,
,458,Penta Shot,Rog456,5923344,https://cdn.discordapp.com/attachments/756551564868583516/1120032929280700478/7DF71ACB-E08D-4539-925A-873AFAC31790.png,2TDM,,,,,,
,459,Hunter,Icewalk,5918073,https://imgur.com/gallery/QzKjpRN,4TDM,Legacy,,,,,
,460,Overdrive,Mythical,5905446,https://imgur.com/a/hv4bGjk,4TDM,,,,,,
,461,Surfer,Stradpult,5887844,https://media.discordapp.net/attachments/454578417745133580/792779223999184906/unknown.png,FFA,Legacy,,,,,
,462,Sniper,Skrialik,5886332,https://imgur.com/a/BbuhV4X,4TDM,,,,,,
,463,Auto Overseer,‚ò† ü·¥Ä…¢ –º·¥Äs—Ç·¥á Ä‚ò†,5884155,https://imgur.com/a/RyekXXO,4TDM,,,,,,
,464,Bent Double,Tommy,5881966,https://imgur.com/a/WpMP67P,FFA,,,,,,
,465,Auto Spawner,byekc,5879617,https://imgur.com/a/uV9goB2,4TDM,,,,,,
,466,Auto Assassin,toxic,5873890,https://imgur.com/a/WHum9B4,2TDM,,,,,,
,467,Necromancer,Roman,5863283,https://imgur.com/a/nND8PFf,4TDM,,,,,,
,468,Auto Smasher,Rog456,5856275,https://cdn.discordapp.com/attachments/790127153223434240/791297225849569300/unknown.png,4TDM,,,,,,
,469,Predator,Allan,5847826,https://imgur.com/a/HsucXJv,Duos,,,,,,
,470,Fighter,rela üê£,5846357,https://cdn.discordapp.com/attachments/981241581044637696/1135192893334757377/image_9.png,4TDM,,,,,,
,471,Hexa Trapper,üå∑|retnuH,5843597,https://cdn.discordapp.com/attachments/1139190161482207273/1140668232148209715/screenshot_-_2023-08-14T181811.769.png,2TDM,,,,,,
,472,Auto Spawner,rela üê£,5836425,https://media.discordapp.net/attachments/725995383800594488/845603400895823882/unknown.png,Squads,,,,,,
,473,Mortar,S3CR3T,5831070,https://cdn.discordapp.com/attachments/395646588682240020/596324341415804938/Kepernyofelvetel_50.png,FFA,Legacy,,,,,
,474,Overtrapper,√ñ.,5829852,https://imgur.com/a/cqaEH5b,4TDM,,,,,,
,475,Mega Smasher,Sonic -_-,5825518,https://imgur.com/gallery/OskzDDa,4TDM,Legacy,,,,,
,476,Falcon,OnyxD,5821096,https://imgur.com/a/pyBABD5,2TDM,,,,,,
,477,Overlord,Vangu,5819366,https://imgur.com/gallery/t51tKNK,4TDM,,,,,,
,478,Triple Shot,<‚ùÇ> ‚Ç≠«ør…áa,5813629,https://imgur.com/gallery/5auaT4L,Squads,,,,,,
,479,Streamliner,Hellitica,5802534,https://imgur.com/a/Eqptz9w,Maze 2TDM,,,,,,
,480,Auto Double,Zeph,5792024,https://imgur.com/a/mmd4hTy,4TDM,,,,,,
,481,Fighter,Skrialik,5787446,https://imgur.com/a/lmVyHqu,Squads,Legacy,,,,,
,482,Overlord,Abience,5785500,https://cdn.discordapp.com/attachments/433431402613309440/1134726494783029300/screenshot.png,2TDM,,,,,,
,483,Auto Overseer,Neptuun,5785337,https://imgur.com/a/RjPobCM,Open TDM,Incognito,,,,,
,484,Fighter,Skrialik,5781095,https://imgur.com/a/pmHJqj8,2TDM,Legacy,,,,,
,485,Smasher,Jake,5778090,https://imgur.com/a/nYMCl04,4TDM,,,,,,
,486,Auto Double,Para,5775516,https://imgur.com/a/vWGcorK,4TDM,,,,,,
,487,Assembler,Chris3773,5775496,https://cdn.discordapp.com/attachments/866023322529955870/1138550291466289303/screenshot_-_2023-08-08T150811.591.png,2TDM,,,,,,
,488,Overlord,ZeZo,5768205,https://imgur.com/a/7lbcBEB,Maze,Incognito,,,,,
,489,Triplet,Roman,5764475,https://imgur.com/a/bvpYU47,Squads,,,,,,
,490,Smasher,asd,5764446,https://imgur.com/gallery/Oa7q1nx,4TDM,,,,,,
,491,Overseer,Skrialik,5761622,https://imgur.com/a/TFitCep,Maze 2TDM,,,,,,
,492,Auto Overseer,Awootube,5760350,https://imgur.com/a/F9hkQfn,4TDM,,,,,,
,493,Cyclone,√ñ.,5753120,https://imgur.com/a/WccOoCk,FFA,,,,,,
,494,Manager,Roman,5752590,https://imgur.com/a/HB54PUa,Duos,,,,,,
,495,Smasher,asd,5749515,https://imgur.com/a/t7Z08BS,4TDM,,,,,,
,496,Landmine,byekc,5748908,https://cdn.discordapp.com/attachments/842760500571537419/1070065913476436170/Ekran_Goruntusu_4865.png,2TDM,,,,,,
,497,Overlord,Jess,5745327,https://imgur.com/a/srOF9Yd,4TDM,,,,,,
,498,Assassin,CX has cute feet,5743999,https://imgur.com/a/0zPMi1T,2TDM,,,,,,
,499,Banshee,Neptuun,5741778,https://imgur.com/a/hYVosok,Open TDM,Incognito,,,,,
,500,Auto Overseer,Colon,5740746,https://imgur.com/a/eSHe9oU,4TDM,,,,,,
,501,Boomer,chewy pies,5732405,https://imgur.com/a/NCI0r8z,4TDM,,,,,,
,502,Field Gun,Corrupt X,5722382,https://www.youtube.com/watch?v=Zws-kneRctI,Maze,Incognito,,,,,
,503,Carrier,Ussnub,5713176,https://cdn.discordapp.com/attachments/1125564247275999282/1125852686210834503/5.71_mil.png,2TDM,,,,,,
,504,Overdrive,Colon,5712588,https://imgur.com/a/ocUFZKr,Portal TDM,,,,,,
,505,Auto Cruiser,breaking good,5705847,https://media.discordapp.net/attachments/731498658276835398/1056156894844166144/screenshot.png,2TDM,,,,,,
,506,Carrier,Chris3773,5699224,https://cdn.discordapp.com/attachments/928174021592383489/1145063599409205248/screenshot_-_2023-08-16T145752.png,2TDM,,,,,,
,507,Hunter,Corrupt X,5690869,https://imgur.com/a/n456zbl,4TDM,Legacy,,,,,
,508,Necromancer,bean,5685298,https://cdn.discordapp.com/attachments/395646588682240020/1127167220477329440/screenshot_61.png,2TDM,,,,,,
,509,Auto Smasher,ŒπŒ±,5683540,https://cdn.discordapp.com/attachments/866023322529955870/1099848790015475814/screenshot_-_2023-04-23T170009.png,Open TDM,,,,,,
,510,Predator,byekc,5682299,https://cdn.discordapp.com/attachments/1080480829001695302/1096955858090463252/image.png,4TDM,,,,,,
,511,Overlord,Stradpult,5679922,https://media.discordapp.net/attachments/454578417745133580/818586541759791124/unknown.png,4TDM,,,,,,
,512,Architect,132,5679479,https://cdn.discordapp.com/attachments/559793341143711767/1114337259790008361/screenshot_25.png,Squads,,,,,,
,513,Commander,Darky,5670000,https://media.discordapp.net/attachments/559793341143711767/1138843389408858202/image.png?width=1193&height=671,2TDM,,,,,,
,514,Necromancer,ŒπŒ±,5661615,https://cdn.discordapp.com/attachments/928174021592383489/1141470314539270256/screenshot_-_2023-08-16T133120.420.png,2TDM,,,,,,
,515,Bulwark,Marcus,5660964,https://imgur.com/a/iyMOApn,2TDM,,,,,,
,516,Auto Double,Crazoodles,5656830,https://imgur.com/gallery/sVbxrQt,4TDM,,,,,,
,517,Overlord,zo,5655616,https://imgur.com/a/ERun9aK,2TDM,,,,,,
,518,Auto Overseer,Septerion,5655265,https://imgur.com/gallery/z5lWEt5,4TDM,,,,,,
,519,Booster,hai2,5654226,https://cdn.discordapp.com/attachments/866023322529955870/1152904635443593247/image.png,4TDM,Incognito,,,,,
,520,Smasher,√ñ.,5647610,https://imgur.com/a/xKSiDIm,4TDM,,,,,,
,521,Overgunner,Dard√∏ ÂØù„Çã,5646029,https://imgur.com/a/alVp9fB,2TDM,,,,,,
,522,Triplet,fortune,5644179,https://cdn.discordapp.com/attachments/790127153223434240/818007186902351912/unknown.png,4TDM,,,,,,
,523,Landmine,Colon,5643728,https://imgur.com/a/73pz0Gb,4TDM,Legacy,,,,,
,524,Necromancer,Quad,5642050,https://imgur.com/a/m9DY4r7,4TDM,,,,,,
,525,Mortar,Corrupt X,5638192,https://www.youtube.com/watch?v=RVB-tWpv0Ro,Maze 4TDM,Legacy,,,,,
,526,Musket,Corrupt Y,5628469,https://imgur.com/a/7DFCVE7,2TDM,,,,,,
,527,Auto Overseer,üå∑|retnuH,5624235,https://cdn.discordapp.com/attachments/1107730040151609418/1109776983962943598/screenshot_-_2023-05-21T123511.971.png,2TDM,,,,,,
,528,Streamliner,Slade,5620307,https://cdn.discordapp.com/attachments/559793341143711767/1118664416179802273/missing_evidence2.png,Portal TDM,,,,,,
,529,Pounder,ExC,5617577,https://imgur.com/a/9yvoUuo,4TDM,,,,,,
,530,Overtrapper,OnyxD,5612202,https://cdn.discordapp.com/attachments/866023322529955870/1097629769543196786/screenshot_-_2023-04-17T160830.240.png,2TDM,,,,,,
,531,Whirl Guard,zo,5611907,https://cdn.discordapp.com/attachments/866023322529955870/1150226276406276126/IMG_0054.png,2TDM,,,,,,
,532,Twin,rela üê£,5610574,https://imgur.com/gallery/vmtO4ha,Squads,,,,,,
,533,Artillery,Quad,5610404,https://imgur.com/a/Ld0MHcV,Squads,,,,,,
,534,Landmine,Jess,5606270,https://cdn.discordapp.com/attachments/856614995802325032/1014280822037160067/unknown.png,2TDM,,,,,,
,535,Director,ascending,5603241,https://imgur.io/a/5Rcz5e4,4TDM,,,,,,
,536,Landmine,Lamp,5599703,https://imgur.com/a/OPHKKnF,2TDM,,,,,,
,537,Overlord,Quad,5598975,https://i.imgur.com/f96drL8.png,4TDM,,,,,,
,538,Auto Tri-Angle,Smiley,5596205,https://imgur.com/a/Tio3ewq,FFA,Legacy,,,,,
,539,Fighter,ExC,5595985,https://cdn.discordapp.com/attachments/395646588682240020/837003526529744926/Screenshot_942.png,2TDM,Legacy,,,,,
,540,Swarmer,Skrialik,5595848,https://imgur.com/a/hbosxz1,Open TDM,,,,,,
,541,Booster,Roman,5594437,https://imgur.com/a/XcYlRBH,FFA,Legacy,,,,,
,542,Boomer,Slade,5594392,https://cdn.discordapp.com/attachments/1044121536656850967/1048852645869269102/NZz5YFD.png,Squads,,,,,,
,543,Bent Double,ŒπŒ±,5591142,https://imgur.com/gallery/cDWX1Ax,Squads,,,,,,
,544,Overdrive,Colon,5589310,https://cdn.discordapp.com/attachments/1115076826809769986/1116130855031681124/IMG_1592.png,2TDM,,,,,,
,545,Auto Gunner,Skrialik,5584575,https://imgur.com/a/lQv6sRL,Maze,Incognito,,,,,
,546,Streamliner,Broken,5582016,https://imgur.com/a/KTTA0aJ,2TDM,,,,,,
,547,Tri-Angle,Neptuun,5579843,https://imgur.com/gallery/mUhrYoO,Open TDM,Incognito,,,,,
,548,Predator,Lamp,5572181,https://cdn.discordapp.com/attachments/928174021592383489/1138323721355014164/5.57mPredDisc.png,2TDM,TBR,,,,,
,549,Auto Overseer,Colon,5569343,https://cdn.discordapp.com/attachments/866023322529955870/1106304462865322105/screenshot_-_2023-03-25T195025.783.png,4TDM,,,,,,
,550,Overlord,Jess,5565542,https://imgur.com/a/AQOle8x,2TDM,,,,,,
,551,Phoenix,Colon,5565130,https://cdn.discordapp.com/attachments/1115076826809769986/1116131360369823765/screenshot_-_2023-02-26T035548.425.png,Open TDM,Incognito,,,,,
,552,Director,Slade,5557653,https://cdn.discordapp.com/attachments/1044131085463851028/1045212268452921385/screenshot_-_2022-11-24T003836.449.png,2TDM,,,,,,
,553,Overlord,Lamp,5552585,https://imgur.com/a/hBz8uwk,2TDM,,,,,,
,554,Manager,Marcus,5551649,https://cdn.discordapp.com/attachments/1093666415946506250/1113897619652092075/screenshot_-_2023-06-01T202755.252.png,2TDM,,,,,,
,555,Auto Double,Quad,5551231,https://imgur.com/a/QzkoH2r,Maze,Incognito,,,,,
,556,Hunter,ExC,5550000,https://cdn.discordapp.com/attachments/928174021592383489/1123815878706864169/image.png,2TDM,,,,,,
,557,Overlord,Vangu,5540402,https://imgur.com/gallery/C0GxK5U,4TDM,,,,,,
,558,Necromancer,Corrupt Y,5539762,https://imgur.com/a/DAz2HEd,2TDM,,,,,,
,559,Basic,JellySnk,5539118,https://imgur.com/a/hjwd7OZ,FFA,,,,,,
,560,Overseer,Quad,5534395,https://imgur.com/a/AlSObdY,2TDM,,,,,,
,561,Machine Gun,Sprunk,5528445,https://imgbb.com/GTT9NkJ,2TDM,,,,,,
,562,Auto Assassin,Colon,5518998,https://cdn.discordapp.com/attachments/1115076826809769986/1116130701213970504/IMG_1591.png,2TDM,,,,,,
,563,Bent Hybrid,mq,5518921,https://imgur.com/a/hPqyU7i,FFA,,,,,,
,564,Stalker,Nyrox,5517601,https://imgur.com/a/yQfndMY,2TDM,,,,,,
,565,Auto-5,Skrialik,5517223,https://imgur.com/a/2mpGT7d,Squads,,,,,,
,566,Smasher,Mine,5511556,https://imgur.com/a/NqgM6SU,4TDM,,,,,,
,567,Auto Cruiser,Zeph,5510788,https://imgur.com/a/oz8dNxj,4TDM,Incognito,,,,,
,568,Sprayer,OnyxD,5508883,https://imgur.com/a/pqiyDuh,2TDM,,,,,,
,569,Auto-5,Skrialik,5507442,https://imgur.com/a/3JdoNT2,FFA,,,,,,
,570,Beekeeper,Slade,5506615,https://cdn.discordapp.com/attachments/559793341143711767/1118664416179802273/missing_evidence2.png,Squads,,,,,,
,571,Constructor,Smiley,5505789,https://imgur.com/a/oI2w1qu,4TDM,,,,,,
,572,Auto Gunner,Nyrox,5503364,https://imgur.com/a/YgqAZCB,Portal TDM,,,,,,
,573,Sniper,Slade,5503014,https://cdn.discordapp.com/attachments/928174021592383489/1138322206598909982/screenshot_-_2023-08-08T000440.226.png,2TDM,TBR,,,,,
,574,Bent Hybrid,rela üê£,5501606,https://imgur.com/gallery/XK8LFwK,Squads,,,,,,
,575,Overlord,Mr.Hacker YT,5496410,https://cdn.discordapp.com/attachments/981241581044637696/1129883527660449952/screenshot_-_2023-07-14T030713.991.png,2TDM,,,,,,
,576,Mortar,S3CR3T,5495967,https://cdn.discordapp.com/attachments/395646588682240020/673554637495992320/Kepernyofelvetel_134.png,FFA,Legacy,,,,,
,577,Smasher,ŒπŒ±,5495167,https://imgur.com/gallery/1uCwB1C,2TDM,,,,,,
,578,Fighter,Thing,5492122,https://imgur.com/a/1MxK9Gy,4TDM,,,,,,
,579,Auto Overseer,Septerion,5491359,https://imgur.com/oBgS5e5,2TDM,,,,,,
,580,Auto Spawner,sleepy_tired_user,5488702,https://cdn.discordapp.com/attachments/866023322529955870/1156032661450653737/screenshot_17.png?ex=65137ed0&is=65122d50&hm=518188936b596d9f94571655c776efe0097979e5705bd037f488e56340a4a07d&,2TDM,,,,,,
,581,Spike,Stradpult,5485864,https://media.discordapp.net/attachments/360882315200823297/551463467199234049/unknown.png,FFA,,,,,,
,582,Hybrid,Anto,5481322,https://imgur.com/a/MamNhGa,Maze 2TDM,,,,,,
,583,Constructor,Quad,5478109,https://imgur.com/a/docOyVN,Squads,,,,,,
,584,Fighter,ExC,5475708,https://imgur.com/a/5LctQUy,2TDM,Legacy,,,,,
,585,Overdrive,Nyrox,5470925,https://imgur.com/a/jzSqG7k,4TDM,,,,,,
,586,Gunner Trapper,jah,5469041,https://cdn.discordapp.com/attachments/433431402613309440/877136691188604948/unknown.png,2TDM,,,,,,
,587,Factory,Athu,5455578,https://cdn.discordapp.com/attachments/1089763071788072980/1111650170166317167/screenshot_-_2023-05-26T190739.740.png,Maze 2TDM,,,,,,
,588,Fighter,Legenda,5451550,https://imgur.com/a/C1QrtmX,2TDM,Legacy,,,,,
,589,Single,pedal,5449715,https://imgur.com/a/4Tf07e3,2TDM,,,,,,
,590,Auto Spawner,OnyxD,5445594,https://cdn.discordapp.com/attachments/866023322529955870/1105983091312431114/IMG_0081.png,2TDM,,,,,,
,591,Overlord,Jess,5445546,https://cdn.discordapp.com/attachments/856614995802325032/1087099261512061048/screenshot_-_2023-03-19T152913.171.png,2TDM,,,,,,
,592,Assassin,Stradpult,5432375,https://imgur.com/a/6d4Qted,2TDM,,,,,,
,593,Sniper,ascending,5428182,https://imgur.com/a/w2Y0fX8,4TDM,,,,,,
,594,Overlord,ü•ïCrazy Carrotü•ï,5422667,https://imgur.com/a/KJy2g6R,FFA,,,,,,
,595,Necromancer,Roman,5407640,https://cdn.discordapp.com/attachments/800406212700012544/841396980386234428/image0.png,2TDM,,,,,,
,596,Conqueror,Ussnub,5402095,https://cdn.discordapp.com/attachments/1125564247275999282/1129556286523064472/screenshot_30.png,MULTIPLE,Incognito,,,,,
,597,Auto Overseer,Corrupt Y,5398486,https://imgur.com/a/rgbgopb,Portal TDM,,,,,,
,598,Spike,IXIII,5393246,https://i.imgur.com/cJMqta7.png,4TDM,,,,,,
,599,Banshee,Allan,5388510,https://imgur.com/a/kDyvcW1,Squads,,,,,,
,600,Triplet,fortune,5387359,https://imgur.com/a/NjqlomY,4TDM,,,,,,
,601,Streamliner,Slade,5387149,https://cdn.discordapp.com/attachments/559793341143711767/1118664416179802273/missing_evidence2.png,Duos,,,,,,
,602,Hexa Tank,Rog456,5381607,https://cdn.discordapp.com/attachments/756551564868583516/1120032930786443315/5AF1FFB3-1DC3-45B6-82F7-F7B07FA68FC6.png,4TDM,,,,,,
,603,Destroyer,rela üê£,5370528,https://imgur.com/gallery/KzjQVbi,Squads,,,,,,
,604,Overtrapper,Lamp,5366278,https://imgur.com/a/1gtY0u8,2TDM,,,,,,
,605,Auto Assassin,cute sus,5363276,https://imgur.com/a/VokB7qL,2TDM,,,,,,
,606,Battleship,Askatasuna,5362789,https://imgur.com/a/LhwiWU1,Portal TDM,,,,,,
,607,Auto Tri-Angle,ŒπŒ±,5362586,https://imgur.com/gallery/gwa1PQC,4TDM,,,,,,
,608,Overdrive,Allan,5359741,https://imgur.com/a/Gu091ns,Duos,,,,,,
,609,Overdrive,byekc,5358534,https://imgur.com/a/Oa347JF,4TDM,,,,,,
,610,Auto Assassin,Mr.Hacker YT,5355888,https://imgur.com/gallery/7bTomXS,Squads,,,,,,
,611,Fighter,noscore,5350000,https://cdn.discordapp.com/attachments/928174021592383489/1137013079503286403/image.png,4TDM,,,,,,
,612,Auto Assassin,Stormy,5340891,https://cdn.discordapp.com/attachments/866023322529955870/1094096159863214120/arras.png,2TDM,,,,,,
,613,Armsman,safuez,5339820,https://imgur.com/gallery/3qR1rou,Squads,,,,,,
,614,Annihilator,ExC,5334915,https://imgur.com/a/ccT9sMd,FFA,,,,,,
,615,Octo Tank,ZeZo,5333629,https://imgur.com/a/aFpSMbR,FFA,,,,,,
,616,Overseer,Lamp,5326134,https://imgur.com/a/kXmZgQc,2TDM,,,,,,
,617,Auto-5,Skrialik,5325571,https://imgur.com/a/jg7z7Jy,Squads,Legacy,,,,,
,618,Fighter,Stradpult,5324842,https://imgur.com/gallery/x1DyvFb,FFA,Legacy,,,,,
,619,Manager,üéã,5324015,https://imgur.com/a/P8CjD55,4TDM,,,,,,
,620,Mega Smasher,Mine,5323051,https://imgur.com/a/eGL3oVk,Maze 2TDM,,,,,,
,621,Mega-3,jugg,5317223,https://imgur.com/gallery/aJG6Ecg,Squads,,,,,,
,622,Auto Assassin,Mr.Hacker YT,5316503,https://media.discordapp.net/attachments/1064026218527207564/1137778979244347563/screenshot_-_2023-08-05T220755.959.png?width=810&height=456,2TDM,,,,,,
,623,Overlord,Vangu,5316202,https://imgur.com/gallery/zqKaD69,4TDM,,,,,,
,624,Hewn Double,ejv,5315542,https://imgur.com/gallery/IegJwb7,Squads,,,,,,
,625,Smasher,asd,5310765,https://imgur.com/a/4WF66wo,4TDM,,,,,,
,626,Landmine,Stradpult,5310738,https://imgur.com/gallery/X1fkZdU,4TDM,,,,,,
,627,Overlord,Quad,5302524,https://imgur.com/a/pgtBKXX,Open TDM,,,,,,
,628,Spawner,cute sus,5299725,https://imgur.com/a/pp6VoQZ,2TDM,,,,,,
,629,Manager,YT=GLITCHER TM,5298441,https://imgur.com/a/JGblY8D,2TDM,Incognito,,,,,
,630,Swarmer,Slade,5297132,https://cdn.discordapp.com/attachments/559793341143711767/1118664416179802273/missing_evidence2.png,4TDM,,,,,,
,631,Fighter,Slade,5295233,https://cdn.discordapp.com/attachments/559793341143711767/1118664416179802273/missing_evidence2.png,FFA,Legacy,,,,,
,632,Musket,Nguyen,5294972,https://imgur.com/a/WDEULiE,Maze,Incognito,,,,,
,633,Fighter,ExC,5294921,https://imgur.com/gallery/9fK5pUE,4TDM,Legacy,,,,,
,634,Spike,IXIII,5289792,https://i.imgur.com/yg5NUMA.png,4TDM,,,,,,
,635,Trap Guard,Skrialik,5285506,https://imgur.com/a/YeXUiEg,Squads,,,,,,
,636,Auto Tri-Angle,ZeZo,5282002,https://imgur.com/a/48tSSqc,FFA,Legacy,,,,,
,637,Gunner Trapper,PQD[VN](DVN),5280550,https://imgur.com/a/EuLkelN,Squads,,,,,,
,638,Auto Spawner,Colon,5280000,https://cdn.discordapp.com/attachments/559793341143711767/1116134893852835861/colon5maspproof.png,Squads,,,,,,
,639,Auto Double,Skrialik,5279384,https://imgur.com/a/V4lyoWF,Squads,,,,,,
,640,Overdrive,Psychlow,5278410,https://media.discordapp.net/attachments/412402908462710784/560882900124434460/Screen_Shot_2019-03-28_at_1.47.25_PM.png?,2TDM,,,,,,
,641,Manager,ŒπŒ±,5276420,https://imgur.com/gallery/JCbDiYn,2TDM,,,,,,
,642,Nailgun,Mr.Hacker YT,5273964,https://imgur.com/gallery/ArJsh5t,Squads,,,,,,
,643,Hexa Tank,ZeZo,5269394,https://imgur.com/a/0wBIgc4,FFA,,,,,,
,644,Auto Spawner,ASkib,5268130,https://cdn.discordapp.com/attachments/981241581044637696/1118588854434275339/image.png,2TDM,,,,,,
,645,Shotgun,ZeZo,5266848,https://imgur.com/a/MgRXM1w,FFA,,,,,,
,646,Annihilator,Marcus,5264445,https://imgur.com/a/O21GRKU,2TDM,,,,,,
,647,Landmine,Quad,5259589,https://imgur.com/a/KNxXuHG,2TDM,,,,,,
,648,Twin,Slade,5257189,https://cdn.discordapp.com/attachments/928174021592383489/1144107143117688892/dYhMlHk.png,Squads,,,,,,
,649,Streamliner,Marcus,5255637,https://imgur.com/a/nfKuyXK,4TDM,,,,,,
,650,Manager,Colon,5255050,https://cdn.discordapp.com/attachments/559793341143711767/1116184674394456165/screenshot_-_2023-06-07T215513.png,4TDM,,,,,,
,651,Stalker,Mr.Hacker YT,5254626,https://cdn.discordapp.com/attachments/981241581044637696/1116094851960799296/screenshot_-_2023-01-17T204838.095.png,Open TDM,,,,,,
,652,Bent Hybrid,Quad,5253566,https://i.imgur.com/jfUP22F.png,FFA,,,,,,
,653,Overlord,Nyrox,5250819,https://i.imgur.com/YnuUQEt.png,4TDM,,,,,,
,654,Skimmer,ZeZo,5250579,https://imgur.com/a/42aQCaz,2TDM,,,,,,
,655,Battleship,jugg,5249935,https://imgur.com/gallery/gVmGx97,Open TDM,,,,,,
,656,Minigun,EB,5247509,https://imgur.com/a/NZZIImh,FFA,,,,,,
,657,Destroyer,Chaos,5247505,https://imgur.com/a/PUe3YPW,Duos,,,,,,
,658,Smasher,Smiley,5243099,https://imgur.com/a/isl3Shd,2TDM,,,,,,
,659,Commander,Thing,5243074,https://imgur.com/a/YVxSyQH,4TDM,,,,,,
,660,Overseer,Slade,5240655,https://cdn.discordapp.com/attachments/559793341143711767/1118664416179802273/missing_evidence2.png,2TDM,,,,,,
,661,Manager,Hope,5233002,https://imgur.com/a/NCATxbu,4TDM,,,,,,
,662,Mortar,Otobus,5231535,https://imgur.com/a/mZ654Tc,Squads,,,,,,
,663,Streamliner,Para,5229041,https://imgur.com/gallery/fiqYjba,4TDM,,,,,,
,664,Manager,Jess,5228513,https://cdn.discordapp.com/attachments/856614995802325032/1028731350808789063/unknown.png,2TDM,,,,,,
,665,Landmine,asd,5224008,https://imgur.com/gallery/UuDS6Xr,4TDM,,,,,,
,666,Overlord,Colon,5223205,https://cdn.discordapp.com/attachments/1115076826809769986/1116130927572176996/IMG_1593.png,4TDM,,,,,,
,667,Streamliner,WL9,5220128,https://imgur.com/gallery/NGuu8Ot,2TDM,,,,,,
,668,Overlord,ZeZo,5219667,https://imgur.com/a/QooBlP0,Maze,Incognito,,,,,
,669,Auto Overseer,Askatasuna,5219397,https://imgur.com/a/NZeNI2o,2TDM,,,,,,
,670,Manager,From Asia,5219062,https://imgur.com/a/wWkG8m2,4TDM,,,,,,
,671,Smasher,Anto,5214030,https://imgur.com/a/eS87qcI,2TDM,,,,,,
,672,Factory,Smiley,5213429,https://imgur.com/a/DKfSuzN,2TDM,,,,,,
,673,Eagle,Mine,5212543,https://imgur.com/a/GOdj6mr,2TDM,,,,,,
,674,Octo Tank,lTorenn,5211329,https://cdn.discordapp.com/attachments/866023322529955870/1099334190845136906/screenshot_-_2023-04-22T150011.374.png,2TDM,Incognito,,,,,
,675,Auto Overseer,Roman,5206773,https://imgur.com/a/gwbOwor,4TDM,,,,,,
,676,Necromancer,ü•ïCrazy Carrotü•ï,5205121,https://media.discordapp.net/attachments/579412094986878976/857211834372063242/screenshot_22.png?,4TDM,,,,,,
,677,Falcon,Skrialik,5201563,https://imgur.com/a/mGasGO0,4TDM,,,,,,
,678,Fighter,Myst,5198968,https://imgur.com/a/8sd5dU2,4TDM,Legacy,,,,,
,679,Machine Gun,ZeZo,5198845,https://imgur.com/a/kAXpOb7,FFA,,,,,,
,680,Barricade,EB,5197859,https://imgur.com/a/yiKmIFM,FFA,,,,,,
,681,Crossbow,MR SEX,5195666,https://cdn.discordapp.com/attachments/866023322529955870/1134449243747274813/crossbow_5m.jpg,2TDM,,,,,,
,682,Booster,bean,5194668,https://imgur.com/a/E6LnBse,Portal TDM,,,,,,
,683,Surfer,Stradpult,5194435,https://media.discordapp.net/attachments/454578417745133580/816691830765649971/unknown.png,FFA,Legacy,,,,,
,684,Constructor,Nyrox,5193245,https://imgur.com/a/VDG19hN,4TDM,,,,,,
,685,Auto Builder,cyan,5190544,https://cdn.discordapp.com/attachments/866023322529955870/1024988774612078692/unknown.png,4TDM,,,,,,
,686,Gunner Trapper,pedal,5189255,https://imgur.com/a/67G4fsY,4TDM,,,,,,
,687,Auto Smasher,byekc,5188911,https://cdn.discordapp.com/attachments/1080480829001695302/1096955896556433530/image.png,4TDM,,,,,,
,688,Falcon,ŒπŒ±,5186480,https://imgur.com/gallery/GWEErve,Squads,,,,,,
,689,Ranger,Jess,5184695,https://cdn.discordapp.com/attachments/866023322529955870/1123737607403212840/screenshot25.png,2TDM,,,,,,
,690,Auto Overseer,OnyxD,5184219,https://cdn.discordapp.com/attachments/866023322529955870/1094501601558937650/screenshot_-_2023-04-09T005733.311.png,4TDM,,,,,,
,691,Overlord,ŒπŒ±,5182341,https://cdn.discordapp.com/attachments/559793341143711767/1101789256709578752/screenshot_-_2023-04-28T181707.837.png,Duos,,,,,,
,692,Penta Shot,you tried,5181649,https://cdn.discordapp.com/attachments/433431402613309440/1128615573115392090/screenshot_-_2023-07-12T161406.645.png,2TDM,Incognito,,,,,
,693,Smasher,Darky,5173703,https://imgur.com/a/DOXrXAo,2TDM,,,,,,
,694,Manager,lamita,5170878,https://imgur.com/gallery/OVj29Es,2TDM,,,,,,
,695,Ranger,Neptuun,5169329,https://imgur.com/a/7I3pYYe,Maze,Incognito,,,,,
,696,Spreadshot,x,5160051,https://imgur.com/a/pQ1EhWp,FFA,,,,,,
,697,Annihilator,Anto,5159493,https://imgur.com/a/0A3kOh6,2TDM,,,,,,
,698,Double Twin,cyan,5157999,https://cdn.discordapp.com/attachments/866023322529955870/1027574491238379551/screenshot_34.png,2TDM,,,,,,
,699,Stalker,Marcus,5156872,https://cdn.discordapp.com/attachments/1095472648886165704/1112072939681099997/screenshot_-_2023-05-27T194014.242.png,2TDM,,,,,,
,700,Surfer,Jms,5156364,https://imgur.com/a/M1Gvl9m,FFA,Legacy,,,,,
,701,Mega Smasher,asd,5152982,https://imgur.com/a/WdOawJi,2TDM,,,,,,
,702,Streamliner,Slade,5149655,https://cdn.discordapp.com/attachments/1044121536656850967/1044681468565258381/unknown.png,Open TDM,,,,,,
,703,Overlord,Vangu,5149414,https://imgur.com/gallery/zexf44W,4TDM,,,,,,
,704,Builder,Slade,5148474,https://cdn.discordapp.com/attachments/1044131085463851028/1049047879383273532/screenshot_-_2022-12-04T144111.721.png,2TDM,,,,,,
,705,Penta Shot,Toy Maker,5147699,https://imgur.com/a/TbbhnQL,Portal TDM,,,,,,
,706,Overgunner,Neptuun,5145164,https://imgur.com/a/iA7K7wl,Maze,Incognito,,,,,
,707,Surfer,Quad,5144449,https://www.youtube.com/watch?v=KslP0ot4Hvs,FFA,,,,,,
,708,Hunter,Templar,5142688,https://cdn.discordapp.com/attachments/1062306642898735186/1123316860109197442/image.png,2TDM,,,,,,
,709,Overlord,Skrialik,5142434,https://imgur.com/a/9AOeff8,Squads,,,,,,
,710,Overtrapper,Endless,5142391,https://imgur.com/gallery/Hzwgl1T,FFA,,,,,,
,711,Manager,OnyxD,5141762,https://imgur.com/a/E9TFG8Y,2TDM,,,,,,
,712,Fighter,Skrialik,5141118,https://media.discordapp.net/attachments/803352420117774377/820633518097825802/screenshot_-_2021-03-14T082246.294.png,FFA,Legacy,,,,,
,713,Auto Spawner,ŒπŒ±,5139341,https://cdn.discordapp.com/attachments/928174021592383489/1126230665910825031/screenshot_-_2022-12-04T135347.png,2TDM,,,,,,
,714,Smasher,pedal,5138172,https://cdn.discordapp.com/attachments/395646588682240020/588454856642002945/unknown.png,2TDM,,,,,,
,715,Overlord,Salla,5137737,https://cdn.discordapp.com/attachments/1110695177498144872/1111581633674498098/ol_pm4_dead.png,Portal TDM,,,,,,
,716,Mortar,Tommy,5137326,https://imgur.com/a/OUCW68Z,FFA,,,,,,
,717,Smasher,Mine,5136614,https://imgur.com/a/FbNV9WK,4TDM,,,,,,
,718,Auto Assassin,Slade,5133513,https://cdn.discordapp.com/attachments/1044121536656850967/1057216390962102272/6n96o3j.png,Squads,,,,,,
,719,Fighter,rela üê£,5130382,https://media.discordapp.net/attachments/725995383800594488/834652104111030312/unknown.png,Squads,Legacy,,,,,
,720,Destroyer,Smiley,5126388,https://media.discordapp.net/attachments/811691694231781386/1028346840426496050/unknown.png,4TDM,,,,,,
,721,Basic,Smiley,5124969,https://imgur.com/a/VIJi4HN,4TDM,,,,,,
,722,Overtrapper,√ñ.,5123974,https://imgur.com/a/upRGyCD,Portal TDM,,,,,,
,723,Smasher,IXIII,5121877,https://i.imgur.com/rLouBTh.png,4TDM,,,,,,
,724,Overlord,zo,5121068,https://imgur.com/a/uALKLq1,2TDM,,,,,,
,725,Auto Double,bum,5119333,https://i.imgur.com/BjjMQiX.png,2TDM,,,,,,
,726,Auto Smasher,Ditine,5115310,https://imgur.com/a/tj14X8X,2TDM,,,,,,
,727,Penta Shot,Icewalk,5111579,https://imgur.com/gallery/lL5wK67,FFA,,,,,,
,728,Fighter,pedal,5111390,https://imgur.com/a/M2qlgMk,FFA,Legacy,,,,,
,729,Architect,132,5109796,https://imgur.com/gallery/xr61AmQ,4TDM,,,,,,
,730,Overlord,Stradpult,5107133,https://media.discordapp.net/attachments/454578417745133580/762070289047355392/unknown.png,2TDM,,,,,,
,731,Builder,<‚ùÇ> ‚Ç≠«ør…áa,5105669,https://imgur.com/gallery/boXiZCr,Maze 4TDM,,,,,,
,732,Dual,Corrupt X,5105491,https://imgur.com/a/s8NUJe0,Portal TDM,,,,,,
,733,Triplet,Slade,5104307,https://cdn.discordapp.com/attachments/559793341143711767/1118664416179802273/missing_evidence2.png,Duos,,,,,,
,734,Hybrid,Dark,5103475,https://imgur.com/a/1hj5h4P,4TDM,,,,,,
,735,Auto Spawner,ŒπŒ±,5102807,https://cdn.discordapp.com/attachments/1044131085463851028/1058595247862579260/screenshot_-_2022-12-30T185929.png,2TDM,,,,,,
,736,Crop Duster,Marcus,5101532,https://imgur.com/a/Tjictar,Squads,,,,,,
,737,Streamliner,ExC,5100330,https://imgur.com/a/DaHPhMK,Maze,,,,,,
,738,Auto Assassin,„Å≠„Åì„Åç„Çì,5097500,https://cdn.discordapp.com/attachments/981241581044637696/1116097759527841833/IMG_8655.jpg,2TDM,,,,,,
,739,Architect,132,5094405,https://imgur.com/a/luva5uJ,Open TDM,,,,,,
,740,Twin,Smiley,5092767,https://imgur.com/a/YXPiRaA,Portal TDM,,,,,,
,741,Overlord,Thing,5092587,https://imgur.com/a/hOBBbcP,4TDM,,,,,,
,742,Triple Twin,Para,5091589,https://imgur.com/gallery/69HEoCD,Squads,,,,,,
,743,Eagle,Marcus,5090471,https://imgur.com/a/LcNRt2e,2TDM,,,,,,
,744,Fighter,pedal,5083958,https://imgur.com/gallery/pq6QoVz,4TDM,Legacy,,,,,
,745,Armsman,ŒπŒ±,5083845,https://imgur.com/gallery/6S2dTda,Duos,,,,,,
,746,Landmine,Darky,5083826,https://imgur.com/a/WhImc9w,2TDM,,,,,,
,747,Overlord,Catto,5082670,https://imgur.com/a/nVAJBhK,Squads,,,,,,
,748,Overtrapper,√ñ.,5082304,https://imgur.com/a/SYGOKNV,Maze 4TDM,,,,,,
,749,Smasher,Heir,5080620,https://imgur.com/a/Mag0H1Q,4TDM,,,,,,
,750,Surfer,Stradpult,5077858,https://imgur.com/gallery/tNkmW3K,FFA,Legacy,,,,,
,751,Predator,Ditine,5074956,https://imgur.com/a/3fMhwhm,Squads,Legacy,,,,,
,752,Mega Smasher,Rog456,5073778,https://imgur.com/a/vnhnD7h,FFA,Legacy,,,,,
,753,Hybrid,Thing,5073405,https://imgur.com/a/XJy80bJ,Maze 4TDM,,,,,,
,754,Annihilator,Mythical,5069397,https://media.discordapp.net/attachments/847194037353316402/847194206698602566/Screenshot_2021-05-26_15.07.40.png?,Open Maze TDM,,,,,,
,755,Bushwhacker,bob,5069043,https://imgur.com/a/aJ9pcJp,4TDM,,,,,,
,756,Auto Assassin,Xentria,5067006,https://imgur.com/a/kTi666x,Duos,Incognito,,,,,
,757,Hewn Double,Nyrox,5066170,https://imgur.com/a/DGmnyIy,FFA,,,,,,
,758,Overseer,Ditine,5065243,https://imgur.com/a/B9cYhVA,Squads,,,,,,
,759,Overdrive,ŒπŒ±,5058793,https://imgur.com/a/9xrD383,4TDM,,,,,,
,760,Bent Double,Nyrox,5058112,https://imgur.com/a/n1Ttyf8,Maze,,,,,,
,761,Spike,asd,5057253,https://imgur.com/gallery/caU6R9t,4TDM,,,,,,
,762,Streamliner,ŒπŒ±,5055926,https://imgur.com/a/zVcX79R,Squads,,,,,,
,763,Auto Gunner,Smiley,5055894,https://imgur.com/a/fxqgWKz,4TDM,,,,,,
,764,Annihilator,Zeph,5055724,https://imgur.com/a/N5JdBVp,4TDM,,,,,,
,765,Hexa Trapper,Slade,5055583,https://cdn.discordapp.com/attachments/559793341143711767/1118664416179802273/missing_evidence2.png,Squads,,,,,,
,766,Auto Gunner,Slade,5054572,https://cdn.discordapp.com/attachments/395646588682240020/814907379786973194/DGJRaZu.png,2TDM,,,,,,
,767,Ordnance,noscore,5054356,https://imgur.com/gallery/BU63NCs,Duos,Legacy,,,,,
,768,Overlord,rela üê£,5053686,https://media.discordapp.net/attachments/725995383800594488/840874079270731776/unknown.png,4TDM,,,,,,
,769,Auto Overseer,pancake,5053349,https://imgur.com/a/UAdZQ88,4TDM,,,,,,
,770,Skimmer,Athu,5049815,https://cdn.discordapp.com/attachments/731498658276835398/895963033657024522/screenshot_-_2021-10-08T143840.563.png,Open TDM,,,,,,
,771,Spreadshot,ŒπŒ±,5048016,https://imgur.com/gallery/ZmQqfny,Squads,,,,,,
,772,Necromancer,üå∑|retnuH,5044589,https://cdn.discordapp.com/attachments/1066451260611506236/1144632733168050318/screenshot_-_2023-08-25T165946.333.png,4TDM,TBR,,,,,
,773,Predator,Ussnub,5043850,https://cdn.discordapp.com/attachments/1125564247275999282/1125970790853120030/5.04_mil.png,Open TDM,,,,,,
,774,Overlord,TaskMaster,5042013,https://media.discordapp.net/attachments/1080717135233429556/1106621447683723264/image.png,Squads,Incognito,,,,,
,775,Fighter,Stradpult,5040753,https://media.discordapp.net/attachments/454578417745133580/587246088541700117/unknown.png,FFA,Legacy,,,,,
,776,Annihilator,Ussnub,5039129,https://cdn.discordapp.com/attachments/1125564247275999282/1128839986700103800/5.03_mil_0_bs.png,Maze 2TDM,,,,,,
,777,Hexa Tank,bum,5036784,https://imgur.com/a/MevNfgT,4TDM,,,,,,
,778,Triplet,Quad,5036732,https://imgur.com/a/VJIQ84b,Maze,,,,,,
,779,Falcon,ŒπŒ±,5036061,https://imgur.com/a/LcX6l49,FFA,Incognito,,,,,
,780,Triple Twin,Marcus,5035839,https://cdn.discordapp.com/attachments/1062306642898735186/1119306775540269106/screenshot_-_2023-06-16T184412.734.png,2TDM,,,,,,
,781,Fighter,Slade,5035117,https://cdn.discordapp.com/attachments/1044121536656850967/1044673746297954334/unknown.png,2TDM,,,,,,
,782,Auto Tri-Angle,Tommy,5033736,https://imgur.com/a/H3VWBQ0,4TDM,Legacy,,,,,
,783,Bomber,safuez,5033667,https://imgur.com/gallery/gEcZwW0,Squads,Legacy,,,,,
,784,Annihilator,Smiley,5033619,https://imgur.com/a/cKdR0p9,2TDM,,,,,,
,785,Predator,Skrialik,5031778,https://imgur.com/a/zABngJ1,Squads,,,,,,
,786,Booster,Stradpult,5030990,https://imgur.com/gallery/YmbevKC,FFA,Legacy,,,,,
,787,Triple Shot,Buddy_Dog,5030690,https://imgur.com/gallery/kYpGPp1,FFA,,,,,,
,788,Auto Tri-Angle,noscore,5030228,https://cdn.discordapp.com/attachments/1146072196117180527/1155100260511789117/screenshot_56.png?ex=652a7872&is=65180372&hm=7f3e8a13a428abdb54e6bd0ffce95e093b959401614242713950564dafe2437a&,2TDM,TBR,,,,,
,789,Auto Assassin,ExC,5028633,https://cdn.discordapp.com/attachments/928174021592383489/1145829608764223538/image.png,4TDM,TBR,,,,,
,790,Falcon,duc,5028305,https://imgur.com/a/jEndHRi,Portal TDM,,,,,,
,791,Booster,Sprunk,5028132,https://www.youtube.com/watch?v=B0PpuZtq2HI,2TDM,,,,,,
,792,Hexa Tank,Thing,5026681,https://imgur.com/a/wBUt34e,4TDM,,,,,,
,793,Overlord,lifey,5026647,https://cdn.discordapp.com/attachments/1062424265451896885/1129458212630966282/image.png,MULTIPLE,TBR,,,,,
,793,Overlord,lifey,5026647,https://cdn.discordapp.com/attachments/1062424265451896885/1129458212630966282/image.png,MULTIPLE,TBR,,,,,
,795,Hybrid,S3CR3T,5025904,https://dl.airtable.com/KHegWqwVRDiLP2B0AGD2_Kepernyofelvetel_81.png,Maze,Legacy,,,,,
,796,Bent Hybrid,Rog456,5025699,https://imgur.com/gallery/iPluFIV,4TDM,,,,,,
,797,Boomer,Mine,5024955,https://imgur.com/a/eyrXoNo,Portal TDM,,,,,,
,798,Nailgun,O'Chunks,5020880,https://imgur.com/gallery/c12rYqY,2TDM,,,,,,
,799,Auto Tri-Angle,Jess,5019942,https://cdn.discordapp.com/attachments/856614995802325032/1090761128621121586/image.png,Open TDM,,,,,,
,800,Bomber,eel,5019597,https://ibb.co/album/ZdgRCj,Portal TDM,Legacy,,,,,
,801,Surfer,Jess,5019259,https://imgur.com/a/07h0s0h,2TDM,Legacy,,,,,
,802,Sniper,Slade,5018376,https://cdn.discordapp.com/attachments/559793341143711767/1118664416179802273/missing_evidence2.png,Maze,Incognito,,,,,
,803,Triplet,fortune,5018263,https://imgur.com/a/8GH6oNW,FFA,,,,,,
,804,Auto Assassin,Roman,5015942,https://imgur.com/a/CyiJAjg,Squads,,,,,,
,805,Overseer,Skrialik,5014661,https://media.discordapp.net/attachments/803352420117774377/822361980219555880/screenshot_-_2021-03-19T025120.474.png?,4TDM,,,,,,
,806,Auto Assassin,DevinSucksAtLife,5012868,https://cdn.discordapp.com/attachments/433431402613309440/1102404961683394570/image.png,2TDM,TBR,,,,,
,807,Spike,TJL,5011690,https://i.imgur.com/ytigHwv.png,2TDM,,,,,,
,808,Landmine,ùëâùì™ùì∑ùìÆùìºùìºùì™,5010771,https://cdn.discordapp.com/attachments/395646588682240020/817164253882351626/91652000-511a6d80-ea93-11ea-8e10-504ac2db3d24.png,2TDM,Legacy,,,,,
,809,Eagle,Slade,5010446,https://cdn.discordapp.com/attachments/1044131085463851028/1048448325659148308/Ytu8m6F.png,4TDM,TBR,,,,,
,810,Annihilator,ŒπŒ±,5010380,https://imgur.com/a/47F1S6F,2TDM,,,,,,
,811,Big Cheese,Marcus,5008962,https://cdn.discordapp.com/attachments/1095472648886165704/1142083649886494801/screenshot_-_2023-08-18T151225.477.png,Maze 2TDM,TBR,,,,,
,812,Overlord,Jormungander,5008424,https://imgur.com/gallery/5sZGOhT,2TDM,,,,,,
,813,Banshee,Thx m8,5008377,https://imgur.com/a/jvG70A8,Portal TDM,,,,,,
,814,Annihilator,bean,5007674,https://imgur.com/a/UURkFQ0,4TDM,,,,,,
,815,Necromancer,Slade,5007433,https://cdn.discordapp.com/attachments/559793341143711767/1118664416179802273/missing_evidence2.png,2TDM,,,,,,
,816,Ranger,Quad,5006808,https://imgur.com/a/mvoTIvj,Open TDM,,,,,,
,817,Banshee,Mr.Hacker YT,5006725,https://cdn.discordapp.com/attachments/1146049737494114356/1147120038575341650/screenshot_-_2023-09-01T033850.724.png,2TDM,TBR,,,,,
,818,Fighter,Stradpult,5005473,https://imgur.com/gallery/y1ERvRO,FFA,Legacy,,,,,
,819,Destroyer,bum,5005414,https://imgur.com/a/DOpQwrf,2TDM,,,,,,
,820,Overlord,Para,5004167,https://cdn.discordapp.com/attachments/934213763480031252/1141910913256009809/image.png,2TDM,,,,,,
,821,Streamliner,Slade,5003255,https://cdn.discordapp.com/attachments/559793341143711767/1118664416179802273/missing_evidence2.png,FFA,,,,,,
,822,Necromancer,Darky,5003057,https://cdn.discordapp.com/attachments/1116894106438881380/1134877161858285568/screenshot_23.png,2TDM,TBR,,,,,
,823,Auto Assassin,TJL,5002974,https://media.discordapp.net/attachments/803352420117774377/890060790537801818/screenshot_-_2021-09-21T222221.301.png,Squads,,,,,,
,824,Mega Smasher,Damocles,5002799,https://imgur.com/a/EOU9Zv6,FFA,Legacy,,,,,
,825,Penta Shot,Marcus,5002008,https://cdn.discordapp.com/attachments/1146204878331461642/1147125542169092167/screenshot_-_2023-09-01T130523.564.png,2TDM,TBR,,,,,
,826,Streamliner,Jackson,5001957,https://imgur.com/a/ifa0Hr5,Maze,Incognito,,,,,
,827,Gunner Trapper,üå∑|retnuH,5001535,https://cdn.discordapp.com/attachments/866023322529955870/1130107914862993448/screenshot_-_2023-07-16T150012.395.png,2TDM,TBR,,,,,
,828,Auto Overseer,Salla,5001105,https://cdn.discordapp.com/attachments/1110695177498144872/1111581523360100392/screenshot_-_2022-04-24T195518.png,Squads,,,,,,
,829,Stalker,Para,5000628,https://imgur.com/gallery/TwkW5IF,2TDM,,,,,,
,830,Auto Builder,Marcus,5000100,https://cdn.discordapp.com/attachments/1095472648886165704/1146121263857795103/screenshot_-_2023-08-29T183408.613.png,2TDM,TBR,,,,,
,831,Carrier,Hertz,5000098,https://cdn.discordapp.com/attachments/559793341143711767/1125608567681056779/screenshot_-_2023-07-04T030243.480.png,2TDM,TBR,,,,,
,,,,,,,,,,,,
,,,,,,,,,,,,
,,,,,,,,,,,,
,,,,,,,,,,,,
,,,,,,,,,,,,
,,,,,,,,,,,,
,,,,,,,,,,,,
,,,,,,,,,,,,
,,,,,,,,,,,,
,,,,,,,,,,,,
,,,,,,,,,,,,
,,,,,,,,,,,,
,,,,,,,,,,,,
,,,,,,,,,,,,
,,,,,,,,,,,,
,,,,,,,,,,,,
,,,,,,,,,,,,
,,,,,,,,,,,,
,,,,,,,,,,,,
,,,,,,,,,,,,
,,,,,,,,,,,,
,,,,,,,,,,,,
,,,,,,,,,,,,
,,,,,,,,,,,,
,,,,,,,,,,,,
,,,,,,,,,,,,
,,,,,,,,,,,,
,,,,,,,,,,,,
,,,,,,,,,,,,
,,,,,,,,,,,,
,,,,,,,,,,,,
,,,,,,,,,,,,
,,,,,,,,,,,,
,,,,,,,,,,,,
,,,,,,,,,,,,
,,,,,,,,,,,,
,,,,,,,,,,,,
,,,,,,,,,,,,
,,,,,,,,,,,,
,,,,,,,,,,,,
,,,,,,,,,,,,
,,,,,,,,,,,,
,,,,,,,,,,,,
,,,,,,,,,,,,
,,,,,,,,,,,,
,,,,,,,,,,,,
,,,,,,,,,,,,
,,,,,,,,,,,,
,,,,,,,,,,,,
,,,,,,,,,,,,
,,,,,,,,,,,,
,,,,,,,,,,,,
,,,,,,,,,,,,
,,,,,,,,,,,,
,,,,,,,,,,,,
,,,,,,,,,,,,
,,,,,,,,,,,,
,,,,,,,,,,,,
,,,,,,,,,,,,
,,,,,,,,,,,,
,,,,,,,,,,,,
,,,,,,,,,,,,
,,,,,,,,,,,,
,,,,,,,,,,,,
,,,,,,,,,,,,
,,,,,,,,,,,,
,,,,,,,,,,,,
,,,,,,,,,,,,
,,,,,,,,,,,,
,,,,,,,,,,,,
,,,,,,,,,,,,
,,,,,,,,,,,,
,,,,,,,,,,,,
,,,,,,,,,,,,
,,,,,,,,,,,,
,,,,,,,,,,,,
,,,,,,,,,,,,
,,,,,,,,,,,,
,,,,,,,,,,,,
,,,,,,,,,,,,
,,,,,,,,,,,,
,,,,,,,,,,,,
,,,,,,,,,,,,
,,,,,,,,,,,,
,,,,,,,,,,,,
,,,,,,,,,,,,
,,,,,,,,,,,,
,,,,,,,,,,,,
,,,,,,,,,,,,
,,,,,,,,,,,,
,,,,,,,,,,,,
,,,,,,,,,,,,
,,,,,,,,,,,,
,,,,,,,,,,,,
,,,,,,,,,,,,
,,,,,,,,,,,,
,,,,,,,,,,,,
,,,,,,,,,,,,
,,,,,,,,,,,,
,,,,,,,,,,,,
,,,,,,,,,,,,
,,,,,,,,,,,,
,,,,,,,,,,,,
,,,,,,,,,,,,
,,,,,,,,,,,,
,,,,,,,,,,,,
,,,,,,,,,,,,
,,,,,,,,,,,,
,,,,,,,,,,,,
,,,,,,,,,,,,
,,,,,,,,,,,,
,,,,,,,,,,,,
,,,,,,,,,,,,
,,,,,,,,,,,,
,,,,,,,,,,,,
,,,,,,,,,,,,
,,,,,,,,,,,,
,,,,,,,,,,,,
,,,,,,,,,,,,
,,,,,,,,,,,,
,,,,,,,,,,,,
,,,,,,,,,,,,
,,,,,,,,,,,,
,,,,,,,,,,,,
,,,,,,,,,,,,
,,,,,,,,,,,,
,,,,,,,,,,,,
,,,,,,,,,,,,
,,,,,,,,,,,,
,,,,,,,,,,,,
,,,,,,,,,,,,
,,,,,,,,,,,,
,,,,,,,,,,,,
,,,,,,,,,,,,
,,,,,,,,,,,,
,,,,,,,,,,,,
,,,,,,,,,,,,
,,,,,,,,,,,,
,,,,,,,,,,,,
,,,,,,,,,,,,
,,,,,,,,,,,,
,,,,,,,,,,,,
,,,,,,,,,,,,
,,,,,,,,,,,,
,,,,,,,,,,,,
,,,,,,,,,,,,
,,,,,,,,,,,,
,,,,,,,,,,,,
,,,,,,,,,,,,
,,,,,,,,,,,,
,,,,,,,,,,,,
,,,,,,,,,,,,
,,,,,,,,,,,,
,,,,,,,,,,,,
,,,,,,,,,,,,
,,,,,,,,,,,,
,,,,,,,,,,,,
,,,,,,,,,,,,
,,,,,,,,,,,,
,,,,,,,,,,,,
,,,,,,,,,,,,
,,,,,,,,,,,,
,,,,,,,,,,,,
,,,,,,,,,,,,
,,,,,,,,,,,,
,,,,,,,,,,,,
,,,,,,,,,,,,
,,,,,,,,,,,,
,,,,,,,,,,,,
,,,,,,,,,,,,
,,,,,,,,,,,,
,,,,,,,,,,,,
,,,,,,,,,,,,
,,,,,,,,,,,,
,,,,,,,,,,,,
,,,,,,,,,,,,
,,,,,,,,,,,,
,,,,,,,,,,,,
,,,,,,,,,,,,
,,,,,,,,,,,,
,,,,,,,,,,,,
,,,,,,,,,,,,
,,,,,,,,,,,,
,,,,,,,,,,,,
,,,,,,,,,,,,
,,,,,,,,,,,,
,,,,,,,,,,,,
,,,,,,,,,,,,
,,,,,,,,,,,,
,,,,,,,,,,,,
,,,,,,,,,,,,
,,,,,,,,,,,,
,,,,,,,,,,,,
,,,,,,,,,,,,
,,,,,,,,,,,,
,,,,,,,,,,,,
,,,,,,,,,,,,
,,,,,,,,,,,,
,,,,,,,,,,,,
,,,,,,,,,,,,
,,,,,,,,,,,,
,,,,,,,,,,,,
,,,,,,,,,,,,
,,,,,,,,,,,,
,,,,,,,,,,,,
,,,,,,,,,,,,
,,,,,,,,,,,,
,,,,,,,,,,,,
,,,,,,,,,,,,
,,,,,,,,,,,,
,,,,,,,,,,,,
,,,,,,,,,,,,
,,,,,,,,,,,,
,,,,,,,,,,,,
,,,,,,,,,,,,
,,,,,,,,,,,,
,,,,,,,,,,,,
,,,,,,,,,,,,
,,,,,,,,,,,,
,,,,,,,,,,,,
,,,,,,,,,,,,
,,,,,,,,,,,,
,,,,,,,,,,,,
,,,,,,,,,,,,
,,,,,,,,,,,,
,,,,,,,,,,,,
,,,,,,,,,,,,
,,,,,,,,,,,,
,,,,,,,,,,,,
,,,,,,,,,,,,
,,,,,,,,,,,,
,,,,,,,,,,,,
,,,,,,,,,,,,
,,,,,,,,,,,,
,,,,,,,,,,,,
,,,,,,,,,,,,
,,,,,,,,,,,,
,,,,,,,,,,,,
,,,,,,,,,,,,
,,,,,,,,,,,,
,,,,,,,,,,,,
,,,,,,,,,,,,
,,,,,,,,,,,,
,,,,,,,,,,,,
,,,,,,,,,,,,
,,,,,,,,,,,,
,,,,,,,,,,,,
,,,,,,,,,,,,
,,,,,,,,,,,,
,,,,,,,,,,,,
,,,,,,,,,,,,
,,,,,,,,,,,,
,,,,,,,,,,,,
,,,,,,,,,,,,
,,,,,,,,,,,,
,,,,,,,,,,,,
,,,,,,,,,,,,
,,,,,,,,,,,,
,,,,,,,,,,,,
,,,,,,,,,,,,
,,,,,,,,,,,,
,,,,,,,,,,,,
,,,,,,,,,,,,
,,,,,,,,,,,,
,,,,,,,,,,,,
,,,,,,,,,,,,
,,,,,,,,,,,,
,,,,,,,,,,,,
,,,,,,,,,,,,
,,,,,,,,,,,,
,,,,,,,,,,,,
,,,,,,,,,,,,
,,,,,,,,,,,,
,,,,,,,,,,,,
,,,,,,,,,,,,
,,,,,,,,,,,,
,,,,,,,,,,,,
,,,,,,,,,,,,
,,,,,,,,,,,,
,,,,,,,,,,,,
,,,,,,,,,,,,
,,,,,,,,,,,,
,,,,,,,,,,,,
,,,,,,,,,,,,
,,,,,,,,,,,,
,,,,,,,,,,,,
,,,,,,,,,,,,
,,,,,,,,,,,,
,,,,,,,,,,,,
,,,,,,,,,,,,
,,,,,,,,,,,,
,,,,,,,,,,,,
,,,,,,,,,,,,
,,,,,,,,,,,,
,,,,,,,,,,,,
,,,,,,,,,,,,
,,,,,,,,,,,,
,,,,,,,,,,,,
,,,,,,,,,,,,
,,,,,,,,,,,,
,,,,,,,,,,,,
,,,,,,,,,,,,
,,,,,,,,,,,,
,,,,,,,,,,,,
,,,,,,,,,,,,
,,,,,,,,,,,,
,,,,,,,,,,,,
,,,,,,,,,,,,
,,,,,,,,,,,,
,,,,,,,,,,,,
,,,,,,,,,,,,
,,,,,,,,,,,,
,,,,,,,,hello lol,,,,