incomplete,,,,,,FFA,,,,,,Maze,,,,,,2TDM,,,,,,4TDM,,,,,,Maze 2TDM,,,,,,Maze 4TDM,,,,,,Open TDM,,,,,,Squads/Duos,,,,
,,,,,,Top 20 All Time,,,,,,Top 20 All Time,,,,,,Top 20 All Time,,,,,,Top 20 All Time,,,,,,Top 20 All Time,,,,,,Top 20 All Time,,,,,,Top 20 All Time,,,,,,Top 20 All Time,,,,
,,,,,,Score,Player,Link,Tank,S,,Score,Player,Link,Tank,S,,Score,Player,Link,Tank,S,,Score,Player,Link,Tank,S,,Score,Player,Link,Tank,S,,Score,Player,Link,Tank,S,,Score,Player,Link,Tank,S,,Score,Player,Link,Tank,S
,,,,,,10070753,Stradpult,https://imgur.com/gallery/uljVxNX,Fighter,Legacy,,6910714,Mr.Hacker YT,https://media.discordapp.net/attachments/1136619020100059146/1143468207735312444/screenshot_-_2023-08-22T015041.215.png?width=810&height=456,Hexa Tank,,,44215098,Jess,https://www.youtube.com/watch?v=wAPi4qf1_Vk,Auto Overseer,,,27537009,Skrialik,https://cdn.discordapp.com/attachments/928174021592383489/1130948964045291540/000__aHR0cHM6Ly9pLmltZ3VyLmNvbS9pVDNpYlFpLnBuZw3D3D.png,Overseer,,,10147081,Slade,https://cdn.discordapp.com/attachments/928174021592383489/1141208541294768208/screenshot_-_2023-08-15T231358.256.png,Auto Spawner,TBR,,11720549,Slade,https://cdn.discordapp.com/attachments/1093983574065156216/1106673054903451658/screenshot_-_2021-05-14T152049.png,Streamliner,,,11147953,Skrialik,https://imgur.com/a/8trHyPr,Overlord,,,12345678,Skrialik,https://imgur.com/a/7b0FnkI,Predator,Legacy
,,,,,,9586016,Stradpult,https://imgur.com/gallery/oH1wsYj,Auto-5,Legacy,,6731429,Marcus,https://cdn.discordapp.com/attachments/1095472648886165704/1137949723983106069/screenshot_-_2023-08-07T052547.389.png,Hexa Tank,,,25003315,Marcus,https://cdn.discordapp.com/attachments/866023322529955870/1079438475922784317/death_ss.png,Commander,,,20021586,Roman,https://imgur.com/a/cMumfGB,Auto Overseer,,,10065712,√ñ.,https://imgur.com/a/ndpbcEb,Overtrapper,,,7704078,ExC,https://imgur.com/a/0ojm0vn,Hybrid,,,9101585,ExC,https://imgur.com/a/gMCl59z,Surfer,Legacy,,11626716,Anak,https://imgur.com/gallery/j18MkES,Battleship,
,,,,,,9340186,Endless,https://imgur.com/gallery/FHxsqvn,Artillery,Legacy,,5100330,ExC,https://imgur.com/a/DaHPhMK,Streamliner,,,22483433,Jess,https://imgur.com/a/AWezhf3,Auto Overseer,,,16776260,Jess,https://imgur.com/a/K8web3M,Overlord,,,7861288,Marcus,https://cdn.discordapp.com/attachments/1104777239725346876/1113552873536622713/screenshot_-_2023-05-31T194719.246.png,Annihilator,,,7264097,Mr.Hacker YT,https://media.discordapp.net/attachments/1064026177108443180/1143615199006441582/screenshot_-_2023-08-19T221115.565.png?width=1193&height=671,Manager,TBR,,7386144,rela üê£,https://imgur.com/gallery/NBxOvsQ,Overdrive,,,10814596,Slade,https://cdn.discordapp.com/attachments/866023322529955870/1042980358037180416/unknown.png,Overgunner,
,,,,,,8708932,Stradpult,https://media.discordapp.net/attachments/454578417745133580/764495802529087498/unknown.png?width=1204&height=677,Surfer,Legacy,,5058112,Nyrox,https://imgur.com/a/n1Ttyf8,Bent Double,,,20052585,Colon,https://cdn.discordapp.com/attachments/1135707353325518958/1142942079765450813/image.png,Crossbow,,,15615614,Skrialik,https://imgur.com/a/t92Wf2h,Overlord,,,7726758,Chris3773,https://cdn.discordapp.com/attachments/559793341143711767/1116505608443666502/screenshot_-_2023-06-08T183631.png,Auto Assassin,,,7130528,safuez,https://cdn.discordapp.com/attachments/941221820810543155/941338879687000064/8tzTqyr_d.png,Factory,TBR,,6836778,Mine,https://imgur.com/a/roNCtVR,Streamliner,,,10530060,Slade,https://imgur.com/DIQXtmQ,Streamliner,
,,,,,,8152846,ExC,https://imgur.com/a/dLvBQfH,Fighter,Legacy,,5036732,Quad,https://imgur.com/a/VJIQ84b,Triplet,,,19435506,Quad,https://imgur.com/gallery/xSRaodY,Necromancer,,,14076885,Marcus,https://cdn.discordapp.com/attachments/1146204878331461642/1150402565029232702/screenshot_-_2023-09-10T140844.463.png,Overlord,TBR,,7489909,byekc,https://cdn.discordapp.com/attachments/920837868543438878/951964758423273482/unknown_2021.png,Rocketeer,,,6762011,jax,https://cdn.discordapp.com/attachments/928174021592383489/1141807896246628373/Screenshot_2023-08-16_2.png,Sniper,,,6217536,Ussnub,https://cdn.discordapp.com/attachments/1125564247275999282/1125876611602985062/6.21_mil.png,Bent Double,,,8182540,Slade,https://cdn.discordapp.com/attachments/928174021592383489/1127068247846563860/screenshot_-_2022-10-19T210321.png,Fortress,
,,,,,,7407179,Stradpult,https://media.discordapp.net/attachments/454578417745133580/579267259894333440/unknown.png,Fighter,Legacy,,5025904,S3CR3T,https://dl.airtable.com/KHegWqwVRDiLP2B0AGD2_Kepernyofelvetel_81.png,Hybrid,Legacy,,17770864,ExC,https://imgur.com/gallery/qoopBka,Gunner Trapper,,,13960825,ü•ïCrazy Carrotü•ï,https://imgur.com/a/wzNDW95,Overlord,,,7272710,Templar,https://cdn.discordapp.com/attachments/866023322529955870/1139202565146411038/image.png,Auto Overseer,,,6601572,√ñ.,https://imgur.com/a/JWeDlf1,Annihilator,,,6066987,ŒπŒ±,https://imgur.com/gallery/LPqFBUd,Auto Overseer,,,8151530,Jess,https://imgur.com/a/1scHNcj,Auto Double,
,,,,,,7403118,Stradpult,https://imgur.com/gallery/NPw1Hfj,Surfer,Legacy,,4732142,Marcus,https://cdn.discordapp.com/attachments/1027270278096638064/1140378477825118228/screenshot_-_2023-08-13T221628.956.png,Machine Gunner,,,17241238,noscore,https://cdn.discordapp.com/attachments/395646588682240020/1093846736130277376/screenshot_-_2023-04-07T102640.387.png,Predator,,,13550218,Thx m8,https://imgur.com/a/KnlDnhf,Overlord,,,7215745,Skrialik,https://cdn.discordapp.com/attachments/928174021592383489/1141524709318606898/screenshot_-_2023-08-09T211331.png,Overlord,,,6307262,Thx m8,https://imgur.com/a/gA8MviK,Smasher,,,5995452,Colon,https://imgur.com/a/ReKmkEM,Fighter,Legacy,,8007042,Quad,https://imgur.com/gmbUiUr,Machine Gun,
,,,,,,7386278,ExC,https://imgur.com/a/Ckq7LeM,Bomber,Legacy,,4602013,Quad,https://road6943.github.io/Arras-Wra-Imgur-Backups/?cloudName=road6943&imgurLink=https://imgur.com/a/DKR0Vi6,Flank Guard,,,16378462,Jess,https://youtu.be/9dAJn-ReCwU,Overlord,,,12033305,Mr.Hacker YT,https://cdn.discordapp.com/attachments/1146049737494114356/1147847776961577000/screenshot_-_2023-09-03T035609.930.png,Hexa Tank,TBR,,7055567,Smiley,https://imgur.com/a/IEY9Uk3,Smasher,,,6001350,rela üê£,https://imgur.com/gallery/0erVnX0,Overdrive,,,5683540,ŒπŒ±,https://cdn.discordapp.com/attachments/866023322529955870/1099848790015475814/screenshot_-_2023-04-23T170009.png,Auto Smasher,,,7625281,Jess,https://imgur.com/a/SzBDnyh,Gunner Trapper,
,,,,,,7275547,Stradpult,https://imgur.com/gallery/I3ip2El,Fighter,Legacy,,4459529,Skrialik,https://cdn.discordapp.com/attachments/928174021592383489/1141524673562165368/screenshot_-_2023-08-10T043735.png,Mortar,,,16051959,ExC,https://cdn.discordapp.com/attachments/928174021592383489/1136731726886998066/image.png,Bushwhacker,,,11633647,rela üê£,https://imgur.com/gallery/1ahw5PA,Overseer,,,7048534,Marcus,https://cdn.discordapp.com/attachments/1136619020100059146/1144330560605524008/screenshot_-_2023-08-24T200100.332.png,Hexa Tank,TBR,,5979885,Rog456,https://imgur.com/a/ccRh01y,Mega Smasher,Legacy,,5595848,Skrialik,https://imgur.com/a/hbosxz1,Swarmer,,,7258999,Quad,https://imgur.com/a/V5ReyDx,Bulwark,
,,,,,,7049661,Tommy,https://cdn.discordapp.com/attachments/801013894805323808/836523024157114468/screenshot_-_2021-04-27T103734.192.png,Fighter,Legacy,,4435281,ExC,https://road6943.github.io/Arras-Wra-Imgur-Backups/?cloudName=road6943&imgurLink=https://imgur.com/a/jJlk3Fq,Auto Builder,,,16014752,ŒπŒ±,https://cdn.discordapp.com/attachments/1101493904542535791/1101982346535776326/d.png,Auto Overseer,TBR,,10864836,Zeph,https://cdn.discordapp.com/attachments/803352420117774377/853718954018865173/D17EE8D3-E572-4A95-B4B9-37A33F5FE5F3.jpeg,Overlord,,,6530341,Allan,https://imgur.com/a/fBwMqFC,Commander,,,5638192,Corrupt X,https://www.youtube.com/watch?v=RVB-tWpv0Ro,Mortar,Legacy,,5302524,Quad,https://imgur.com/a/pgtBKXX,Overlord,,,7203440,Quad,https://imgur.com/a/izc5CcM,Bent Hybrid,
,,,,,,7021334,Oganesson 118,https://imgur.com/gallery/9saovWK,Crop Duster,,,4379962,Hertz,https://cdn.discordapp.com/attachments/1145152054260662414/1155071793850220574/screenshot_-_2023-09-23T101649.402.png,Constructor,,,15694505,Corrupt Y,https://cdn.discordapp.com/attachments/928174021592383489/1148278272195559474/image.png,Carrier,,,10540849,byekc,https://cdn.discordapp.com/attachments/866023322529955870/1099325381804298290/image.png,Overdrive,,,6260000,Smiley,https://www.youtube.com/watch?v=jcVvMD0tIFk,Annihilator,,,5105669,<‚ùÇ> ‚Ç≠«ør…áa,https://imgur.com/gallery/boXiZCr,Builder,,,5254626,Mr.Hacker YT,https://cdn.discordapp.com/attachments/981241581044637696/1116094851960799296/screenshot_-_2023-01-17T204838.095.png,Stalker,,,6999083,rela üê£,https://imgur.com/gallery/g7L8W8l,Flank Guard,
,,,,,,6888942,Endless,https://imgur.com/gallery/PJziRUu,Artillery,,,4293394,Quad,https://road6943.github.io/Arras-Wra-Imgur-Backups/?cloudName=road6943&imgurLink=https://imgur.com/a/JnJ21lL,Bomber,Legacy,,15117515,zo,https://cdn.discordapp.com/attachments/866023322529955870/1153544609939603466/screenshot_-_2023-09-18T221037.067.png,Manager,TBR,,10441465,ŒπŒ±,https://cdn.discordapp.com/attachments/928174021592383489/1134341691927691334/Untitled_design_70.png,Auto Assassin,,,6032980,üå∑|retnuH,https://media.discordapp.net/attachments/1139190161482207273/1139190335482896384/screenshot_-_2023-08-10T162832.229.png?width=810&height=455,Destroyer,,,5082304,√ñ.,https://imgur.com/a/SYGOKNV,Overtrapper,,,5249935,jugg,https://imgur.com/gallery/gVmGx97,Battleship,,,6901999,Slade,https://cdn.discordapp.com/attachments/559793341143711767/1118664416179802273/missing_evidence2.png,Hexa Tank,
,,,,,,6464122,Oganesson 118,https://imgur.com/gallery/kDahSw9,Artillery,Legacy,,4262924,Quad,https://cdn.discordapp.com/attachments/928174021592383489/1139122058354229318/YsXNgyE.png,Overlord,,,15079276,rela üê£,https://imgur.com/a/iWPAC7N,Auto Assassin,,,10334542,Slade,https://cdn.discordapp.com/attachments/1093983574065156216/1106673417345835109/unknown.png,Auto Cruiser,,,5802534,Hellitica,https://imgur.com/a/Eqptz9w,Streamliner,,,5073405,Thing,https://imgur.com/a/XJy80bJ,Hybrid,,,5149655,Slade,https://cdn.discordapp.com/attachments/1044121536656850967/1044681468565258381/unknown.png,Streamliner,,,6847834,Skrialik,https://imgur.com/a/Y3QPrsp,Overseer,
,,,,,,6394587,S3CR3T,https://imgur.com/a/0bfbeB0,Auto Double,Legacy,,4151998,Quad,https://road6943.github.io/Arras-Wra-Imgur-Backups/?cloudName=road6943&imgurLink=https://i.imgur.com/KkZvaKZ.png,Bomber,Legacy,,14606671,„Å≠„Åì„Åç„Çì,https://cdn.discordapp.com/attachments/981241581044637696/1116097212749991936/IMG_8649.jpg,Auto Assassin,,,10306354,Skrialik,https://imgur.com/a/MIQdcL5,Bushwhacker,,,5761622,Skrialik,https://imgur.com/a/TFitCep,Overseer,,,4323791,rela üê£,https://imgur.com/gallery/bLq20M7,Hexa Tank,,,5094405,132,https://imgur.com/a/luva5uJ,Architect,,,6582927,Roman,https://imgur.com/a/n02zxZh,Overlord,
,,,,,,6364544,Ender,https://cdn.discordapp.com/attachments/803352420117774377/838126391399546890/screenshot_-_2021-05-01T205348.267.png,Surfer,Legacy,,4090927,Chris3773,https://media.discordapp.net/attachments/825257217233387520/1135928003013132349/screenshot_-_2023-08-01T092317.210.png?width=1076&height=605,Conqueror,,,14467190,Drokert el LaTaTa,https://cdn.discordapp.com/attachments/1009229141859643462/1147983130230263848/14.46m_Overlord_restore_2_2-tdm_3hr_10m_34s.PNG,Overlord,,,10191662,Corrupt X,https://ibb.co/album/S4pcLJ,Overgunner,,,5481322,Anto,https://imgur.com/a/MamNhGa,Hybrid,,,4307705,Slade,https://i.imgur.com/pt4L6g6.png,Spawner,,,5069397,Mythical,https://media.discordapp.net/attachments/847194037353316402/847194206698602566/Screenshot_2021-05-26_15.07.40.png?,Annihilator,,,6468494,Para,https://media.discordapp.net/attachments/889688731668336640/1009630931641966602/screenshot_-_2022-08-17T143123.517.png?width=1521&height=855,Streamliner,
,,,,,,6217638,Roman,https://imgur.com/a/c4JjDth,Barricade,,,3984299,Silk,https://road6943.github.io/Arras-Wra-Imgur-Backups/?cloudName=road6943&imgurLink=https://imgur.com/a/ufPNd8w,Hybrid,,,14245593,Rog456,https://cdn.discordapp.com/attachments/928174021592383489/1132126443841781870/D7F4759C-D69D-4688-AA68-6CC41239BFB2.png,Single,,,10176264,Rog456,https://imgur.com/a/KYyLnDz,Penta Shot,,,5455578,Athu,https://cdn.discordapp.com/attachments/1089763071788072980/1111650170166317167/screenshot_-_2023-05-26T190739.740.png,Factory,,,4093541,Mine,https://road6943.github.io/Arras-Wra-Imgur-Backups/?cloudName=road6943&imgurLink=https://imgur.com/a/lvSr9Qn,Mega Smasher,,,5049815,Athu,https://cdn.discordapp.com/attachments/731498658276835398/895963033657024522/screenshot_-_2021-10-08T143840.563.png,Skimmer,,,6412305,noscore,https://cdn.discordapp.com/attachments/866023322529955870/1115628614424207461/screenshot_-_2023-06-06T115534.606.png,Auto Spawner,
,,,,,,6136390,ü•ïCrazy Carrotü•ï,https://imgur.com/a/0oxXUPw,Fighter,Legacy,,3980236,Quad,https://road6943.github.io/Arras-Wra-Imgur-Backups/?cloudName=road6943&imgurLink=https://imgur.com/a/jZrgrNC,Single,,,13779227,Mr.Hacker YT,https://cdn.discordapp.com/attachments/928174021592383489/1142312196664201297/screenshot_-_2023-08-18T212029.154.png,Manager,TBR,,10128996,ZeZo,https://imgur.com/a/BGPFnww,Overlord,,,5323051,Mine,https://imgur.com/a/eGL3oVk,Mega Smasher,,,4033959,Ussnub,https://cdn.discordapp.com/attachments/1125564247275999282/1149145060831670393/screenshot_54.png,Atomizer,,,5043850,Ussnub,https://cdn.discordapp.com/attachments/1125564247275999282/1125970790853120030/5.04_mil.png,Predator,,,6157892,pedal,https://imgur.com/a/lf5rE4J,Surfer,Legacy
,,,,,,6089463,ZeZo,https://imgur.com/a/Z2FQEh3,Bulwark,,,3872145,Chaos,https://imgur.com/a/pc7B8GB,Annihilator,,,13524688,byekc,https://cdn.discordapp.com/attachments/866023322529955870/1109055950607876166/Ekran_Goruntusu_6828.png,Falcon,,,10100386,Nyrox,https://imgur.com/a/0wjdGvs,Manager,,,5039129,Ussnub,https://cdn.discordapp.com/attachments/1125564247275999282/1128839986700103800/5.03_mil_0_bs.png,Annihilator,,,3795821,Mine,https://road6943.github.io/Arras-Wra-Imgur-Backups/?cloudName=road6943&imgurLink=https://imgur.com/a/CTWxXsr,Big Cheese,,,5019942,Jess,https://cdn.discordapp.com/attachments/856614995802325032/1090761128621121586/image.png,Auto Tri-Angle,,,6139047,Athu,https://imgur.com/a/FlZca6E,Auto Assassin,
,,,,,,6079456,Allan,https://imgur.com/a/AlYmN4N,Auto Tri-Angle,Legacy,,3850983,Smiley,https://road6943.github.io/Arras-Wra-Imgur-Backups/?cloudName=road6943&imgurLink=https://imgur.com/a/FJEaSSz,Ordnance,Legacy,,13092858,Mr.Hacker YT,https://imgur.com/gallery/VNGW62S,Overlord,,,10059466,Slade,https://cdn.discordapp.com/attachments/866023322529955870/896235033591967794/screenshot_-_2021-10-08T231624.254.png,Ranger,,,5008962,Marcus,https://cdn.discordapp.com/attachments/1095472648886165704/1142083649886494801/screenshot_-_2023-08-18T151225.477.png,Big Cheese,TBR,,3713846,Corrupt X,https://www.youtube.com/watch?v=Z1JA3W0NSQ4,Barricade,,,5006808,Quad,https://imgur.com/a/mvoTIvj,Ranger,,,6056772,Nyrox,https://imgur.com/a/nHPqKDV,Bent Double,
,,,,,,6059703,Tommy,https://imgur.com/a/PtTnRvJ,Auto Tri-Angle,Legacy,,3803571,Skrialik,https://cdn.discordapp.com/attachments/928174021592383489/1138741470078193744/screenshot_-_2023-08-09T035152.185.png,Septa Trapper,,,13005049,Harry,https://imgur.com/a/8c1B2EI,Overlord,TBR,,10038902,Jess,https://cdn.discordapp.com/attachments/856614995802325032/1097349236338728970/screenshot_-_2023-04-16T223236.669.png,Overlord,,,4755069,üéã,https://road6943.github.io/Arras-Wra-Imgur-Backups/?cloudName=road6943&imgurLink=https://imgur.com/a/cwl1Oml,Destroyer,,,3358024,ay96,https://road6943.github.io/Arras-Wra-Imgur-Backups/?cloudName=road6943&imgurLink=https://imgur.com/a/npnmO42,Redistributor,,,4784402,For Kenza üåπ,https://imgur.com/a/IId9zjj,Rocketeer,Legacy,,6023075,Para,https://cdn.discordapp.com/attachments/866023322529955870/988279828681723904/unknown.png,Auto Double,
,,,,,,,,,,,,,,,,,,,,,,,,,,,,,,,,,,,,,,,,,,,,,,,,,,,,
,,,,,,2023,,,,,,2023,,,,,,2023,,,,,,2023,,,,,,2023,,,,,,2023,,,,,,2023,,,,,,2023,,,,
,,,,,,Score,Player,Link,Tank,S,,Score,Player,Link,Tank,S,,Score,Player,Link,Tank,S,,Score,Player,Link,Tank,S,,Score,Player,Link,Tank,S,,Score,Player,Link,Tank,S,,Score,Player,Link,Tank,S,,Score,Player,Link,Tank,S
,,,,,,3774258,Smiley,https://media.discordapp.net/attachments/811691694231781386/1109091925375602778/screenshot_45.png,Auto Tri-Angle,,,6910714,Mr.Hacker YT,https://media.discordapp.net/attachments/1136619020100059146/1143468207735312444/screenshot_-_2023-08-22T015041.215.pngg,Hexa Tank,,,44215098,Jess,https://www.youtube.com/watch?v=wAPi4qf1_Vk,Auto Overseer,,,16776260,Jess,https://imgur.com/a/K8web3M,Overlord,,,10147081,Slade,https://cdn.discordapp.com/attachments/928174021592383489/1141208541294768208/screenshot_-_2023-08-15T231358.256.png,Auto Spawner,TBR,,7704078,ExC,https://imgur.com/a/0ojm0vn,Hybrid,,,6217536,Ussnub,https://cdn.discordapp.com/attachments/1125564247275999282/1125876611602985062/6.21_mil.png,Bent Double,,,6412305,noscore,https://cdn.discordapp.com/attachments/866023322529955870/1115628614424207461/screenshot_-_2023-06-06T115534.606.png,Auto Spawner,
,,,,,,3715464,ExC,https://media.discordapp.net/attachments/1056765828508422194/1130633565080657991/Screenshot_1909.png,Hexa Tank,Dread (other runs are during dread era but this may have been more affected by the event but idk),,6731429,Marcus,https://cdn.discordapp.com/attachments/1095472648886165704/1137949723983106069/screenshot_-_2023-08-07T052547.389.png,Hexa Tank,,,25003315,Marcus,https://cdn.discordapp.com/attachments/866023322529955870/1079438475922784317/death_ss.png,Commander,,,14076885,Marcus,https://cdn.discordapp.com/attachments/1146204878331461642/1150402565029232702/screenshot_-_2023-09-10T140844.463.png,Overlord,TBR,,10065712,√ñ.,https://imgur.com/a/ndpbcEb,Overtrapper,,,7264097,Mr.Hacker YT,https://media.discordapp.net/attachments/1064026177108443180/1143615199006441582/screenshot_-_2023-08-19T221115.565.png?width=1193&height=671,Manager,TBR,,6066987,ŒπŒ±,https://imgur.com/gallery/LPqFBUd,Auto Overseer,,,5517223,Skrialik,https://imgur.com/a/2mpGT7d,Auto-5,
,,,,,,3606414,noscore,https://cdn.discordapp.com/attachments/1070857541602508812/1115358913454428201/screenshot_-_2023-06-06T001744.866.png,Auto Tri-Angle,,,4732142,Marcus,https://cdn.discordapp.com/attachments/1027270278096638064/1140378477825118228/screenshot_-_2023-08-13T221628.956.png,Machine Gunner,,,22483433,Jess,https://imgur.com/a/AWezhf3,Auto Overseer,,,12033305,Mr.Hacker YT,https://cdn.discordapp.com/attachments/1146049737494114356/1147847776961577000/screenshot_-_2023-09-03T035609.930.png,Hexa Tank,TBR,,7861288,Marcus,https://cdn.discordapp.com/attachments/1104777239725346876/1113552873536622713/screenshot_-_2023-05-31T194719.246.png,Annihilator,,,6762011,jax,https://cdn.discordapp.com/attachments/928174021592383489/1141807896246628373/Screenshot_2023-08-16_2.png,Sniper,,,5683540,ŒπŒ±,https://cdn.discordapp.com/attachments/866023322529955870/1099848790015475814/screenshot_-_2023-04-23T170009.png,Auto Smasher,,,5285506,Skrialik,https://imgur.com/a/YeXUiEg,Trap Guard,
,,,,,,3605878,Marcus,https://imgur.com/a/VZvZKVc,Auto Double,,,4459529,Skrialik,https://cdn.discordapp.com/attachments/928174021592383489/1141524673562165368/screenshot_-_2023-08-10T043735.png,Mortar,,,20052585,Colon,https://cdn.discordapp.com/attachments/1135707353325518958/1142942079765450813/image.png,Crossbow,,,10540849,byekc,https://cdn.discordapp.com/attachments/866023322529955870/1099325381804298290/image.png,Overdrive,,,7726758,Chris3773,https://cdn.discordapp.com/attachments/559793341143711767/1116505608443666502/screenshot_-_2023-06-08T183631.png,Auto Assassin,,,6601572,√ñ.,https://imgur.com/a/JWeDlf1,Annihilator,,,5254626,Mr.Hacker YT,https://cdn.discordapp.com/attachments/981241581044637696/1116094851960799296/screenshot_-_2023-01-17T204838.095.png,Stalker,,,5182341,ŒπŒ±,https://cdn.discordapp.com/attachments/559793341143711767/1101789256709578752/screenshot_-_2023-04-28T181707.837.png,Overlord,
,,,,,,3486512,Marcus,https://imgur.com/a/7HW3yDh,Fighter,,,4379962,Hertz,https://cdn.discordapp.com/attachments/1145152054260662414/1155071793850220574/screenshot_-_2023-09-23T101649.402.png,Constructor,,,19435506,Quad,https://imgur.com/gallery/xSRaodY,Necromancer,,,10441465,ŒπŒ±,https://cdn.discordapp.com/attachments/928174021592383489/1134341691927691334/Untitled_design_70.png,Auto Assassin,,,7272710,Templar,https://cdn.discordapp.com/attachments/866023322529955870/1139202565146411038/image.png,Auto Overseer,,,5082304,√ñ.,https://imgur.com/a/SYGOKNV,Overtrapper,,,5043850,Ussnub,https://cdn.discordapp.com/attachments/1125564247275999282/1125970790853120030/5.04_mil.png,Predator,,,5142434,Skrialik,https://imgur.com/a/9AOeff8,Overlord,
,,,,,,3219525,Mr.Hacker YT,https://media.discordapp.net/attachments/1070857541602508812/1100622266309558272/screenshot_-_2023-04-25T201845.453.png,Fighter,,,4262924,Quad,https://cdn.discordapp.com/attachments/928174021592383489/1139122058354229318/YsXNgyE.png,Overlord,,,17241238,noscore,https://cdn.discordapp.com/attachments/395646588682240020/1093846736130277376/screenshot_-_2023-04-07T102640.387.png,Predator,,,10176264,Rog456,https://imgur.com/a/KYyLnDz,Penta Shot,,,7215745,Skrialik,https://cdn.discordapp.com/attachments/928174021592383489/1141524709318606898/screenshot_-_2023-08-09T211331.png,Overlord,,,4307705,Slade,https://i.imgur.com/pt4L6g6.png,Spawner,,,5019942,Jess,https://cdn.discordapp.com/attachments/856614995802325032/1090761128621121586/image.png,Auto Tri-Angle,,,5101532,Marcus,https://imgur.com/a/Tjictar,Crop Duster,
,,,,,,3143778,Sunburst,https://cdn.discordapp.com/attachments/1145412502625206422/1154746939422814218/2023-03-10_00.png,Redistributor,,,4090927,Chris3773,https://media.discordapp.net/attachments/825257217233387520/1135928003013132349/screenshot_-_2023-08-01T092317.210.png?width=1076&height=605,Conqueror,,,16378462,Jess,https://youtu.be/9dAJn-ReCwU,Overlord,,,10038902,Jess,https://cdn.discordapp.com/attachments/856614995802325032/1097349236338728970/screenshot_-_2023-04-16T223236.669.png,Overlord,,,7048534,Marcus,https://cdn.discordapp.com/attachments/1136619020100059146/1144330560605524008/screenshot_-_2023-08-24T200100.332.png,Hexa Tank,TBR,,4033959,Ussnub,https://cdn.discordapp.com/attachments/1125564247275999282/1149145060831670393/screenshot_54.png,Atomizer,,,4035716,Jackson,https://road6943.github.io/Arras-Wra-Imgur-Backups/?cloudName=road6943&imgurLink=https://imgur.com/a/RlAVuAi,Auto Gunner,,,5055926,ŒπŒ±,https://imgur.com/a/zVcX79R,Streamliner,
,,,,,,3068659,Skrialik,https://cdn.discordapp.com/attachments/1061535141291372614/1079325335960690759/screenshot_-_2023-02-26T034913.945.png,Overlord,,,3803571,Skrialik,https://cdn.discordapp.com/attachments/928174021592383489/1138741470078193744/screenshot_-_2023-08-09T035152.185.png,Septa Trapper,,,16051959,ExC,https://cdn.discordapp.com/attachments/928174021592383489/1136731726886998066/image.png,Bushwhacker,,,10038528,Jess,https://cdn.discordapp.com/attachments/928174021592383489/1127078236749312040/screenshot54.png,Carrier,TBR,,6032980,üå∑|retnuH,https://media.discordapp.net/attachments/1139190161482207273/1139190335482896384/screenshot_-_2023-08-10T162832.229.png?width=810&height=455,Destroyer,,,3383513,Hertz,https://imgur.com/a/z9oyZLl,Auto Builder,,,3995836,Awootube,https://cdn.discordapp.com/attachments/1070857541602508812/1092604758637953094/screenshot_-_2023-04-03T185218.png,X-Hunter,,,4687546,Mr.Hacker YT,https://cdn.discordapp.com/attachments/928174021592383489/1135219874038292561/screenshot_-_2023-07-30T073741.287.png,Hexa Tank,
,,,,,,3048875,Hertz,https://cdn.discordapp.com/attachments/1145152054260662414/1149682857355247626/screenshot_-_2023-09-08T132726.977.png,Focal,,,3714285,Marcus,https://imgur.com/a/KJVbIWc,Auto Double,,,16014752,ŒπŒ±,https://cdn.discordapp.com/attachments/1101493904542535791/1101982346535776326/d.png,Auto Overseer,TBR,,10008164,Mr.Hacker YT,https://cdn.discordapp.com/attachments/928174021592383489/1144031021646483527/screenshot_-_2023-08-23T150754.258.png,Machine Gunner,TBR,,5481322,Anto,https://imgur.com/a/MamNhGa,Hybrid,,,3358024,ay96,https://road6943.github.io/Arras-Wra-Imgur-Backups/?cloudName=road6943&imgurLink=https://imgur.com/a/npnmO42,Redistributor,,,3809087,YT=GLITCHER TM,https://road6943.github.io/Arras-Wra-Imgur-Backups/?cloudName=road6943&imgurLink=https://imgur.com/a/BpHONFx,Auto-5,,,4472360,ExC,https://cdn.discordapp.com/attachments/1070857541602508812/1114356530817548300/screenshot_32.png,Crop Duster,
,,,,,,3014084,Hertz,https://cdn.discordapp.com/attachments/1145152054260662414/1159122936616202310/screenshot_-_2023-10-04T143552.252.png?ex=651ebcdb&is=651d6b5b&hm=f40e995196d5fafa850572438e4be44b9835df4a91d4331b723941498c27578e&,Crossbow,,,3614383,ŒπŒ±,https://cdn.discordapp.com/attachments/981241581044637696/1155666734305521826/screenshot_-_2023-09-03T004843.png,Fighter,,,15694505,Corrupt Y,https://cdn.discordapp.com/attachments/928174021592383489/1148278272195559474/image.png,Carrier,,,10004882,Slade,https://cdn.discordapp.com/attachments/928174021592383489/1138137339810562118/WeQ1hzP.png,Beekeeper,TBR,,5455578,Athu,https://cdn.discordapp.com/attachments/1089763071788072980/1111650170166317167/screenshot_-_2023-05-26T190739.740.png,Factory,,,3269007,Skrialik,https://cdn.discordapp.com/attachments/928174021592383489/1141524766134640660/screenshot_-_2023-08-07T161230.png,Assembler,,,3659913,Para,https://cdn.discordapp.com/attachments/1070469925765926952/1089696055425253488/screenshot_-_2023-03-26T174301.398.png,Poacher,,,4364503,Skrialik,https://road6943.github.io/Arras-Wra-Imgur-Backups/?cloudName=road6943&imgurLink=https://imgur.com/a/kU3pRXD,Auto Gunner,
,,,,,,3001609,ThunderFlame,https://media.discordapp.net/attachments/1062306642898735186/1133345950732124231/2023-07-25-112357_1920x1080_scrot.png,Phoenix,,,3562215,Aero,https://imgur.com/gallery/jpXYc1K,Bomber,,,15117515,zo,https://cdn.discordapp.com/attachments/866023322529955870/1153544609939603466/screenshot_-_2023-09-18T221037.067.png,Manager,??,,9482940,Marcus,https://imgur.com/a/SFTFxTX,Assassin,,,5039129,Ussnub,https://cdn.discordapp.com/attachments/1125564247275999282/1128839986700103800/5.03_mil_0_bs.png,Annihilator,,,3002971,dnb,https://imgur.com/gallery/L07Pvfe,Beekeeper,,,3307402,YT=GLITCHER TM,https://imgur.com/a/zM3sKAr,Redistributor,,,4295790,Rog456,https://road6943.github.io/Arras-Wra-Imgur-Backups/?cloudName=road6943&imgurLink=https://imgur.com/a/gzyOwFX,Penta Shot,
,,,,,,2996471,Askatasuna,https://i.imgur.com/PhqP3cZ.png,Artillery,,,3543093,Aero,https://cdn.discordapp.com/attachments/395646588682240020/1126422874543104050/screenshot_5.png,Assembler,,,15079276,rela üê£,https://imgur.com/a/iWPAC7N,Auto Assassin,,,9445629,√ñ.,https://cdn.discordapp.com/attachments/1066451260611506236/1098356746847789136/screenshot_-_2023-04-19T225209.608.png,Flank Guard,,,5008962,Marcus,https://cdn.discordapp.com/attachments/1095472648886165704/1142083649886494801/screenshot_-_2023-08-18T151225.477.png,Big Cheese,TBR,,2155637,Xentria,https://imgur.com/gallery/ZbJ8WlN,Septa Trapper,,,3271523,Hertz,https://cdn.discordapp.com/attachments/1136619020100059146/1143894746251677886/screenshot_-_2023-08-23T140846.684.png,Triple Shot,,,3884705,√ñ.,https://imgur.com/a/XP4OI13,Auto Gunner,
,,,,,,2901671,rela üê£,https://media.discordapp.net/attachments/1044131085463851028/1087948753559879773/image.png,Hexa Tank,,,3464285,Marcus,https://imgur.com/a/RmmryV8,Spreadshot,,,14606671,„Å≠„Åì„Åç„Çì,https://cdn.discordapp.com/attachments/981241581044637696/1116097212749991936/IMG_8649.jpg,Auto Assassin,,,8112668,byekc,https://cdn.discordapp.com/attachments/1051941840863113327/1068961161950793931/Ekran_Goruntusu_4668.png,Auto Spawner,,,4707251,jax,https://media.discordapp.net/attachments/1130195688093913188/1142538254369947778/IB8yKu6.png?width=810&height=455,Spawner,,,2056784,BHü•ïBunny Hop!,https://imgur.com/a/TrC5BZR,Field Gun,,,2244972,pool noodle,https://road6943.github.io/Arras-Wra-Imgur-Backups/?cloudName=road6943&imgurLink=https://imgur.com/a/5bcAmMa,Launcher,,,3749612,√ñ.,https://imgur.com/a/AJEw2HJ,Crossbow,
,,,,,,2805815,Endless,https://imgur.com/gallery/u1iRNOX,X-Hunter,,,3348500,zx1,https://cdn.discordapp.com/attachments/866023322529955870/1087028668225814548/screenshot_-_2023-03-19T110308.798.png,Annihilator,,,14467190,Drokert el LaTaTa,https://cdn.discordapp.com/attachments/1009229141859643462/1147983130230263848/14.46m_Overlord_restore_2_2-tdm_3hr_10m_34s.PNG,Overlord,,,8010399,OnyxD,https://imgur.com/a/ACbP2HO,Streamliner,,,4522016,ExC,https://cdn.discordapp.com/attachments/1060695995270303945/1148094228178677821/Screenshot_2213.png,Hexa Trapper,TBR,,,,,,,,1995961,Askatasuna,https://road6943.github.io/Arras-Wra-Imgur-Backups/?cloudName=road6943&imgurLink=https://imgur.com/a/5BBJVUU,Focal,,,3683499,Awootube,https://cdn.discordapp.com/attachments/1070857541602508812/1084639799257874432/screenshot_-_2023-03-12T204754.837.png,Overgunner,
,,,,,,2698963,Marcus,https://imgur.com/a/vKhpyXq,Fighter,,,3303910,Mr.Hacker YT,https://cdn.discordapp.com/attachments/1064026218527207564/1125355775884263424/screenshot_-_2023-07-03T011436.888.png,Hexa Tank,,,14245593,Rog456,https://cdn.discordapp.com/attachments/928174021592383489/1132126443841781870/D7F4759C-D69D-4688-AA68-6CC41239BFB2.png,Single,,,8010030,Slade,https://cdn.discordapp.com/attachments/928174021592383489/1141016525936009298/screenshot_-_2023-08-14T225010.png,Gunner Trapper,TBR,,4281680,Hertz,https://imgur.com/a/JV25LQF,Munition,,,,,,,,,,,,,,,3657143,Mr.Hacker YT,https://cdn.discordapp.com/attachments/1064026218527207564/1064352637614563348/screenshot_-_2023-01-13T174933.863.png,Big Cheese,
,,,,,,2636912,Armin,https://road6943.github.io/Arras-Wra-Imgur-Backups/?cloudName=road6943&imgurLink=https://imgur.com/a/DK7VCcp,Atomizer,,,3287233,Skrialik,https://cdn.discordapp.com/attachments/928174021592383489/1141525040228217052/screenshot_-_2023-07-26T062348.png,Fortress,,,13779227,Mr.Hacker YT,https://cdn.discordapp.com/attachments/928174021592383489/1142312196664201297/screenshot_-_2023-08-18T212029.154.png,Manager,TBR,,7788766,Salla,https://cdn.discordapp.com/attachments/866023322529955870/1096926557408342136/screenshot_39.png,Auto Assassin,,,4268816,Neptuun,https://cdn.discordapp.com/attachments/866023322529955870/1139016520404578374/screenshot_70.png,Auto Cruiser,,,,,,,,,,,,,,,3380433,Allan,https://road6943.github.io/Arras-Wra-Imgur-Backups/?cloudName=road6943&imgurLink=https://imgur.com/a/BYOtKdx,Shotgun,
,,,,,,2595984,Smiley,https://cdn.discordapp.com/attachments/1066451260611506236/1104078560639066132/screenshot_39.png,Auto Tri-Angle,,,3272373,Aero,https://cdn.discordapp.com/attachments/866023322529955870/1128248673042702456/screenshot_8.png,Fighter,,,13524688,byekc,https://cdn.discordapp.com/attachments/866023322529955870/1109055950607876166/Ekran_Goruntusu_6828.png,Falcon,?,,7775630,Templar,https://cdn.discordapp.com/attachments/1136619020100059146/1149384164508962947/screenshot_22.png,Hunter,TBR,,3704780,Marcus,https://road6943.github.io/Arras-Wra-Imgur-Backups/?cloudName=road6943&imgurLink=https://imgur.com/a/inhNSyU,Ordnance,,,,,,,,,,,,,,,3283705,Quad,https://road6943.github.io/Arras-Wra-Imgur-Backups/?cloudName=road6943&imgurLink=https://i.imgur.com/IJrqRKv.png,Engineer,
,,,,,,2521672,Marcus,https://imgur.com/a/juXlSiG,Destroyer,,,3237825,Marcus,https://imgur.com/a/3eHpSKv,Annihilator,,,12732303,ŒπŒ±,https://cdn.discordapp.com/attachments/928174021592383489/1127655238711640186/screenshot_-_2023-03-19T103357.png,Fortress,,,7741098,Mr.Hacker YT,https://cdn.discordapp.com/attachments/981241581044637696/1116094851646230671/screenshot_-_2023-01-06T174702.473.png,Auto Assassin,,,3581271,Marcus,https://cdn.discordapp.com/attachments/1113513104467304488/1135931825705992314/screenshot_-_2023-08-01T154716.948.png,Infestor,,,,,,,,,,,,,,,3241008,Jess,https://cdn.discordapp.com/attachments/1070857541602508812/1079232634250596513/screenshot_84.png,Atomizer,
,,,,,,2436002,Awootube,https://cdn.discordapp.com/attachments/1070857541602508812/1099713695531143259/screenshot_-_2023-04-23T105946.png,Mega Smasher,,,3234945,Quad,https://imgur.com/tw7dgZZ,Machine Gunner,,,12292585,Marcus,https://cdn.discordapp.com/attachments/1095472648886165704/1136667850166247484/screenshot_-_2023-08-03T163157.926.png,Auto Overseer,,,7684917,noscore,https://cdn.discordapp.com/attachments/866023322529955870/1064812862138220574/screenshot_31.png,Landmine,,,3363127,üéã,https://cdn.discordapp.com/attachments/866023322529955870/1122550910904713288/screenshot_-_2023-06-25T103602.641.png,Assembler,,,,,,,,,,,,,,,3117873,Jess,https://cdn.discordapp.com/attachments/1070857541602508812/1076332819959255081/screenshot_17.png,Triple Shot,
,,,,,,2426892,Lamp,https://cdn.discordapp.com/attachments/1070857541602508812/1097883995448037537/screenshot_-_2023-04-18T085846.172.png,Auto-5,,,3027176,Quad,https://imgur.com/gallery/iOuEN2w,Atomizer,,,11600008,Chris3773,https://imgur.com/gallery/juN6tqq,Commander,TBR,,7494683,Jess,https://cdn.discordapp.com/attachments/866023322529955870/1127024494037438594/screenshot49.png,Smasher,,,3330614,jax,https://cdn.discordapp.com/attachments/1138529019541868686/1143747670381445172/screenshot_-_2023-08-21T185933.446.png,Nailgun,,,,,,,,,,,,,,,3015933,Puffins,https://cdn.discordapp.com/attachments/866023322529955870/1133408424927965184/screenshot_-_2023-07-25T213649.458.png,Redistributor,
,,,,,,,,,,,,,,,,,,,,,,,,,,,,,,,,,,,,,,,,,,,,,,,,,,,,
,,,,,,2022,,,,,,2022,,,,,,2022,,,,,,2022,,,,,,2022,,,,,,2022,,,,,,2022,,,,,,2022,,,,
,,,,,,Score,Player,Link,Tank,S,,Score,Player,Link,Tank,S,,Score,Player,Link,Tank,S,,Score,Player,Link,Tank,S,,Score,Player,Link,Tank,S,,Score,Player,Link,Tank,S,,Score,Player,Link,Tank,S,,Score,Player,Link,Tank,S
,,,,,,5266848,ZeZo,https://imgur.com/a/MgRXM1w,Shotgun,,,,,,,,,17770864,ExC,https://imgur.com/gallery/qoopBka,Gunner Trapper,,,13550218,Thx m8,https://imgur.com/a/KnlDnhf,Overlord,,,7055567,Smiley,https://imgur.com/a/IEY9Uk3,Smasher,,,7130528,safuez,https://cdn.discordapp.com/attachments/941221820810543155/941338879687000064/8tzTqyr_d.png,Factory,TBR,,11147953,Skrialik,https://imgur.com/a/8trHyPr,Overlord,,,11626716,Anak,https://imgur.com/gallery/j18MkES,Battleship,
,,,,,,5253566,Quad,https://i.imgur.com/jfUP22F.png,Bent Hybrid,,,,,,,,,13092858,Mr.Hacker YT,https://imgur.com/gallery/VNGW62S,Overlord,,,10334542,Slade,https://cdn.discordapp.com/attachments/1093983574065156216/1106673417345835109/unknown.png,Auto Cruiser,,,6260000,Smiley,https://www.youtube.com/watch?v=jcVvMD0tIFk,Annihilator,,,6164654,ExC,https://imgur.com/a/0ojm0vn,Hybrid,,,5595848,Skrialik,https://imgur.com/a/hbosxz1,Swarmer,,,10814596,Slade,https://cdn.discordapp.com/attachments/866023322529955870/1042980358037180416/unknown.png,Overgunner,
,,,,,,4439908,Smiley,https://road6943.github.io/Arras-Wra-Imgur-Backups/?cloudName=road6943&imgurLink=https://imgur.com/a/5n5CIJp,Auto Tri-Angle,,,,,,,,,13005049,Harry,https://imgur.com/a/8c1B2EI,Overlord,TBR,,10100386,Nyrox,https://imgur.com/a/0wjdGvs,Manager,,,4755069,üéã,https://road6943.github.io/Arras-Wra-Imgur-Backups/?cloudName=road6943&imgurLink=https://imgur.com/a/cwl1Oml,Destroyer,,,4093541,Mine,https://road6943.github.io/Arras-Wra-Imgur-Backups/?cloudName=road6943&imgurLink=https://imgur.com/a/lvSr9Qn,Mega Smasher,,,5149655,Slade,https://cdn.discordapp.com/attachments/1044121536656850967/1044681468565258381/unknown.png,Streamliner,,,8182540,Slade,https://cdn.discordapp.com/attachments/928174021592383489/1127068247846563860/screenshot_-_2022-10-19T210321.png,Fortress,
,,,,,,4184611,ŒπŒ±,https://imgur.com/gallery/XqzwE9X,Surfer,,,,,,,,,11912075,Jess,https://imgur.com/a/Dvb3Txy,Streamliner,,,10023367,Thing,https://imgur.com/a/c8e7R3d,Streamliner,,,4510209,Mine,https://road6943.github.io/Arras-Wra-Imgur-Backups/?cloudName=road6943&imgurLink=https://imgur.com/a/AI4ijwq,Tri-Angle,,,3795821,Mine,https://road6943.github.io/Arras-Wra-Imgur-Backups/?cloudName=road6943&imgurLink=https://imgur.com/a/CTWxXsr,Big Cheese,,,4541090,jax,https://imgur.com/a/FnOpsI9,Factory,,,8007042,Quad,https://imgur.com/gmbUiUr,Machine Gun,
,,,,,,4007524,Athu,https://cdn.discordapp.com/attachments/1145412502625206422/1159253725697806336/image.png?ex=65305a2a&is=651de52a&hm=9e2cff37c758f33ec9dec8ecb9e91018e3096589f84fe12858fd2914bae4440b&,Fighter,,,,,,,,,11201217,rela üê£,https://imgur.com/gallery/8BGbaGo,Overlord,,,10020000,Marcus,https://cdn.discordapp.com/attachments/559793341143711767/1116115305358426173/marcus10moverlordproof.png,Overlord,,,3599341,Mine,https://road6943.github.io/Arras-Wra-Imgur-Backups/?cloudName=road6943&imgurLink=https://imgur.com/a/lhW9813,Rifle,,,3230686,Armin,https://road6943.github.io/Arras-Wra-Imgur-Backups/?cloudName=road6943&imgurLink=https://imgur.com/a/XmEwFRG,Launcher,,,3770292,GuyWithLag,https://road6943.github.io/Arras-Wra-Imgur-Backups/?cloudName=road6943&imgurLink=https://imgur.com/a/FZBUelJ,Skimmer,,,7258999,Quad,https://imgur.com/a/V5ReyDx,Bulwark,
,,,,,,3697402,Eternity,https://road6943.github.io/Arras-Wra-Imgur-Backups/?cloudName=road6943&imgurLink=https://imgur.com/a/4UdJMQJ,Triple Twin,,,,,,,,,10693117,zo,https://imgur.com/a/mwyiF17,Manager,TBR,,9696999,Para,https://imgur.com/gallery/NHaWUgK,Rifle,?,,2528370,Marcus,https://road6943.github.io/Arras-Wra-Imgur-Backups/?cloudName=road6943&imgurLink=https://imgur.com/a/Uaxxx11,Gunner,,,3116211,Mine,https://road6943.github.io/Arras-Wra-Imgur-Backups/?cloudName=road6943&imgurLink=https://imgur.com/a/2lYCtyd,Hewn Double,,,,,,,,,7203440,Quad,https://imgur.com/a/izc5CcM,Bent Hybrid,
,,,,,,3449417,ŒπŒ±,https://cdn.discordapp.com/attachments/934213763480031252/981041517286289421/screenshot_-_2022-05-30T204749.841.png,Bent Double,,,,,,,,,10555678,Mine,https://imgur.com/a/ovD4LLK,Mega Smasher,,,9533746,Thing,https://imgur.com/a/3tyXdPH,Auto Assassin,,,,,,,,,3026066,Slade,https://cdn.discordapp.com/attachments/928174021592383489/1127650417669591060/73D204CF-804B-4786-A2A4-74FE6569360D.png,Maleficitor,,,,,,,,,6847834,Skrialik,https://imgur.com/a/Y3QPrsp,Overseer,
,,,,,,3310870,Skrialik,https://road6943.github.io/Arras-Wra-Imgur-Backups/?cloudName=road6943&imgurLink=https://imgur.com/a/vK3aQB4,Booster,,,,,,,,,10279160,ASkib,https://imgur.com/a/D5h8xQi,Overlord,,,9421794,Smiley,https://imgur.com/a/YRsldB4,Hybrid,,,,,,,,,2278103,duc,https://road6943.github.io/Arras-Wra-Imgur-Backups/?cloudName=road6943&imgurLink=https://imgur.com/a/XQ0YL9q,Tri-Trapper,,,,,,,,,6468494,Para,https://media.discordapp.net/attachments/889688731668336640/1009630931641966602/screenshot_-_2022-08-17T143123.517.png?width=1521&height=855,Streamliner,
,,,,,,3220980,ExC,https://road6943.github.io/Arras-Wra-Imgur-Backups/?cloudName=road6943&imgurLink=https://imgur.com/a/Jlnxv96,Bomber,,,,,,,,,10102087,Corrupt Y,https://cdn.discordapp.com/attachments/866023322529955870/1037903160318119996/unknown.png,Auto Assassin,,,8766383,ŒπŒ±,https://imgur.com/a/QOBnWh5,Streamliner,,,,,,,,,,,,,,,,,,,,,6056772,Nyrox,https://imgur.com/a/nHPqKDV,Bent Double,
,,,,,,3214647,Jess,https://cdn.discordapp.com/attachments/856614995802325032/1002378030636867655/unknown.png,Auto Tri-Angle,,,,,,,,,10011112,bum,https://imgur.com/a/svSdvVH,Crossbow,,,8685803,byekc,https://cdn.discordapp.com/attachments/904322106207121448/977276527479771226/unknown.png,Overlord,,,,,,,,,,,,,,,,,,,,,6023075,Para,https://cdn.discordapp.com/attachments/866023322529955870/988279828681723904/unknown.png,Auto Double,
,,,,,,3193808,Thing,https://road6943.github.io/Arras-Wra-Imgur-Backups/?cloudName=road6943&imgurLink=https://imgur.com/a/1BoCD2Z,Swarmer,,,,,,,,,10009654,Smiley,https://imgur.com/a/diNokDG,Overlord,,,8619700,Smiley,https://imgur.com/a/aEKAbjg,Destroyer,,,,,,,,,,,,,,,,,,,,,5752590,Roman,https://imgur.com/a/HB54PUa,Manager,
,,,,,,3121598,LOLOLO,https://road6943.github.io/Arras-Wra-Imgur-Backups/?cloudName=road6943&imgurLink=https://imgur.com/a/1ZKnPr0,Crossbow,,,,,,,,,9900126,Nyrox,https://imgur.com/a/tqHAmsH,Auto Overseer,,,8440849,Vangu,https://imgur.com/a/V04ayJi,Bomber,,,,,,,,,,,,,,,,,,,,,5610404,Quad,https://imgur.com/a/Ld0MHcV,Artillery,
,,,,,,3054637,Endless,https://imgur.com/gallery/l5JBRik,Architect,,,,,,,,,9676123,Corrupt Y,https://cdn.discordapp.com/attachments/866023322529955870/1038164717597904946/Screenshot_711.png,Spawner,Legacy,,8377046,Skrialik,https://imgur.com/a/TLLyeD0,Overdrive,,,,,,,,,,,,,,,,,,,,,5594392,Slade,https://cdn.discordapp.com/attachments/1044121536656850967/1048852645869269102/NZz5YFD.png,Boomer,
,,,,,,3013127,Smiley,https://media.discordapp.net/attachments/811691694231781386/974666973088731226/screenshot_81.png?width=1202&height=676,Auto Tri-Angle,,,,,,,,,9068051,safuez,https://cdn.discordapp.com/attachments/928174021592383489/1137072081096425483/safuez.png,Auto Spawner,Legacy,,8344968,√ñ.,https://imgur.com/a/un0HoEd,Mega Smasher,Legacy,?,,,,,,,,,,,,,,,,,,,5591142,ŒπŒ±,https://imgur.com/gallery/cDWX1Ax,Bent Double,
,,,,,,2996761,Marcus,https://imgur.com/a/GnlPZOo,Single,,,,,,,,,8858460,Quad,https://imgur.com/a/RKECd8Y,Falcon,,,8333724,zo,https://imgur.com/a/JHXjzF9,Streamliner,,,,,,,,,,,,,,,,,,,,,5478109,Quad,https://imgur.com/a/docOyVN,Constructor,? when was first part of this done
,,,,,,2941188,Endless,https://imgur.com/gallery/LkeCpGg,Hexa Trapper,,,,,,,,,8604466,Nyrox,https://imgur.com/a/Q20RDf1,Auto Smasher,,,8268140,Skrialik,https://imgur.com/a/Q7cXao1,Auto Overseer,,,,,,,,,,,,,,,,,,,,,5355888,Mr.Hacker YT,https://imgur.com/gallery/7bTomXS,Auto Assassin,
,,,,,,2849055,Skrialik,https://road6943.github.io/Arras-Wra-Imgur-Backups/?cloudName=road6943&imgurLink=https://imgur.com/a/OqbTWcj,Boomer,,,,,,,,,8498114,Lamp,https://imgur.com/a/RagDDus,Manager,,,8159703,Colon,https://cdn.discordapp.com/attachments/1115076826809769986/1116131581057306774/IMG_1595.png,Auto Overseer,,,,,,,,,,,,,,,,,,,,,5325571,Skrialik,https://imgur.com/a/jg7z7Jy,Auto-5,Legacy
,,,,,,2562033,Quad,https://imgur.com/jdqRuFx,Hybrid,,,,,,,,,8463785,Mr.Hacker YT,https://imgur.com/gallery/wtYZgfh,Ranger,,,8106587,Skrialik,https://imgur.com/a/AjSdAYS,Manager,,,,,,,,,,,,,,,,,,,,,5279384,Skrialik,https://imgur.com/a/V4lyoWF,Auto Double,
,,,,,,2398939,Jess,https://road6943.github.io/Arras-Wra-Imgur-Backups/?cloudName=road6943&imgurLink=https://imgur.com/a/kA2gGto,Cruiser,,,,,,,,,8432982,Corrupt Y,https://cdn.discordapp.com/attachments/866023322529955870/1022725741626015764/Screenshot_423.png,Bent Double,,,7894354,Nyrox,https://imgur.com/a/cipwQuI,Auto Overseer,,,,,,,,,,,,,,,,,,,,,5273964,Mr.Hacker YT,https://imgur.com/gallery/ArJsh5t,Nailgun,
,,,,,,2319929,Marcus,https://road6943.github.io/Arras-Wra-Imgur-Backups/?cloudName=road6943&imgurLink=https://imgur.com/a/lJ4QePJ,Eagle,,,,,,,,,8253075,bum,https://imgur.com/a/DefXlhW,Predator,,,7526608,Smiley,https://imgur.com/a/VnYtt5S,Spike,,,,,,,,,,,,,,,,,,,,,5186480,ŒπŒ±,https://imgur.com/gallery/GWEErve,Falcon,
,,,,,,,,,,,,,,,,,,,,,,,,,,,,,,,,,,,,,,,,,,,,,,,,,,,,
,,,,,,2021,,,,,,2021,,,,,,2021,,,,,,2021,,,,,,2021,,,,,,2021,,,,,,2021,,,,,,2021,,,,
,,,,,,Score,Player,Link,Tank,S,,Score,Player,Link,Tank,S,,Score,Player,Link,Tank,S,,Score,Player,Link,Tank,S,,Score,Player,Link,Tank,S,,Score,Player,Link,Tank,S,,Score,Player,Link,Tank,S,,Score,Player,Link,Tank,S
,,,,,,7049661,Tommy,https://cdn.discordapp.com/attachments/801013894805323808/836523024157114468/screenshot_-_2021-04-27T103734.192.png,Fighter,Legacy,,,,,,,,10220360,ŒπŒ±,https://www.youtube.com/watch?v=hJLJHmGx9hQ,Overlord,,,27537009,Skrialik,https://cdn.discordapp.com/attachments/928174021592383489/1130948964045291540/000__aHR0cHM6Ly9pLmltZ3VyLmNvbS9pVDNpYlFpLnBuZw3D3D.png,Overseer,,,7489909,byekc,https://cdn.discordapp.com/attachments/920837868543438878/951964758423273482/unknown_2021.png,Rocketeer,,,11720549,Slade,https://cdn.discordapp.com/attachments/1093983574065156216/1106673054903451658/screenshot_-_2021-05-14T152049.png,Streamliner,,,9101585,ExC,https://imgur.com/a/gMCl59z,Surfer,Legacy,,12345678,Skrialik,https://imgur.com/a/7b0FnkI,Predator,Legacy
,,,,,,6888942,Endless,https://imgur.com/gallery/PJziRUu,Artillery,,,,top 2021 maze scores yanno,,,,,8643569,Marcus,https://imgur.com/a/90HdDrY,Overlord,,,20021586,Roman,https://imgur.com/a/cMumfGB,Auto Overseer,,,6530341,Allan,https://imgur.com/a/fBwMqFC,Commander,,,6307262,Thx m8,https://imgur.com/a/gA8MviK,Smasher,,,7386144,rela üê£,https://imgur.com/gallery/NBxOvsQ,Overdrive,,,8151530,Jess,https://imgur.com/a/1scHNcj,Auto Double,
,,,,,,6364544,Ender,https://cdn.discordapp.com/attachments/803352420117774377/838126391399546890/screenshot_-_2021-05-01T205348.267.png,Surfer,Legacy,,,,,,,,7484728,Allan,https://imgur.com/a/VmbiiPb,Crossbow,,,15615614,Skrialik,https://imgur.com/a/t92Wf2h,Overlord,,,5761622,Skrialik,https://imgur.com/a/TFitCep,Overseer,,,6001350,rela üê£,https://imgur.com/gallery/0erVnX0,Overdrive,,,6836778,Mine,https://imgur.com/a/roNCtVR,Streamliner,,,7625281,Jess,https://imgur.com/a/SzBDnyh,Gunner Trapper,
,,,,,,6136390,ü•ïCrazy Carrotü•ï,https://imgur.com/a/0oxXUPw,Fighter,Legacy,,,,,,,,6847212,Thing,https://imgur.com/a/z6ssqnS,Annihilator,,,13960825,ü•ïCrazy Carrotü•ï,https://imgur.com/a/wzNDW95,Overlord,,,5323051,Mine,https://imgur.com/a/eGL3oVk,Mega Smasher,,,5105669,<‚ùÇ> ‚Ç≠«ør…áa,https://imgur.com/gallery/boXiZCr,Builder,,,5302524,Quad,https://imgur.com/a/pgtBKXX,Overlord,,,6999083,rela üê£,https://imgur.com/gallery/g7L8W8l,Flank Guard,
,,,,,,6089463,ZeZo,https://imgur.com/a/Z2FQEh3,Bulwark,,,,,,,,,6757462,Roman,https://imgur.com/a/4l7WZ5a,Necromancer,,,11633647,rela üê£,https://imgur.com/gallery/1ahw5PA,Overseer,,,3648199,Broken,https://road6943.github.io/Arras-Wra-Imgur-Backups/?cloudName=road6943&imgurLink=https://imgur.com/a/Z3gFsM5,Poacher,,,5073405,Thing,https://imgur.com/a/XJy80bJ,Hybrid,,,5094405,132,https://imgur.com/a/luva5uJ,Architect,,,6582927,Roman,https://imgur.com/a/n02zxZh,Overlord,
,,,,,,6079456,Allan,https://imgur.com/a/AlYmN4N,Auto Tri-Angle,Legacy,,,,,,,,6682164,Jess,https://imgur.com/a/5gE1jAM,Auto Overseer,,,10864836,Zeph,https://cdn.discordapp.com/attachments/803352420117774377/853718954018865173/D17EE8D3-E572-4A95-B4B9-37A33F5FE5F3.jpeg,Overlord,,,3078395,Nguyen,https://road6943.github.io/Arras-Wra-Imgur-Backups/?cloudName=road6943&imgurLink=https://imgur.com/a/r182BmF,Machine Gunner,,,4323791,rela üê£,https://imgur.com/gallery/bLq20M7,Hexa Tank,,,5069397,Mythical,https://media.discordapp.net/attachments/847194037353316402/847194206698602566/Screenshot_2021-05-26_15.07.40.png?,Annihilator,,,6139047,Athu,https://imgur.com/a/FlZca6E,Auto Assassin,
,,,,,,6052919,Rog456,https://imgur.com/a/FTIVvxa,Spike,,,,,,,,,6663824,WL9,https://imgur.com/gallery/egM5fds,Necromancer,,,10306354,Skrialik,https://imgur.com/a/MIQdcL5,Bushwhacker,,,,,,,,,3226541,Mine,https://road6943.github.io/Arras-Wra-Imgur-Backups/?cloudName=road6943&imgurLink=https://imgur.com/a/Pp7Cfd6,Boomer,,,5049815,Athu,https://cdn.discordapp.com/attachments/731498658276835398/895963033657024522/screenshot_-_2021-10-08T143840.563.png,Skimmer,,,5847826,Allan,https://imgur.com/a/HsucXJv,Predator,
,,,,,,6046829,Lamp,https://imgur.com/a/UIvRyJo,Ordnance,Legacy,,,,,,,,6583355,ASkib,https://imgur.com/a/Na3ydbW,Predator,,,10191662,Corrupt X,https://ibb.co/album/S4pcLJ,Overgunner,,,,,,,,,3186555,Mine,https://road6943.github.io/Arras-Wra-Imgur-Backups/?cloudName=road6943&imgurLink=https://imgur.com/a/pRixYaT,Armsman,,,5006808,Quad,https://imgur.com/a/mvoTIvj,Ranger,,,5836425,rela üê£,https://media.discordapp.net/attachments/725995383800594488/845603400895823882/unknown.png,Auto Spawner,
,,,,,,6012132,Stradpult,https://media.discordapp.net/attachments/454578417745133580/819296181259075594/unknown.png,Surfer,Legacy,,,,,,,,6511640,Skrialik,https://imgur.com/a/5BxfCBK,Overseer,,,10059466,Slade,https://cdn.discordapp.com/attachments/866023322529955870/896235033591967794/screenshot_-_2021-10-08T231624.254.png,Ranger,,,,,,,,,3026505,<‚ùÇ> ‚Ç≠«ør…áa,https://cdn.discordapp.com/attachments/790131315139543040/837700236956139590/screenshot_75.png,Builder,,,4784402,For Kenza üåπ,https://imgur.com/a/IId9zjj,Rocketeer,,,5813629,<‚ùÇ> ‚Ç≠«ør…áa,https://imgur.com/gallery/5auaT4L,Triple Shot,
,,,,,,6008179,Jess,https://imgur.com/a/29xgu28,Triplet,,,,,,,,,6461922,byekc,https://imgur.com/a/pzIYtDP,Overdrive,,,8398505,bean,https://imgur.com/a/fl82NLN,Fighter,Legacy,,,,,,,,2704600,cute sus,https://imgur.com/gallery/UM9m2WE,Beekeeper,,,4591537,132,https://cdn.discordapp.com/attachments/803352420117774377/838876306359713852/screenshot_28.png,Gunner,,,5787446,Skrialik,https://imgur.com/a/lmVyHqu,Fighter,Legacy
,,,,,,5881966,Tommy,https://imgur.com/a/WpMP67P,Bent Double,,,,,,,,,6396753,Colon,https://imgur.com/a/LKjRDKd,Auto Overseer,,,7461189,Roman,https://imgur.com/a/Fd94BBt,Triplet,,,,,,,,,2163316,Moral X,https://road6943.github.io/Arras-Wra-Imgur-Backups/?cloudName=road6943&imgurLink=https://imgur.com/a/tNPaSNi,Pounder,,,4370542,Corrupt X,https://road6943.github.io/Arras-Wra-Imgur-Backups/?cloudName=road6943&imgurLink=https://imgur.com/a/K69oDFz,Bulwark,,,5764475,Roman,https://imgur.com/a/bvpYU47,Triplet,
,,,,,,5753120,√ñ.,https://imgur.com/a/WccOoCk,Cyclone,,,,,,,,,6328022,Slade,https://imgur.com/hpKmxFp,Octo Tank,,,7350509,z,https://imgur.com/a/GR8fJpE,Overlord,,,,,,,,,1973238,no go,https://imgur.com/a/VXwanIl,Tri-Trapper,Legacy,,4202325,PQD[VN](DVN),https://road6943.github.io/Arras-Wra-Imgur-Backups/?cloudName=road6943&imgurLink=https://imgur.com/a/YWmbwPt,Boomer,,,5610574,rela üê£,https://imgur.com/gallery/vmtO4ha,Twin,
,,,,,,5596205,Smiley,https://imgur.com/a/Tio3ewq,Auto Tri-Angle,Legacy,,,,,,,,6282160,Colon,https://imgur.com/a/wdNW8fN,Overtrapper,,,7309124,Quad,https://imgur.com/a/L1246Ro,Sniper,,,,,,,,,,,,,,,4164749,Ice Cream Samich,https://road6943.github.io/Arras-Wra-Imgur-Backups/?cloudName=road6943&imgurLink=https://imgur.com/a/LsSduOW,Octo Tank,,,5501606,rela üê£,https://imgur.com/gallery/XK8LFwK,Bent Hybrid,
,,,,,,5422667,ü•ïCrazy Carrotü•ï,https://imgur.com/a/KJy2g6R,Overlord,,,,,,,,,6203522,WL9,https://imgur.com/a/gXeCk43,Annihilator,,,7045215,ü•ïCrazy Carrotü•ï,https://media.discordapp.net/attachments/875751690765226044/893609531047829514/7.045m_Octo.png,Octo Tank,,,,,,,,,,,,,,,4079006,ExC,https://imgur.com/a/UVJmXTe,Rocketeer,,,5388510,Allan,https://imgur.com/a/kDyvcW1,Banshee,
,,,,,,5333629,ZeZo,https://imgur.com/a/aFpSMbR,Octo Tank,,,,,,,,,6088555,<‚ùÇ> ‚Ç≠«ør…áa,https://imgur.com/gallery/pMSq9sW,Octo Tank,,,6987025,Ender,https://cdn.discordapp.com/attachments/803352420117774377/847950593041498143/screenshot_-_2021-05-28T233002.198.png,Overlord,,,,,,,,,,,,,,,3431079,132,https://road6943.github.io/Arras-Wra-Imgur-Backups/?cloudName=road6943&imgurLink=https://imgur.com/a/yFrqd2o,Architect,,,5370528,rela üê£,https://imgur.com/gallery/KzjQVbi,Destroyer,
,,,,,,5269394,ZeZo,https://imgur.com/a/0wBIgc4,Hexa Tank,,,,,,,,,6011922,Jess,https://imgur.com/a/UraMA7j,Auto Assassin,,,6916194,Askatasuna,https://imgur.com/a/u86Ok84,Overlord,,,,,,,,,,,,,,,3300861,loaf,https://imgur.com/a/qQFi5Oj,Trap Guard,,,5359741,Allan,https://imgur.com/a/Gu091ns,Overdrive,
,,,,,,5198845,ZeZo,https://imgur.com/a/kAXpOb7,Machine Gun,,,,,,,,,6010034,rela üê£,https://imgur.com/gallery/s7bkCCe,Fighter,Legacy,,6840775,Ender,https://imgur.com/gallery/oOgXAtC,Mortar,,,,,,,,,,,,,,,3252800,Mine,https://road6943.github.io/Arras-Wra-Imgur-Backups/?cloudName=road6943&imgurLink=https://imgur.com/a/z03M6X3,Sprayer,,,5339820,safuez,https://imgur.com/gallery/3qR1rou,Armsman,
,,,,,,5194435,Stradpult,https://media.discordapp.net/attachments/454578417745133580/816691830765649971/unknown.png,Surfer,Legacy,,,,,,,,5983746,lamita,https://imgur.com/gallery/GNUFWj3,Triplet,,,6238045,Colon,https://media.discordapp.net/attachments/706921138105877056/808789368629231716/screenshot_-_2021-02-09T150000.041.png,Auto Smasher,Legacy,,,,,,,,,,,,,,3216974,Athu,https://imgur.com/gallery/QKgnDOW,Armsman,,,5315542,ejv,https://imgur.com/gallery/IegJwb7,Hewn Double,
,,,,,,5160051,x,https://imgur.com/a/pQ1EhWp,Spreadshot,,,,,,,,,5595985,ExC,https://cdn.discordapp.com/attachments/395646588682240020/837003526529744926/Screenshot_942.png,Fighter,Legacy,,6193777,Hydra,https://imgur.com/a/EdSAm5d,Annihilator,,,,,,,,,,,,,,,3178385,From Asia,https://road6943.github.io/Arras-Wra-Imgur-Backups/?cloudName=road6943&imgurLink=https://imgur.com/a/uuDlFaM,Hunter,,,5280550,PQD[VN](DVN),https://imgur.com/a/EuLkelN,Gunner Trapper,
,,,,,,5144449,Quad,https://www.youtube.com/watch?v=KslP0ot4Hvs,Surfer,,,,,,,,,5582016,Broken,https://imgur.com/a/KTTA0aJ,Streamliner,,,6187712,Ender,https://imgur.com/a/QYuOCUi,Shotgun,,,,,,,,,,,,,,,3130509,PQD[VN](DVN),https://cdn.discordapp.com/attachments/790131315139543040/833002581155774484/unknown.png,Architect,,,5247505,Chaos,https://imgur.com/a/PUe3YPW,Destroyer,
,,,,,,,,,,,,,,,,,,,,,,,,,,,,,,,,,,,,,,,,,,,,,,,,,,,,
,,,,,,2020,,,,,,2020,,,,,,2020,,,,,,2020,,,,,,2020,,,,,,2020,,,,,,2020,,,,,,2020,,,,
,,,,,,Score,Player,Link,Tank,S,,Score,Player,Link,Tank,S,,Score,Player,Link,Tank,S,,Score,Player,Link,Tank,S,,Score,Player,Link,Tank,S,,Score,Player,Link,Tank,S,,Score,Player,Link,Tank,S,,Score,Player,Link,Tank,S
,,,,,,8708932,Stradpult,https://media.discordapp.net/attachments/454578417745133580/764495802529087498/unknown.png?width=1204&height=677,Surfer,Legacy,,,,,,,,,,,,,,10128996,ZeZo,https://imgur.com/a/BGPFnww,Overlord,,,5802534,Hellitica,https://imgur.com/a/Eqptz9w,Streamliner,,,5979885,Rog456,https://imgur.com/a/ccRh01y,Mega Smasher,Legacy,,5995452,Colon,https://imgur.com/a/ReKmkEM,Fighter,Legacy,,6157892,pedal,https://imgur.com/a/lf5rE4J,Surfer,Legacy
,,,,,,8152846,ExC,https://imgur.com/a/dLvBQfH,Fighter,Legacy,,,top 2021 maze scores yanno,,,,,,,,,,,9352891,pedal,https://imgur.com/a/3AK5MJI,Trap Guard,,,4433209,Corrupt X,https://www.youtube.com/watch?v=J4apbTosf00,Mortar,,,5638192,Corrupt X,https://www.youtube.com/watch?v=RVB-tWpv0Ro,Mortar,Legacy,,4084793,rela üê£,https://imgur.com/gallery/L5IaPmI,Artillery,,,5231535,Otobus,https://imgur.com/a/mZ654Tc,Mortar,
,,,,,,7386278,ExC,https://imgur.com/a/Ckq7LeM,Bomber,Legacy,,,,,,,,,,,,,,8631304,Skrialik,https://imgur.com/a/ab0WZDx,Auto Overseer,,,,,,,,,3713846,Corrupt X,https://www.youtube.com/watch?v=Z1JA3W0NSQ4,Barricade,,,,,,,,,4524378,Roman,https://road6943.github.io/Arras-Wra-Imgur-Backups/?cloudName=road6943&imgurLink=https://imgur.com/a/WZVR6vA,Sprayer,
,,,,,,7275547,Stradpult,https://imgur.com/gallery/I3ip2El,Fighter,Legacy,,,,,,,,,,,,,,7246079,Skrialik,https://imgur.com/a/8mnE7oY,Fighter,Legacy,,,,,,,,3295955,YT-TY,https://road6943.github.io/Arras-Wra-Imgur-Backups/?cloudName=road6943&imgurLink=https://imgur.com/a/sOAVgEx,Shotgun,,,,,,,,,,,,,
,,,,,,6217638,Roman,https://imgur.com/a/c4JjDth,Barricade,,,,,,,,,,,,,,,7118526,ExC,https://imgur.com/a/RxNQy8h,Auto Smasher,,,,,,,,,1745961,132,https://www.facebook.com/photo/?fbid=2795772253991118&set=pcb.2795773713990972,Auto 3,,,,,,,,,,,,,
,,,,,,6059703,Tommy,https://imgur.com/a/PtTnRvJ,Auto Tri-Angle,Legacy,,,,,,,,,,,,,,7095055,Roman,https://imgur.com/a/VtN2eUH,Necromancer,,,,,,,,,,,,,,,,,,,,,,,,,
,,,,,,6042764,eneri,https://imgur.com/a/JkqXh6U?,Bomber,Legacy,,,,,,,,,,,,,,6268213,Eternity,https://imgur.com/a/g4RaV2G,Auto Smasher,,,,,,,,,,,,,,,,,,,,,,,,,
,,,,,,6038482,Jms,https://imgur.com/a/4mgUw8s,Auto Tri-Angle,Legacy,,,,,,,,,,,,,,6004224,Legenda,https://imgur.com/a/OVZmUnJ,Triplet,,,,,,,,,,,,,,,,,,,,,,,,,
,,,,,,6018041,Roman,https://imgur.com/a/aaqQ4C9,Surfer,Legacy,,,,,,,,,,,,,,5991794,Colon,https://imgur.com/a/tDAQxoD,Mega Smasher,Legacy,,,,,,,,,,,,,,,,,,,,,,,,
,,,,,,5887844,Stradpult,https://media.discordapp.net/attachments/454578417745133580/792779223999184906/unknown.png,Surfer,Legacy,,,,,,,,,,,,,,5964844,Crazoodles,https://imgur.com/gallery/oQcDzZi,Dual,,,,,,,,,,,,,,,,,,,,,,,,,
,,,,,,5594437,Roman,https://imgur.com/a/XcYlRBH,Booster,Legacy,,,,,,,,,,,,,,5961895,ZeZo,https://imgur.com/a/MUl6vW9,Triplet,,,,,,,,,,,,,,,,,,,,,,,,,
,,,,,,5539118,JellySnk,https://imgur.com/a/hjwd7OZ,Basic,,,,,,,,,,,,,,,5856275,Rog456,https://cdn.discordapp.com/attachments/790127153223434240/791297225849569300/unknown.png,Auto Smasher,,,,,,,,,,,,,,,,,,,,,,,,,
,,,,,,5518921,mq,https://imgur.com/a/hPqyU7i,Bent Hybrid,,,,,,,,,,,,,,,5294921,ExC,https://imgur.com/gallery/9fK5pUE,Fighter,Legacy,,,,,,,,,,,,,,,,,,,,,,,,
,,,,,,5507442,Skrialik,https://imgur.com/a/3JdoNT2,Auto-5,,,,,,,,,,,,,,,,,,,,,,,,,,,,,,,,,,,,,,,,,,,
,,,,,,5495967,S3CR3T,https://cdn.discordapp.com/attachments/395646588682240020/673554637495992320/Kepernyofelvetel_134.png,Mortar,Legacy,,,,,,,,,,,,,,,,,,,,,,,,,,,,,,,,,,,,,,,,,,
,,,,,,5334915,ExC,https://imgur.com/a/ccT9sMd,Annihilator,,,,,,,,,,,,,,,,,,,,,,,,,,,,,,,,,,,,,,,,,,,
,,,,,,5247509,EB,https://imgur.com/a/NZZIImh,Minigun,,,,,,,,,,,,,,,,,,,,,,,,,,,,,,,,,,,,,,,,,,,
,,,,,,5197859,EB,https://imgur.com/a/yiKmIFM,Barricade,,,,,,,,,,,,,,,,,,,,,,,,,,,,,,,,,,,,,,,,,,,
,,,,,,5156364,Jms,https://imgur.com/a/M1Gvl9m,Surfer,Legacy,,,,,,,,,,,,,,,,,,,,,,,,,,,,,,,,,,,,,,,,,,
,,,,,,5142391,Endless,https://imgur.com/gallery/Hzwgl1T,Overtrapper,,,,,,,,,,,,,,,,,,,,,,,,,,,,,,,,,,,,,,,,,,,
,,,,,,,,,,,,,,,,,,,,,,,,,,,,,,,,,,,,,,,,,,,,,,,,,,,,
,,,,,,2019,,,,,,2019,,,,,,2021,,,,,,2019,,,,,,2019,,,,,,2019,,,,,,2019,,,,,,2019,,,,
,,,,,,Score,Player,Link,Tank,S,,Score,Player,Link,Tank,S,,Score,Player,Link,Tank,S,,Score,Player,Link,Tank,S,,Score,Player,Link,Tank,S,,Score,Player,Link,Tank,S,,Score,Player,Link,Tank,S,,Score,Player,Link,Tank,S
,,,,,,10070753,Stradpult,https://imgur.com/gallery/uljVxNX,Fighter,Legacy,,,,,,,,,,,,,,5940513,EB,https://imgur.com/a/GKz66tO,Artillery,Legacy,,3001775,Corrupt X,https://www.youtube.com/watch?v=AhiIqFN0y30,Eagle,,,,,,,,,3685785,Denied,www.youtube.com/watch?v=r1TxtoWL19Y,Double Twin,,,,uhjhjouhasoa,,,
,,,,,,9586016,Stradpult,https://imgur.com/gallery/oH1wsYj,Auto-5,Legacy,,,top 2021 maze scores yanno,,,,,,,,,,,5825518,Sonic -_-,https://imgur.com/gallery/OskzDDa,Mega Smasher,Legacy,,,,,,,,,,,,,,,,,,,,,,,,
,,,,,,9340186,Endless,https://imgur.com/gallery/FHxsqvn,Artillery,Legacy,,,,,,,,,,,,,,5198968,Myst,https://imgur.com/a/8sd5dU2,Fighter,Legacy,,,,,,,,,,,,,,,,,,,,,,,,
,,,,,,7407179,Stradpult,https://media.discordapp.net/attachments/454578417745133580/579267259894333440/unknown.png,Fighter,Legacy,,,,,,,,,,,,,,5083958,pedal,https://imgur.com/gallery/pq6QoVz,Fighter,Legacy,,,,,,,,,,,,,,,,,,,,,,,,
,,,,,,7403118,Stradpult,https://imgur.com/gallery/NPw1Hfj,Surfer,Legacy,,,,,,,,,,,,,,,,,,,,,,,,,,,,,,,,,,,,,,,,,,
,,,,,,7021334,Oganesson 118,https://imgur.com/gallery/9saovWK,Crop Duster,,,,,,,,,,,,,,,,,,,,,,,,,,,,,,,,,,,,,,,,,,,
,,,,,,6464122,Oganesson 118,https://imgur.com/gallery/kDahSw9,Artillery,Legacy,,,,,,,,,,,,,,,,,,,,,,,,,,,,,,,,,,,,,,,,,,
,,,,,,5831070,S3CR3T,https://cdn.discordapp.com/attachments/395646588682240020/596324341415804938/Kepernyofelvetel_50.png,Mortar,Legacy,,,,,,,,,,,,,,,,,,,,,,,,,,,,,,,,,,,,,,,,,,
,,,,,,5485864,Stradpult,https://media.discordapp.net/attachments/360882315200823297/551463467199234049/unknown.png,Spike,,,,,,,,,,,,,,,,,,,,,,,,,,,,,,,,,,,,,,,,,,,
,,,,,,5324842,Stradpult,https://imgur.com/gallery/x1DyvFb,Fighter,Legacy,,,,,,,,,,,,,,,,,,,,,,,,,,,,,,,,,,,,,,,,,,
,,,,,,5282002,ZeZo,https://imgur.com/a/48tSSqc,Auto Tri-Angle,Legacy,,,,,,,,,,,,,,,,,,,,,,,,,,,,,,,,,,,,,,,,,,
,,,,,,5002799,Damocles,https://imgur.com/a/EOU9Zv6,Mega Smasher,Legacy,,,,,,,,,,,,,,,,,,,,,,,,,,,,,,,,,,,,,,,,,,
,,,,,,4945067,Oganesson 118,https://imgur.com/gallery/qwmLhxu,Artillery,Legacy,,,,,,,,,,,,,,,,,,,,,,,,,,,,,,,,,,,,,,,,,,
,,,,,,4681743,Stradpult,https://cdn.discordapp.com/attachments/1113618535449624647/1156984215095746651/IMG_1309.png?ex=651ae984&is=65199804&hm=c789f43bc0bb53dfa107a1c62790851c49235f76d206c9982b4e6d8ad06fcfa8&,Surfer,Legacy,,,,,,,,,,,,,,,,,,,,,,,,,,,,,,,,,,,,,,,,,,
,,,,,,4574126,NoName,https://drive.google.com/file/d/1-N54n5thzL88G_S07gdzi1nQAAtUostc/view?usp=sharing,Bushwhacker,,,,,,,,,,,,,,,,,,,,,,,,,,,,,,,,,,,,,,,,,,,
,,,,,,4451028,Denied,https://www.youtube.com/watch?v=rzzbHo0Yh8E&feature=youtu.be,Sniper,,,,,,,,,,,,,,,,,,,,,,,,,,,,,,,,,,,,,,,,,,,
,,,,,,4311788,HZ6,https://road6943.github.io/Arras-Wra-Imgur-Backups/?cloudName=road6943&imgurLink=https://imgur.com/a/xSADz8F,Single,,,,,,,,,,,,,,,,,,,,,,,,,,,,,,,,,,,,,,,,,,,
,,,,,,4224711,Oganesson 118,https://imgur.com/gallery/4BJWBrT,Auto-5,Legacy,,,,,,,,,,,,,,,,,,,,,,,,,,,,,,,,,,,,,,,,,,
,,,,,,4063536,ZeZo,https://road6943.github.io/Arras-Wra-Imgur-Backups/?cloudName=road6943&imgurLink=https://imgur.com/a/0IeG57b,Flank Guard,,,,,,,,,,,,,,,,,,,,,,,,,,,,,,,,,,,,,,,,,,,
,,,,,,4010111,Sunburst,https://cdn.discordapp.com/attachments/512263683309699103/542337634169651220/arras.io_-_Google_Chrome_28.01.2019_6_33_21.png,Fighter,,,,,,,,,,,,,,,,,,,,,,,,,,,,,,,,,,,,,,,,,,,
,,,,,,,,,,,,,,,,,,,,,,,,,,,,,,,,,,,,,,,,,,,,,,,,,,,,
,,,,,,,,,,,,,,,,,,,,,,,,unverified,,,,,,,,,,,,,,,,,,unverified,,,,,,,,,,
,,,,,,,,,,,,,,,,,,,,,,,,7447385,asd,https://imgur.com/gallery/F5FT8Dm,Landmine,,,2506709,Corrupt Y,https://road6943.github.io/Arras-Wra-Imgur-Backups/?cloudName=road6943&imgurLink=https://imgur.com/a/HUaGSzI,Conqueror,,,1898021,Corrupt Y,https://imgur.com/a/xdQPka5,Gunner,,,5249935,jugg,https://imgur.com/gallery/gVmGx97,Battleship,,,,,,,
,,,,,,,,,,,,,,,,,,,,,,,,7399044,asd,https://imgur.com/gallery/Fb8K4hx,Spike,,,,,,,,,,,,,,,4647392,jugg,https://imgur.com/gallery/fra2Rsc,Mega-3,,,10530060,Slade,https://imgur.com/DIQXtmQ,Streamliner,
,,,,,,,,,,,,,,,,,,,,,,,,7032477,√ñ.,https://imgur.com/a/OdANkqX,Smasher,,,,,,,,,,,,,,,4153244,Slade,https://imgur.com/gallery/HADBMLt,Minigun,,,6901999,Slade,https://cdn.discordapp.com/attachments/559793341143711767/1118664416179802273/missing_evidence2.png,Hexa Tank,
,,,,,,,,,,,,,,,,,,,,,,,,6983844,Slade,https://cdn.discordapp.com/attachments/559793341143711767/1118664416179802273/missing_evidence2.png,Landmine,,,,,,,,,,,,,,,4027927,Stradpult,https://dl.airtable.com/4nO9AqIWTm8ycvVya2Tl_unknown.png,Skimmer,,,5679479,132,https://cdn.discordapp.com/attachments/559793341143711767/1114337259790008361/screenshot_25.png,Architect,
,,,,,,,,,,,,,,,,,,,,,,,,6381585,Sprunk,https://imgur.com/gallery/PZI6SMO,Booster,,,,,,,,,,,,,,,3711845,Slade,https://imgur.com/gallery/nUW3w6O,Triple Twin,,,5506615,Slade,https://cdn.discordapp.com/attachments/559793341143711767/1118664416179802273/missing_evidence2.png,Beekeeper,
,,,,,,,,,,,,,,,,,,,,,,,,6353349,Slade,https://cdn.discordapp.com/attachments/559793341143711767/1118664416179802273/missing_evidence2.png,Overlord,,,,,,,,,,,,,,,3562162,‚ö°ùïØùñóùñÜùñåùñîùñì‚ö°INDONESIA,https://imgur.com/a/Exr6MrZ,Mortar,,,5387149,Slade,https://cdn.discordapp.com/attachments/559793341143711767/1118664416179802273/missing_evidence2.png,Streamliner,
,,,,,,,,,,,,,,,,,,,,,,,,6141595,Slade,https://cdn.discordapp.com/attachments/559793341143711767/1118664416179802273/missing_evidence2.png,Predator,,,,,,,,,,,,,,,3531288,<‚ùÇ> ‚Ç≠«ør…áa,https://imgur.com/gallery/GyD7MTo,Builder,,,5317223,jugg,https://imgur.com/gallery/aJG6Ecg,Mega-3,
,,,,,,,,,,,,,,,,,,,,,,,,6116243,ŒπŒ±,https://imgur.com/gallery/XPAg66T,Mega Smasher,,,,,,,,,,,,,,,3006398,Absol,https://dl.airtable.com/Zz4ABn0iT42jWOvmfBV7_unknown.png,Musket,,,5280000,Colon,https://cdn.discordapp.com/attachments/559793341143711767/1116134893852835861/colon5maspproof.png,Auto Spawner,
,,,,,,,,,,,,,,,,,,,,,,,,5764446,asd,https://imgur.com/gallery/Oa7q1nx,Smasher,,,,,,,,,,,,,,,3006317,jugg,https://road6943.github.io/Arras-Wra-Imgur-Backups/?cloudName=road6943&imgurLink=https://imgur.com/a/zJ1dLJm,Mega-3,,,5257189,Slade,https://cdn.discordapp.com/attachments/928174021592383489/1144107143117688892/dYhMlHk.png,Twin,
,,,,,,,,,,,,,,,,,,,,,,,,5749515,asd,https://imgur.com/a/t7Z08BS,Smasher,,,,,,,,,,,,,,,2935795,Slade,https://imgur.com/gallery/3VK9eBC,Septa Trapper,,,5104307,Slade,https://cdn.discordapp.com/attachments/559793341143711767/1118664416179802273/missing_evidence2.png,Triplet,
,,,,,,,,,,,,,,,,,,,,,,,,5655265,Septerion,https://imgur.com/gallery/z5lWEt5,Auto Overseer,,,,,,,,,,,,,,,,,,,,,5091589,Para,https://imgur.com/gallery/69HEoCD,Triple Twin,
,,,,,,,,,,,,,,,,,,,,,,,,5647610,√ñ.,https://imgur.com/a/xKSiDIm,Smasher,,,,,,,,,,,,,,,,,,,,,5083845,ŒπŒ±,https://imgur.com/gallery/6S2dTda,Armsman,
,,,,,,,,,,,,,,,,,,,,,,,,5569343,Colon,https://cdn.discordapp.com/attachments/866023322529955870/1106304462865322105/screenshot_-_2023-03-25T195025.783.png,Auto Overseer,,,,,,,,,,,,,,,,,,,,,5055583,Slade,https://cdn.discordapp.com/attachments/559793341143711767/1118664416179802273/missing_evidence2.png,Hexa Trapper,
,,,,,,,,,,,,,,,,,,,,,,,,5387359,fortune,https://imgur.com/a/NjqlomY,Triplet,,,,,,,,,,,,,,,,,,,,,4761277,Para,https://imgur.com/gallery/8PsNEeY,Auto Double,
,,,,,,,,,,,,,,,,,,,,,,,,5310765,asd,https://imgur.com/a/4WF66wo,Smasher,,,,,,,,,,,,,,,,,,,,,4647442,Slade,https://road6943.github.io/Arras-Wra-Imgur-Backups/?cloudName=road6943&imgurLink=https://i.imgur.com/wjguUFd.png,Mortar,
,,,,,,,,,,,,,,,,,,,,,,,,5310738,Stradpult,https://imgur.com/gallery/X1fkZdU,Landmine,,,,,,,,,,,,,,,,,,,,,4529277,Slade,https://imgur.com/gallery/FsPyDpO,Spreadshot,
,,,,,,,,,,,,,,,,,,,,,,,,5297132,Slade,https://cdn.discordapp.com/attachments/559793341143711767/1118664416179802273/missing_evidence2.png,Swarmer,,,,,,,,,,,,,,,,,,,,,4356803,Slade,https://imgur.com/gallery/Awu12uK,Poacher,
,,,,,,,,,,,,,,,,,,,,,,,,5229041,Para,https://imgur.com/gallery/fiqYjba,Streamliner,,,,,,,,,,,,,,,,,,,,,4300000,132,https://cdn.discordapp.com/attachments/559793341143711767/1118664416179802273/missing_evidence2.png,Engineer,
,,,,,,,,,,,,,,,,,,,,,,,,5224008,asd,https://imgur.com/gallery/UuDS6Xr,Landmine,,,,,,,,,,,,,,,,,,,,,4168182,Slade,https://road6943.github.io/Arras-Wra-Imgur-Backups/?cloudName=road6943&imgurLink=https://i.imgur.com/EEmyQXL.png,Armsman,
,,,,,,,,,,,,,,,,,,,,,,,,5219062,From Asia,https://imgur.com/a/wWkG8m2,Manager,,,,,,,,,,,,,,,,,,,,,3988852,ExC,https://road6943.github.io/Arras-Wra-Imgur-Backups/?cloudName=road6943&imgurLink=https://imgur.com/a/9snuu2T,Bulwark,< when was first part
,,,,,,,,,,,,,,,,,,,,,,,,5109796,132,https://imgur.com/gallery/xr61AmQ,Architect,,,,,,,,,,,,,,,,,,,,,3887755,Para,https://imgur.com/gallery/3mCx1Ls,Sprayer,
,,,,,,,,,,,,,,,,,,,,,,,,5057253,asd,https://imgur.com/gallery/caU6R9t,Spike,,,,,,,,,,,,,,,,,,,,,3810322,Slade,https://imgur.com/gallery/M3Jn6D0,Ordnance,
,,,,,,,,,,,,,,,,,,,,,,,,,,,,,,,,,,,,,,,,,,,,,,,,3710000,132,https://cdn.discordapp.com/attachments/559793341143711767/1118664416179802273/missing_evidence2.png,Architect,
,,,,,,,,,,,,,,,,,,,,,,,,,,,,,,,,,,,,,,,,,,,,,,,,3698915,Slade,https://imgur.com/gallery/K1elzkU,Barricade,
,,,,,,,,,,,,,,,,,,,,,,,,,,,,,,,,,,,,,,,,,,,,,,,,3472999,<‚ùÇ> ‚Ç≠«ør…áa,https://imgur.com/gallery/STSRqjS,Builder,
,,,,,,,,,,,,,,,,,,,,,,,,,,,,,,,,,,,,,,,,,,,,,,,,3218769,Slade,https://imgur.com/gallery/FaebYe7,Factory,
,,,,,,,,,,,,,,,,,,,,,,,,,,,,,,,,,,,,,,,,,,,,,,,,3187058,Bowler,https://imgur.com/gallery/oCUZIqr,Hunter,Legacy
,,,,,,,,,,,,,,,,,,,,,,,,,,,,,,,,,,,,,,,,,,,,,,,,3029739,Para,https://imgur.com/gallery/V0NCwdH,Double Twin,