CellImage,,Gamemodes,,,,,,FFA,,,,,,Maze,,,,,,2TDM,,,,,,4TDM,,,,,,Open TDM,,,,,,Portal TDM,,,,,,Maze TDM,,,,,,Squads/Duos,,,,
,Rank,<- Use this rank column when swiping along the modes,,,,,,Score,Name,Proof,Tank,S,,Score,Name,Proof,Tank,S,,Score,Name,Proof,Tank,S,,Score,Name,Proof,Tank,S,,Score,Name,Proof,Tank,S,,Score,Name,Proof,Tank,S,,Score,Name,Proof,Tank,S,,Score,Name,Proof,Tank,S
,1,Mode:,,5 Mils,Total Score,Average Score,,10070753,Stradpult,https://imgur.com/gallery/uljVxNX,Fighter,Legacy,,12020522,ExC,https://cdn.discordapp.com/attachments/1056765828508422194/1144302158951497868/Screenshot_2151.png,Hybrid,Incognito,,44215098,Jess,https://www.youtube.com/watch?v=wAPi4qf1_Vk,Auto Overseer,,,27537009,Skrialik,https://cdn.discordapp.com/attachments/928174021592383489/1130948964045291540/000__aHR0cHM6Ly9pLmltZ3VyLmNvbS9pVDNpYlFpLnBuZw3D3D.png,Overseer,,,11147953,Skrialik,https://imgur.com/a/8trHyPr,Overlord,,,10037643,Salla,https://cdn.discordapp.com/attachments/1110695177498144872/1111235959120461885/ol_pm4_lastscore.png,Overlord,,,10720158,Toy Maker,https://cdn.discordapp.com/attachments/866023322529955870/1105469063330803803/screenshot_75.png,Auto Double,Incognito,,#N/A,,,,
,2,FFA,,72,427912119,5943223.875,,9586016,Stradpult,https://imgur.com/gallery/oH1wsYj,Auto-5,Legacy,,10074126,Maku,https://imgur.com/a/rjyQdJG,Engineer,Incognito,,25003315,Marcus,https://cdn.discordapp.com/attachments/866023322529955870/1079438475922784317/death_ss.png,Commander,,,20021586,Roman,https://imgur.com/a/cMumfGB,Auto Overseer,,,9101585,ExC,https://imgur.com/a/gMCl59z,Surfer,Legacy,,9617577,crong,https://imgur.com/a/SDRZ7MI,Landmine,,,6836778,Mine,https://imgur.com/a/roNCtVR,Streamliner,,,,,,,
,3,,,,,,,9340186,Endless,https://imgur.com/gallery/FHxsqvn,Artillery,Legacy,,10024113,Hydra,https://cdn.discordapp.com/attachments/433431402613309440/1096816824135462952/image.png,Annihilator,Incognito,,22483433,Jess,https://imgur.com/a/AWezhf3,Auto Overseer,,,16776260,Jess,https://imgur.com/a/K8web3M,Overlord,,,7386144,rela üê£,https://imgur.com/gallery/NBxOvsQ,Overdrive,,,8384128,Awootube,https://cdn.discordapp.com/attachments/866023322529955870/1099093084307988550/screenshot_-_2023-04-21T174616.253.png,Manager,,,6217536,Ussnub,https://cdn.discordapp.com/attachments/1125564247275999282/1125876611602985062/6.21_mil.png,Bent Double,,,,,,,
,4,Maze,,24,154146407,6422766.958333333,,8708932,Stradpult,https://media.discordapp.net/attachments/454578417745133580/764495802529087498/unknown.png?width=1204&height=677,Surfer,Legacy,,8153199,Neptuun,https://cdn.discordapp.com/attachments/1113618535449624647/1149738761043849226/screenshot_16.png,Surfer,Incognito,,20052585,Colon,https://cdn.discordapp.com/attachments/1135707353325518958/1142942079765450813/image.png,Crossbow,,,15615614,Skrialik,https://imgur.com/a/t92Wf2h,Overlord,,,7155032,Neptuun,https://imgur.com/a/q4o2jbm,Bent Hybrid,Incognito,,8102741,Corrupt X,https://imgur.com/a/gMw8tR8,Surfer,Legacy,,5069397,Mythical,https://media.discordapp.net/attachments/847194037353316402/847194206698602566/Screenshot_2021-05-26_15.07.40.png?,Annihilator,,,,,,,
,5,,,,,,,8152846,ExC,https://imgur.com/a/dLvBQfH,Fighter,Legacy,,8128972,Jackson,https://imgur.com/a/zubu6Fh,Auto Double,Incognito,,19435506,Quad,https://imgur.com/gallery/xSRaodY,Necromancer,,,14076885,Marcus,https://cdn.discordapp.com/attachments/1146204878331461642/1150402565029232702/screenshot_-_2023-09-10T140844.463.png,Overlord,TBR,,6066987,ŒπŒ±,https://imgur.com/gallery/LPqFBUd,Auto Overseer,,,7670200,Harry,https://i.imgur.com/Zu0imcQh.jpg,Overlord,,,,,,,,,,,,,
,6,2TDM,,365,2758337958,7557090.295890411,,7407179,Stradpult,https://media.discordapp.net/attachments/454578417745133580/579267259894333440/unknown.png,Fighter,Legacy,,6910714,Mr.Hacker YT,https://media.discordapp.net/attachments/1136619020100059146/1143468207735312444/screenshot_-_2023-08-22T015041.215.png?width=810&height=456,Hexa Tank,,,17770864,ExC,https://imgur.com/gallery/qoopBka,Gunner Trapper,,,13960825,ü•ïCrazy Carrotü•ï,https://imgur.com/a/wzNDW95,Overlord,,,5995452,Colon,https://imgur.com/a/ReKmkEM,Fighter,Legacy,,7323227,ascending,https://imgur.com/a/Kyd3JMy,Banshee,,,,,,,,,,,,,
,7,,,,,,,7403118,Stradpult,https://imgur.com/gallery/NPw1Hfj,Surfer,Legacy,,6731429,Marcus,https://cdn.discordapp.com/attachments/1095472648886165704/1137949723983106069/screenshot_-_2023-08-07T052547.389.png,Hexa Tank,,,17241238,noscore,https://cdn.discordapp.com/attachments/395646588682240020/1093846736130277376/screenshot_-_2023-04-07T102640.387.png,Predator,,,13550218,Thx m8,https://imgur.com/a/KnlDnhf,Overlord,,,5785337,Neptuun,https://imgur.com/a/RjPobCM,Auto Overseer,Incognito,,7191839,ZeZo,https://imgur.com/a/1ezge3c,Flank Guard,,,,,,,,,,,,,
,8,4TDM,,225,1562066546,6942517.982222222,,7386278,ExC,https://imgur.com/a/Ckq7LeM,Bomber,Legacy,,6234647,Chris3773,https://cdn.discordapp.com/attachments/866023322529955870/1127983781714853918/screenshot_-_2023-07-10T112404.877.png,Hybrid,Incognito,,16378462,Jess,https://youtu.be/9dAJn-ReCwU,Overlord,,,12033305,Mr.Hacker YT,https://cdn.discordapp.com/attachments/1146049737494114356/1147847776961577000/screenshot_-_2023-09-03T035609.930.png,Hexa Tank,TBR,,5741778,Neptuun,https://imgur.com/a/hYVosok,Banshee,Incognito,,7186304,Armin,https://imgur.com/a/fbWsmos,Overlord,Incognito,,,,,,,,,,,,
,9,,,,,,,7275547,Stradpult,https://imgur.com/gallery/I3ip2El,Fighter,Legacy,,6201335,Jackson,https://imgur.com/a/75C4K5f,Factory,Incognito,,16051959,ExC,https://cdn.discordapp.com/attachments/928174021592383489/1136731726886998066/image.png,Bushwhacker,,,11720549,Slade,https://cdn.discordapp.com/attachments/1093983574065156216/1106673054903451658/screenshot_-_2021-05-14T152049.png,Streamliner,,,5683540,ŒπŒ±,https://cdn.discordapp.com/attachments/866023322529955870/1099848790015475814/screenshot_-_2023-04-23T170009.png,Auto Smasher,,,6835983,ZeZo,https://imgur.com/a/Q9hboTE,Hybrid,,,,,,,,,,,,,
,10,Open TDM,,21,126976189,6046485.19047619,,7049661,Tommy,https://cdn.discordapp.com/attachments/801013894805323808/836523024157114468/screenshot_-_2021-04-27T103734.192.png,Fighter,Legacy,,5970414,ZeZo,https://imgur.com/a/moNB4T6,Overlord,Incognito,,16014752,ŒπŒ±,https://cdn.discordapp.com/attachments/1101493904542535791/1101982346535776326/d.png,Auto Overseer,TBR,,11633647,rela üê£,https://imgur.com/gallery/1ahw5PA,Overseer,,,5595848,Skrialik,https://imgur.com/a/hbosxz1,Swarmer,,,6816604,Harry,https://imgur.com/a/N9tb1Wb,Auto Overseer,,,,,,,,,,,,,
,11,,,,,,,7021334,Oganesson 118,https://imgur.com/gallery/9saovWK,Crop Duster,,,5768205,ZeZo,https://imgur.com/a/7lbcBEB,Overlord,Incognito,,15694505,Corrupt Y,https://cdn.discordapp.com/attachments/928174021592383489/1148278272195559474/image.png,Carrier,,,10864836,Zeph,https://cdn.discordapp.com/attachments/803352420117774377/853718954018865173/D17EE8D3-E572-4A95-B4B9-37A33F5FE5F3.jpeg,Overlord,,,5579843,Neptuun,https://imgur.com/gallery/mUhrYoO,Tri-Angle,Incognito,,6749757,ZeZo,https://imgur.com/a/sVgZHpd,Overlord,,,,,,,,,,,,,
,12,Portal TDM,,37,233649068,6314839.675675675,,6888942,Endless,https://imgur.com/gallery/PJziRUu,Artillery,,,5722382,Corrupt X,https://www.youtube.com/watch?v=Zws-kneRctI,Field Gun,Incognito,,15117515,zo,https://cdn.discordapp.com/attachments/866023322529955870/1153544609939603466/screenshot_-_2023-09-18T221037.067.png,Manager,TBR,,10540849,byekc,https://cdn.discordapp.com/attachments/866023322529955870/1099325381804298290/image.png,Overdrive,,,5565130,Colon,https://cdn.discordapp.com/attachments/1115076826809769986/1116131360369823765/screenshot_-_2023-02-26T035548.425.png,Phoenix,Incognito,,6592286,Skrialik,https://imgur.com/a/gkGCW3n,Artillery,,,,,,,,,,,,,
,13,,,,,,,6464122,Oganesson 118,https://imgur.com/gallery/kDahSw9,Artillery,Legacy,,5584575,Skrialik,https://imgur.com/a/lQv6sRL,Auto Gunner,Incognito,,15079276,rela üê£,https://imgur.com/a/iWPAC7N,Auto Assassin,,,10441465,ŒπŒ±,https://cdn.discordapp.com/attachments/928174021592383489/1134341691927691334/Untitled_design_70.png,Auto Assassin,,,5302524,Quad,https://imgur.com/a/pgtBKXX,Overlord,,,6580399,Nyrox,https://imgur.com/a/d318aYq,Annihilator,,,,,,,,,,,,,
,14,Maze TDM,,4,28843869,7210967.25,,6394587,S3CR3T,https://imgur.com/a/0bfbeB0,Auto Double,Legacy,,5551231,Quad,https://imgur.com/a/QzkoH2r,Auto Double,Incognito,,14606671,„Å≠„Åì„Åç„Çì,https://cdn.discordapp.com/attachments/981241581044637696/1116097212749991936/IMG_8649.jpg,Auto Assassin,,,10334542,Slade,https://cdn.discordapp.com/attachments/1093983574065156216/1106673417345835109/unknown.png,Auto Cruiser,,,5254626,Mr.Hacker YT,https://cdn.discordapp.com/attachments/981241581044637696/1116094851960799296/screenshot_-_2023-01-17T204838.095.png,Stalker,,,6517292,Crazoodles,https://media.discordapp.net/attachments/718399206603227136/768205343032999936/unknown.png?,Hybrid,,,,,,,,,,,,,
,15,,,,,,,6364544,Ender,https://cdn.discordapp.com/attachments/803352420117774377/838126391399546890/screenshot_-_2021-05-01T205348.267.png,Surfer,Legacy,,5294972,Nguyen,https://imgur.com/a/WDEULiE,Musket,Incognito,,14467190,Drokert el LaTaTa,https://cdn.discordapp.com/attachments/1009229141859643462/1147983130230263848/14.46m_Overlord_restore_2_2-tdm_3hr_10m_34s.PNG,Overlord,,,10306354,Skrialik,https://imgur.com/a/MIQdcL5,Bushwhacker,,,5249935,jugg,https://imgur.com/gallery/gVmGx97,Battleship,,,6408598,ü•ïCrazy Carrotü•ï,https://imgur.com/a/OLV2ouU,Auto Overseer,,,,,,,,,,,,,
,16,Squads/Duos,,0,#N/A,#N/A,,6347505,Quad,https://imgur.com/a/qMZcq7N,Triplet,Incognito,,5219667,ZeZo,https://imgur.com/a/QooBlP0,Overlord,Incognito,,14245593,Rog456,https://cdn.discordapp.com/attachments/928174021592383489/1132126443841781870/D7F4759C-D69D-4688-AA68-6CC41239BFB2.png,Single,,,10191662,Corrupt X,https://ibb.co/album/S4pcLJ,Overgunner,,,5149655,Slade,https://cdn.discordapp.com/attachments/1044121536656850967/1044681468565258381/unknown.png,Streamliner,,,6408085,Harry,https://imgur.com/a/ei70RC0,Bent Hybrid,,,,,,,,,,,,,
,17,,,,,,,6217638,Roman,https://imgur.com/a/c4JjDth,Barricade,,,5169329,Neptuun,https://imgur.com/a/7I3pYYe,Ranger,Incognito,,13779227,Mr.Hacker YT,https://cdn.discordapp.com/attachments/928174021592383489/1142312196664201297/screenshot_-_2023-08-18T212029.154.png,Manager,TBR,,10176264,Rog456,https://imgur.com/a/KYyLnDz,Penta Shot,,,5094405,132,https://imgur.com/a/luva5uJ,Architect,,,6349278,Armin,https://imgur.com/a/YQosB9s,Sniper,,,,,,,,,,,,,
,18,,,,,,,6136390,ü•ïCrazy Carrotü•ï,https://imgur.com/a/0oxXUPw,Fighter,Legacy,,5145164,Neptuun,https://imgur.com/a/iA7K7wl,Overgunner,Incognito,,13524688,byekc,https://cdn.discordapp.com/attachments/866023322529955870/1109055950607876166/Ekran_Goruntusu_6828.png,Falcon,,,10128996,ZeZo,https://imgur.com/a/BGPFnww,Overlord,,,5049815,Athu,https://cdn.discordapp.com/attachments/731498658276835398/895963033657024522/screenshot_-_2021-10-08T143840.563.png,Skimmer,,,6261561,ZeZo,https://imgur.com/a/m60MiVi,Single,,,,,,,,,,,,,
,19,              Scroll along to see all scores from each gamemode              ->,,,,,,6089463,ZeZo,https://imgur.com/a/Z2FQEh3,Bulwark,,,5100330,ExC,https://imgur.com/a/DaHPhMK,Streamliner,,,13092858,Mr.Hacker YT,https://imgur.com/gallery/VNGW62S,Overlord,,,10100386,Nyrox,https://imgur.com/a/0wjdGvs,Manager,,,5043850,Ussnub,https://cdn.discordapp.com/attachments/1125564247275999282/1125970790853120030/5.04_mil.png,Predator,,,6080527,ŒπŒ±,https://media.discordapp.net/attachments/1058518265489522771/1099185390889488435/image.png,Gunner Trapper,,,,,,,,,,,,,
,20,,,,,,,6079456,Allan,https://imgur.com/a/AlYmN4N,Auto Tri-Angle,Legacy,,5058112,Nyrox,https://imgur.com/a/n1Ttyf8,Bent Double,,,13005049,Harry,https://imgur.com/a/8c1B2EI,Overlord,TBR,,10059466,Slade,https://cdn.discordapp.com/attachments/866023322529955870/896235033591967794/screenshot_-_2021-10-08T231624.254.png,Ranger,,,5019942,Jess,https://cdn.discordapp.com/attachments/856614995802325032/1090761128621121586/image.png,Auto Tri-Angle,,,6031607,Askatasuna,https://imgur.com/a/dZPTWjc,Predator,,,,,,,,,,,,,
,21,,,,,,,6059703,Tommy,https://imgur.com/a/PtTnRvJ,Auto Tri-Angle,Legacy,,5036732,Quad,https://imgur.com/a/VJIQ84b,Triplet,,,12732303,ŒπŒ±,https://cdn.discordapp.com/attachments/928174021592383489/1127655238711640186/screenshot_-_2023-03-19T103357.png,Fortress,,,10038902,Jess,https://cdn.discordapp.com/attachments/856614995802325032/1097349236338728970/screenshot_-_2023-04-16T223236.669.png,Overlord,,,5006808,Quad,https://imgur.com/a/mvoTIvj,Ranger,,,6016456,Heir,https://imgur.com/a/MQGCAxP,Smasher,,,,,,,,,,,,,
,22,,,,,,,6052919,Rog456,https://imgur.com/a/FTIVvxa,Spike,,,5025904,S3CR3T,https://dl.airtable.com/KHegWqwVRDiLP2B0AGD2_Kepernyofelvetel_81.png,Hybrid,Legacy,,12292585,Marcus,https://cdn.discordapp.com/attachments/1095472648886165704/1136667850166247484/screenshot_-_2023-08-03T163157.926.png,Auto Overseer,,,10038528,Jess,https://cdn.discordapp.com/attachments/928174021592383489/1127078236749312040/screenshot54.png,Carrier,TBR,,,,,,,,6005872,Mine,https://imgur.com/a/L75mZfX,Streamliner,,,,,,,,,,,,,
,23,,,,,,,6046829,Lamp,https://imgur.com/a/UIvRyJo,Ordnance,Legacy,,5018376,Slade,https://cdn.discordapp.com/attachments/559793341143711767/1118664416179802273/missing_evidence2.png,Sniper,Incognito,,11912075,Jess,https://imgur.com/a/Dvb3Txy,Streamliner,,,10023367,Thing,https://imgur.com/a/c8e7R3d,Streamliner,,,,,,,,,5712588,Colon,https://imgur.com/a/ocUFZKr,Overdrive,,,,,,,,,,,,,
,24,,,,,,,6044117,Jackson,https://imgur.com/a/VKB6fFG,Auto-4,Incognito,,5001957,Jackson,https://imgur.com/a/ifa0Hr5,Streamliner,Incognito,,11600008,Chris3773,https://imgur.com/gallery/juN6tqq,Commander,TBR,,10020000,Marcus,https://cdn.discordapp.com/attachments/559793341143711767/1116115305358426173/marcus10moverlordproof.png,Overlord,,,,,,,,,5620307,Slade,https://cdn.discordapp.com/attachments/559793341143711767/1118664416179802273/missing_evidence2.png,Streamliner,,,,,,,,,,,,,
,25,,,,,,,6042764,eneri,https://imgur.com/a/JkqXh6U?,Bomber,Legacy,,,,,,,,11455384,Armin,https://cdn.discordapp.com/attachments/1063098062819577927/1109801754612207646/Screenshot_2718.png,Underseer,Incognito,,10008164,Mr.Hacker YT,https://cdn.discordapp.com/attachments/928174021592383489/1144031021646483527/screenshot_-_2023-08-23T150754.258.png,Machine Gunner,TBR,,,,,,,,5503364,Nyrox,https://imgur.com/a/YgqAZCB,Auto Gunner,,,,,,,,,,,,,
,26,,,,,,,6038482,Jms,https://imgur.com/a/4mgUw8s,Auto Tri-Angle,Legacy,,,,,,,,11243342,Jess,https://cdn.discordapp.com/attachments/928174021592383489/1149090926380191814/screenshot160.png?ex=64fa3dd1&is=64f8ec51&hm=8b632a14ae8acf3388497e05f247e7bd8a24c6cd92fc1c7bfc3908a07842aebf&,Overlord,,,10004882,Slade,https://cdn.discordapp.com/attachments/928174021592383489/1138137339810562118/WeQ1hzP.png,Beekeeper,TBR,,,,,,,,5398486,Corrupt Y,https://imgur.com/a/rgbgopb,Auto Overseer,,,,,,,,,,,,,
,27,,,,,,,6018041,Roman,https://imgur.com/a/aaqQ4C9,Surfer,Legacy,,,,,,,,11201217,rela üê£,https://imgur.com/gallery/8BGbaGo,Overlord,,,9696999,Para,https://imgur.com/gallery/NHaWUgK,Rifle,,,,,,,,,5362789,Askatasuna,https://imgur.com/a/LhwiWU1,Battleship,,,,,,,,,,,,,
,28,,,,,,,6012132,Stradpult,https://media.discordapp.net/attachments/454578417745133580/819296181259075594/unknown.png,Surfer,Legacy,,,,,,,,11078883,Marcus,https://cdn.discordapp.com/attachments/1093666415946506250/1114944856276615198/screenshot_-_2023-06-04T175227.670.png,Necromancer,,,9533746,Thing,https://imgur.com/a/3tyXdPH,Auto Assassin,,,,,,,,,5194668,bean,https://imgur.com/a/E6LnBse,Booster,,,,,,,,,,,,,
,29,,,,,,,6008179,Jess,https://imgur.com/a/29xgu28,Triplet,,,,,,,,,11046961,Rog456,https://cdn.discordapp.com/attachments/928174021592383489/1137122826776756264/14616ADC-6178-4713-8858-3F6C2F8934F1.png,Machine Gun,,,9482940,Marcus,https://imgur.com/a/SFTFxTX,Assassin,,,,,,,,,5147699,Toy Maker,https://imgur.com/a/TbbhnQL,Penta Shot,,,,,,,,,,,,,
,30,,,,,,,5887844,Stradpult,https://media.discordapp.net/attachments/454578417745133580/792779223999184906/unknown.png,Surfer,Legacy,,,,,,,,11042230,Slade,https://cdn.discordapp.com/attachments/928174021592383489/1147385394606915664/screenshot_-_2023-09-02T001036.540.png,Spreadshot,TBR,,9445629,√ñ.,https://cdn.discordapp.com/attachments/1066451260611506236/1098356746847789136/screenshot_-_2023-04-19T225209.608.png,Flank Guard,,,,,,,,,5137737,Salla,https://cdn.discordapp.com/attachments/1110695177498144872/1111581633674498098/ol_pm4_dead.png,Overlord,,,,,,,,,,,,,
,31,,,,,,,5881966,Tommy,https://imgur.com/a/WpMP67P,Bent Double,,,,,,,,,10774524,Skrialik,https://cdn.discordapp.com/attachments/928174021592383489/1141520991323947038/screenshot_-_2023-08-16T154513.919.png,Flank Guard,,,9421794,Smiley,https://imgur.com/a/YRsldB4,Hybrid,,,,,,,,,5123974,√ñ.,https://imgur.com/a/upRGyCD,Overtrapper,,,,,,,,,,,,,
,32,,,,,,,5831070,S3CR3T,https://cdn.discordapp.com/attachments/395646588682240020/596324341415804938/Kepernyofelvetel_50.png,Mortar,Legacy,,,,,,,,10732143,Chris3773,https://imgur.com/gallery/mhm5BgI,Octo Tank,,,9352891,pedal,https://imgur.com/a/3AK5MJI,Trap Guard,,,,,,,,,5105491,Corrupt X,https://imgur.com/a/s8NUJe0,Dual,,,,,,,,,,,,,
,33,,,,,,,5753120,√ñ.,https://imgur.com/a/WccOoCk,Cyclone,,,,,,,,,10693117,zo,https://imgur.com/a/mwyiF17,Manager,TBR,,8766383,ŒπŒ±,https://imgur.com/a/QOBnWh5,Streamliner,,,,,,,,,5092767,Smiley,https://imgur.com/a/YXPiRaA,Twin,,,,,,,,,,,,,
,34,,,,,,,5596205,Smiley,https://imgur.com/a/Tio3ewq,Auto Tri-Angle,Legacy,,,,,,,,10613360,Marcus,https://cdn.discordapp.com/attachments/866023322529955870/1108805936379867196/screenshot_-_2023-05-18T191043.084.png,Banshee,,,8685803,byekc,https://cdn.discordapp.com/attachments/904322106207121448/977276527479771226/unknown.png,Overlord,,,,,,,,,5028305,duc,https://imgur.com/a/jEndHRi,Falcon,,,,,,,,,,,,,
,35,,,,,,,5594437,Roman,https://imgur.com/a/XcYlRBH,Booster,Legacy,,,,,,,,10555678,Mine,https://imgur.com/a/ovD4LLK,Mega Smasher,,,8631304,Skrialik,https://imgur.com/a/ab0WZDx,Auto Overseer,,,,,,,,,5024955,Mine,https://imgur.com/a/eyrXoNo,Boomer,,,,,,,,,,,,,
,36,,,,,,,5539118,JellySnk,https://imgur.com/a/hjwd7OZ,Basic,,,,,,,,,10542978,√ñ.,https://cdn.discordapp.com/attachments/395646588682240020/1083340118187843614/screenshot_-_2023-03-08T183620.241.png,Overdrive,TBR,,8619700,Smiley,https://imgur.com/a/aEKAbjg,Destroyer,,,,,,,,,5019597,eel,https://ibb.co/album/ZdgRCj,Bomber,Legacy,,,,,,,,,,,,
,37,,,,,,,5518921,mq,https://imgur.com/a/hPqyU7i,Bent Hybrid,,,,,,,,,10471679,OnyxD,https://imgur.com/a/iOWO8A8,Overlord,,,8440849,Vangu,https://imgur.com/a/V04ayJi,Bomber,,,,,,,,,5008377,Thx m8,https://imgur.com/a/jvG70A8,Banshee,,,,,,,,,,,,,
,38,,,,,,,5507442,Skrialik,https://imgur.com/a/3JdoNT2,Auto-5,,,,,,,,,10440114,noscore,https://cdn.discordapp.com/attachments/866023322529955870/1107253745466757151/screenshot_-_2023-05-14T152604.008.png,Auto Overseer,,,8398505,bean,https://imgur.com/a/fl82NLN,Fighter,Legacy,,,,,,,,,,,,,,,,,,,,,,,,
,39,,,,,,,5495967,S3CR3T,https://cdn.discordapp.com/attachments/395646588682240020/673554637495992320/Kepernyofelvetel_134.png,Mortar,Legacy,,,,,,,,10342688,Tophat el LaTaTa,https://cdn.discordapp.com/attachments/962519532872818719/1144124899628154930/Screenshot_2023-08-16_10.18.29_PM.png,Swarmer,,,8377046,Skrialik,https://imgur.com/a/TLLyeD0,Overdrive,,,,,,,,,,,,,,,,,,,,,,,,,
,40,,,,,,,5485864,Stradpult,https://media.discordapp.net/attachments/360882315200823297/551463467199234049/unknown.png,Spike,,,,,,,,,10330856,Chris3773,https://cdn.discordapp.com/attachments/866023322529955870/1139019630250299472/screenshot_-_2023-08-09T221500.053.png,Shotgun,Incognito,,8344968,√ñ.,https://imgur.com/a/un0HoEd,Mega Smasher,Legacy,,,,,,,,,,,,,,,,,,,,,,,,
,41,,,,,,,5422667,ü•ïCrazy Carrotü•ï,https://imgur.com/a/KJy2g6R,Overlord,,,,,,,,,10312388,Skrialik,https://cdn.discordapp.com/attachments/1066451260611506236/1102003416068276355/screenshot_-_2023-04-29T184128.645.png,Overgunner,,,8333724,zo,https://imgur.com/a/JHXjzF9,Streamliner,,,,,,,,,,,,,,,,,,,,,,,,,
,42,,,,,,,5334915,ExC,https://imgur.com/a/ccT9sMd,Annihilator,,,,,,,,,10279160,ASkib,https://imgur.com/a/D5h8xQi,Overlord,,,8268140,Skrialik,https://imgur.com/a/Q7cXao1,Auto Overseer,,,,,,,,,,,,,,,,,,,,,,,,,
,43,,,,,,,5333629,ZeZo,https://imgur.com/a/aFpSMbR,Octo Tank,,,,,,,,,10261698,ŒπŒ±,https://imgur.com/a/bfBLciK,Auto Builder,,,8159703,Colon,https://cdn.discordapp.com/attachments/1115076826809769986/1116131581057306774/IMG_1595.png,Auto Overseer,,,,,,,,,,,,,,,,,,,,,,,,,
,44,,,,,,,5324842,Stradpult,https://imgur.com/gallery/x1DyvFb,Fighter,Legacy,,,,,,,,10240666,byekc,https://cdn.discordapp.com/attachments/1044131085463851028/1076534086354620416/image.png,Overseer,,,8112668,byekc,https://cdn.discordapp.com/attachments/1051941840863113327/1068961161950793931/Ekran_Goruntusu_4668.png,Auto Spawner,,,,,,,,,,,,,,,,,,,,,,,,,
,45,,,,,,,5295233,Slade,https://cdn.discordapp.com/attachments/559793341143711767/1118664416179802273/missing_evidence2.png,Fighter,Legacy,,,,,,,,10220360,ŒπŒ±,https://www.youtube.com/watch?v=hJLJHmGx9hQ,Overlord,,,8106587,Skrialik,https://imgur.com/a/AjSdAYS,Manager,,,,,,,,,,,,,,,,,,,,,,,,,
,46,,,,,,,5282002,ZeZo,https://imgur.com/a/48tSSqc,Auto Tri-Angle,Legacy,,,,,,,,10216461,Chris3773,https://cdn.discordapp.com/attachments/928174021592383489/1137346623836540999/screenshot_-_2023-08-04T180103.942.png,Penta Shot,TBR,,8010399,OnyxD,https://imgur.com/a/ACbP2HO,Streamliner,,,,,,,,,,,,,,,,,,,,,,,,,
,47,,,,,,,5269394,ZeZo,https://imgur.com/a/0wBIgc4,Hexa Tank,,,,,,,,,10147081,Slade,https://cdn.discordapp.com/attachments/928174021592383489/1141208541294768208/screenshot_-_2023-08-15T231358.256.png,Auto Spawner,TBR,,8010030,Slade,https://cdn.discordapp.com/attachments/928174021592383489/1141016525936009298/screenshot_-_2023-08-14T225010.png,Gunner Trapper,TBR,,,,,,,,,,,,,,,,,,,,,,,,
,48,,,,,,,5266848,ZeZo,https://imgur.com/a/MgRXM1w,Shotgun,,,,,,,,,10143869,Lamp,https://imgur.com/a/ODpToNM,Auto Overseer,,,7894354,Nyrox,https://imgur.com/a/cipwQuI,Auto Overseer,,,,,,,,,,,,,,,,,,,,,,,,,
,49,,,,,,,5253566,Quad,https://i.imgur.com/jfUP22F.png,Bent Hybrid,,,,,,,,,10115816,Thing,https://imgur.com/a/TXNseEF,Hybrid,,,7788766,Salla,https://cdn.discordapp.com/attachments/866023322529955870/1096926557408342136/screenshot_39.png,Auto Assassin,,,,,,,,,,,,,,,,,,,,,,,,,
,50,,,,,,,5247509,EB,https://imgur.com/a/NZZIImh,Minigun,,,,,,,,,10114098,Awootube,https://imgur.com/a/2nx5L2W,Auto Assassin,,,7775630,Templar,https://cdn.discordapp.com/attachments/1136619020100059146/1149384164508962947/screenshot_22.png,Hunter,TBR,,,,,,,,,,,,,,,,,,,,,,,,
,51,,,,,,,5198845,ZeZo,https://imgur.com/a/kAXpOb7,Machine Gun,,,,,,,,,10102087,Corrupt Y,https://cdn.discordapp.com/attachments/866023322529955870/1037903160318119996/unknown.png,Auto Assassin,,,7741098,Mr.Hacker YT,https://cdn.discordapp.com/attachments/981241581044637696/1116094851646230671/screenshot_-_2023-01-06T174702.473.png,Auto Assassin,,,,,,,,,,,,,,,,,,,,,,,,,
,52,,,,,,,5197859,EB,https://imgur.com/a/yiKmIFM,Barricade,,,,,,,,,10065712,√ñ.,https://imgur.com/a/ndpbcEb,Overtrapper,,,7704078,ExC,https://imgur.com/a/0ojm0vn,Hybrid,,,,,,,,,,,,,,,,,,,,,,,,,
,53,,,,,,,5194435,Stradpult,https://media.discordapp.net/attachments/454578417745133580/816691830765649971/unknown.png,Surfer,Legacy,,,,,,,,10062282,noscore,https://cdn.discordapp.com/attachments/866023322529955870/1098156128078143538/screenshot_-_2023-04-19T125832.471.png,Overlord,,,7684917,noscore,https://cdn.discordapp.com/attachments/866023322529955870/1064812862138220574/screenshot_31.png,Landmine,,,,,,,,,,,,,,,,,,,,,,,,,
,54,,,,,,,5160051,x,https://imgur.com/a/pQ1EhWp,Spreadshot,,,,,,,,,10035502,Colon,https://cdn.discordapp.com/attachments/1089763071788072980/1129791314020552804/screenshot_-_2023-07-15T061327.png,Overlord,,,7526608,Smiley,https://imgur.com/a/VnYtt5S,Spike,,,,,,,,,,,,,,,,,,,,,,,,,
,55,,,,,,,5156364,Jms,https://imgur.com/a/M1Gvl9m,Surfer,Legacy,,,,,,,,10022818,ŒπŒ±,https://cdn.discordapp.com/attachments/928174021592383489/1142342051107713154/screenshot_-_2023-08-18T231603.628.png,Manager,,,7494683,Jess,https://cdn.discordapp.com/attachments/866023322529955870/1127024494037438594/screenshot49.png,Smasher,,,,,,,,,,,,,,,,,,,,,,,,,
,56,,,,,,,5144449,Quad,https://www.youtube.com/watch?v=KslP0ot4Hvs,Surfer,,,,,,,,,10019396,cyan,https://cdn.discordapp.com/attachments/866023322529955870/1153712845284974592/screenshot_-_2023-09-19T215349.963.png,Banshee,TBR,,7461189,Roman,https://imgur.com/a/Fd94BBt,Triplet,,,,,,,,,,,,,,,,,,,,,,,,,
,57,,,,,,,5142391,Endless,https://imgur.com/gallery/Hzwgl1T,Overtrapper,,,,,,,,,10015851,Corrupt Y,https://cdn.discordapp.com/attachments/928174021592383489/1147683639736418334/image.png,Underseer,TBR,,7447385,asd,https://imgur.com/gallery/F5FT8Dm,Landmine,,,,,,,,,,,,,,,,,,,,,,,,,
,58,,,,,,,5141118,Skrialik,https://media.discordapp.net/attachments/803352420117774377/820633518097825802/screenshot_-_2021-03-14T082246.294.png,Fighter,Legacy,,,,,,,,10014240,Para,https://cdn.discordapp.com/attachments/1070469925765926952/1086529767156756541/screenshot_-_2023-03-18T000119.479.png,Ordnance,,,7399044,asd,https://imgur.com/gallery/Fb8K4hx,Spike,,,,,,,,,,,,,,,,,,,,,,,,,
,59,,,,,,,5137326,Tommy,https://imgur.com/a/OUCW68Z,Mortar,,,,,,,,,10011112,bum,https://imgur.com/a/svSdvVH,Crossbow,,,7350509,z,https://imgur.com/a/GR8fJpE,Overlord,,,,,,,,,,,,,,,,,,,,,,,,,
,60,,,,,,,5111579,Icewalk,https://imgur.com/gallery/lL5wK67,Penta Shot,,,,,,,,,10010810,Harry,https://cdn.discordapp.com/attachments/867893054689247252/1118450232380899358/screenshot_-_2023-05-28T214114.png,Overseer,TBR,,7347899,ŒπŒ±,https://www.youtube.com/watch?v=qDHZWdz_a6M,Auto Spawner,,,,,,,,,,,,,,,,,,,,,,,,,
,61,,,,,,,5111390,pedal,https://imgur.com/a/M2qlgMk,Fighter,Legacy,,,,,,,,10009654,Smiley,https://imgur.com/a/diNokDG,Overlord,,,7309124,Quad,https://imgur.com/a/L1246Ro,Sniper,,,,,,,,,,,,,,,,,,,,,,,,,
,62,,,,,,,5077858,Stradpult,https://imgur.com/gallery/tNkmW3K,Surfer,Legacy,,,,,,,,10006325,Mr.Hacker YT,https://cdn.discordapp.com/attachments/1146049737494114356/1147760083908964372/screenshot_-_2023-09-02T220812.419.png,Auto Overseer,TBR,,7296093,ŒπŒ±,https://imgur.com/gallery/68vV8gq,Bent Double,,,,,,,,,,,,,,,,,,,,,,,,,
,63,,,,,,,5073778,Rog456,https://imgur.com/a/vnhnD7h,Mega Smasher,Legacy,,,,,,,,10000379,Mr.Hacker YT,https://cdn.discordapp.com/attachments/928174021592383489/1147380776699187220/screenshot_-_2023-09-01T210030.895.png,Predator,TBR,,7277072,ŒπŒ±,https://imgur.com/gallery/73fxyH8,Landmine,,,,,,,,,,,,,,,,,,,,,,,,,
,64,,,,,,,5066170,Nyrox,https://imgur.com/a/DGmnyIy,Hewn Double,,,,,,,,,10000104,ExC,https://cdn.discordapp.com/attachments/928174021592383489/1148470403216462004/image.png,Predator,TBR,,7271725,√ñ.,https://imgur.com/a/PsBbWxk,Gunner Trapper,,,,,,,,,,,,,,,,,,,,,,,,,
,65,,,,,,,5040753,Stradpult,https://media.discordapp.net/attachments/454578417745133580/587246088541700117/unknown.png,Fighter,Legacy,,,,,,,,10000013,ŒπŒ±,https://cdn.discordapp.com/attachments/887171000171642900/1089013948789031014/screenshot_-_2023-03-24T192312.161.png,Battleship,,,7264097,Mr.Hacker YT,https://media.discordapp.net/attachments/1064026177108443180/1143615199006441582/screenshot_-_2023-08-19T221115.565.png?width=1193&height=671,Manager,TBR,,,,,,,,,,,,,,,,,,,,,,,,
,66,,,,,,,5036061,ŒπŒ±,https://imgur.com/a/LcX6l49,Falcon,Incognito,,,,,,,,9976326,Rog456,https://cdn.discordapp.com/attachments/928174021592383489/1129933583176433704/EE8D1080-DE44-46C3-A8E8-62CDB194F7BD.png,Basic,,,7246079,Skrialik,https://imgur.com/a/8mnE7oY,Fighter,Legacy,,,,,,,,,,,,,,,,,,,,,,,,
,67,,,,,,,5030990,Stradpult,https://imgur.com/gallery/YmbevKC,Booster,Legacy,,,,,,,,9930000,Ussnub,https://cdn.discordapp.com/attachments/1125564247275999282/1125564937784275034/9.93_mil.png,Carrier,,,7226927,Yusuf 100,https://www.youtube.com/watch?v=ZVBnVEf4ulQ,Predator,Incognito,,,,,,,,,,,,,,,,,,,,,,,,
,68,,,,,,,5030690,Buddy_Dog,https://imgur.com/gallery/kYpGPp1,Triple Shot,,,,,,,,,9900126,Nyrox,https://imgur.com/a/tqHAmsH,Auto Overseer,,,7130528,safuez,https://cdn.discordapp.com/attachments/941221820810543155/941338879687000064/8tzTqyr_d.png,Factory,TBR,,,,,,,,,,,,,,,,,,,,,,,,
,69,,,,,,,5018263,fortune,https://imgur.com/a/8GH6oNW,Triplet,,,,,,,,,9787467,Harry,https://imgur.com/a/X6iIVv3,Auto Assassin,,,7118526,ExC,https://imgur.com/a/RxNQy8h,Auto Smasher,,,,,,,,,,,,,,,,,,,,,,,,,
,70,,,,,,,5005473,Stradpult,https://imgur.com/gallery/y1ERvRO,Fighter,Legacy,,,,,,,,9770955,Jess,https://cdn.discordapp.com/attachments/928174021592383489/1146814825079517265/image.png,Overlord,,,7109184,Rog456,https://cdn.discordapp.com/attachments/928174021592383489/1144851786033795142/4255A84D-E373-4283-83D2-6191C63A60BA.png,X-Hunter,TBR,,,,,,,,,,,,,,,,,,,,,,,,
,71,,,,,,,5003255,Slade,https://cdn.discordapp.com/attachments/559793341143711767/1118664416179802273/missing_evidence2.png,Streamliner,,,,,,,,,9676123,Corrupt Y,https://cdn.discordapp.com/attachments/866023322529955870/1038164717597904946/Screenshot_711.png,Spawner,Legacy,,7095055,Roman,https://imgur.com/a/VtN2eUH,Necromancer,,,,,,,,,,,,,,,,,,,,,,,,,
,72,,,,,,,5002799,Damocles,https://imgur.com/a/EOU9Zv6,Mega Smasher,Legacy,,,,,,,,9630000,Despair,https://cdn.discordapp.com/attachments/1145412502625206422/1148621625818886214/image.png,Auto Overseer,,,7084337,ZeZo,https://imgur.com/a/B3CMf5c,Auto Overseer,,,,,,,,,,,,,,,,,,,,,,,,,
,73,,,,,,,,,,,,,,,,,,,9595755,√ñ.,https://cdn.discordapp.com/attachments/395646588682240020/1083082112195907615/screenshot_-_2023-03-08T184043.916.png,Stalker,TBR,,7045215,ü•ïCrazy Carrotü•ï,https://media.discordapp.net/attachments/875751690765226044/893609531047829514/7.045m_Octo.png?width=1249&height=655,Octo Tank,,,,,,,,,,,,,,,,,,,,,,,,,
,74,,,,,,,,,,,,,,,,,,,9424047,Rog456,https://cdn.discordapp.com/attachments/928174021592383489/1138561175936848005/0B9F2B52-9F0D-4299-BA24-E0BD9829D665.png,Poacher,,,7032477,√ñ.,https://imgur.com/a/OdANkqX,Smasher,,,,,,,,,,,,,,,,,,,,,,,,,
,75,,,,,,,,,,,,,,,,,,,9197040,byekc,https://cdn.discordapp.com/attachments/1062306642898735186/1144981230048264312/image.png,Auto Overseer,,,6987025,Ender,https://cdn.discordapp.com/attachments/803352420117774377/847950593041498143/screenshot_-_2021-05-28T233002.198.png,Overlord,,,,,,,,,,,,,,,,,,,,,,,,,
,76,,,,,,,,,,,,,,,,,,,9166223,OnyxD,https://imgur.com/a/r9Aq35B,Manager,,,6983844,Slade,https://cdn.discordapp.com/attachments/559793341143711767/1118664416179802273/missing_evidence2.png,Landmine,Legacy,,,,,,,,,,,,,,,,,,,,,,,,
,77,,,,,,,,,,,,,,,,,,,9068051,safuez,https://cdn.discordapp.com/attachments/928174021592383489/1137072081096425483/safuez.png,Auto Spawner,Legacy,,6916194,Askatasuna,https://imgur.com/a/u86Ok84,Overlord,,,,,,,,,,,,,,,,,,,,,,,,,
,78,,,,,,,,,,,,,,,,,,,9028737,Mr.Hacker YT,https://cdn.discordapp.com/attachments/928174021592383489/1144948480629018687/screenshot_-_2023-08-26T035047.271.png,Hexa Tank,,,6846306,Rog456,https://cdn.discordapp.com/attachments/1066451260611506236/1097336750654890024/AF5FD7FB-36BC-4D48-96AE-4444070EAF26.png,Octo Tank,,,,,,,,,,,,,,,,,,,,,,,,,
,79,,,,,,,,,,,,,,,,,,,8893606,√ñ.,https://imgur.com/a/gHsKWpQ,Overtrapper,,,6844707,Rog456,https://imgur.com/a/N4Oc25M,Sidewinder,,,,,,,,,,,,,,,,,,,,,,,,,
,80,,,,,,,,,,,,,,,,,,,8890000,Marcus,https://cdn.discordapp.com/attachments/559793341143711767/1144659755747512380/image.png,Hexa Tank,TBR,,6840775,Ender,https://imgur.com/gallery/oOgXAtC,Mortar,,,,,,,,,,,,,,,,,,,,,,,,,
,81,,,,,,,,,,,,,,,,,,,8859683,ascending,https://imgur.com/a/IxcjRdj,Ranger,,,6783359,byekc,https://cdn.discordapp.com/attachments/1051941840863113327/1058464984633442426/Ekran_Goruntusu_4075.png,Skimmer,,,,,,,,,,,,,,,,,,,,,,,,,
,82,,,,,,,,,,,,,,,,,,,8858460,Quad,https://imgur.com/a/RKECd8Y,Falcon,,,6762011,jax,https://cdn.discordapp.com/attachments/928174021592383489/1141807896246628373/Screenshot_2023-08-16_2.png,Sniper,,,,,,,,,,,,,,,,,,,,,,,,,
,83,,,,,33,,,,,,,,,,,,,,8757742,byekc,https://cdn.discordapp.com/attachments/1044131085463851028/1059885110880645180/Ekran_Goruntusu_4214.png,Auto Builder,,,6731619,Marcus,https://imgur.com/a/NcdCT2t,Overlord,,,,,,,,,,,,,,,,,,,,,,,,,
,84,,,,,,,,,,,,,,,,,,,8643569,Marcus,https://imgur.com/a/90HdDrY,Overlord,,,6666666,Marcus,https://cdn.discordapp.com/attachments/1095472648886165704/1148254638383054909/screenshot_-_2023-09-04T155327.278.png,Annihilator,TBR,,,,,,,,,,,,,,,,,,,,,,,,
,85,,,,,,,,,,,,,,,,,,,8604466,Nyrox,https://imgur.com/a/Q20RDf1,Auto Smasher,,,6611050,ü•ïCrazy Carrotü•ï,https://imgur.com/a/15vAhcx,Overlord,,,,,,,,,,,,,,,,,,,,,,,,,
,86,,,,,,,,,,,,,,,,,,,8523960,ExC,https://media.discordapp.net/attachments/1146076487875821578/1149111728546779206/image.png,Shotgun,TBR,,6601572,√ñ.,https://imgur.com/a/JWeDlf1,Annihilator,,,,,,,,,,,,,,,,,,,,,,,,,
,87,,,,,,,,,,,,,,,,,,,8505828,üéã,https://media.discordapp.net/attachments/1119046479055691808/1142394110511165532/d4a2abf6-09ec-4f56-96be-2e8f0cce4440.png,Landmine,,,6560796,bum,https://cdn.discordapp.com/attachments/1044121536656850967/1068959321993519155/image.png,Constructor,,,,,,,,,,,,,,,,,,,,,,,,,
,88,,,,,,,,,,,,,,,,,,,8498114,Lamp,https://imgur.com/a/RagDDus,Manager,,,6544491,ŒπŒ±,https://imgur.com/gallery/vX1UXOk,Rifle,,,,,,,,,,,,,,,,,,,,,,,,,
,89,,,,,,,,,,,,,,,,,,,8463785,Mr.Hacker YT,https://imgur.com/gallery/wtYZgfh,Ranger,,,6501421,Colon,https://imgur.com/a/IIjSNvU,Fortress,,,,,,,,,,,,,,,,,,,,,,,,,
,90,,,,,,,,,,,,,,,,,,,8432982,Corrupt Y,https://cdn.discordapp.com/attachments/866023322529955870/1022725741626015764/Screenshot_423.png,Bent Double,,,6461352,ŒπŒ±,https://imgur.com/gallery/s0BNy6A,Manager,,,,,,,,,,,,,,,,,,,,,,,,,
,91,,,,,,,,,,,,,,,,,,,8425280,Para,https://imgur.com/gallery/wpfro1Q,Armsman,,,6381585,Sprunk,https://imgur.com/gallery/PZI6SMO,Booster,,,,,,,,,,,,,,,,,,,,,,,,,
,92,,,,,,,,,,,,,,,,,,,8261135,ŒπŒ±,https://imgur.com/gallery/TwABFHF,Auto Overseer,,,6367556,byekc,https://cdn.discordapp.com/attachments/920837868543438878/951965256844984370/Ekran_Goruntusu_1033.png,Banshee,,,,,,,,,,,,,,,,,,,,,,,,,
,93,,,,,,,,,,,,,,,,,,,8253075,bum,https://imgur.com/a/DefXlhW,Predator,,,6353349,Slade,https://cdn.discordapp.com/attachments/559793341143711767/1118664416179802273/missing_evidence2.png,Overlord,,,,,,,,,,,,,,,,,,,,,,,,,
,94,,,,,,,,,,,,,,,,,,,8217163,Heatherly,https://imgur.com/a/L8fSwkK,Auto Cruiser,,,6349079,„Å≠„Åì„Åç„Çì,https://imgur.com/a/XspMgzj,Auto Spawner,,,,,,,,,,,,,,,,,,,,,,,,,
,95,,,,,,,,,,,,,,,,,,,8204253,Roman,https://imgur.com/a/zicLKBH,Manager,,,6323686,ŒπŒ±,https://imgur.com/gallery/umI7rCX,Streamliner,,,,,,,,,,,,,,,,,,,,,,,,,
,96,,,,,,,,,,,,,,,,,,,8183444,duc,https://cdn.discordapp.com/attachments/559793341143711767/1113845667840933918/8.18m_manager_proof.png,Manager,,,6322021,Quad,https://imgur.com/a/L9nhdMF,Auto Overseer,,,,,,,,,,,,,,,,,,,,,,,,,
,97,,,,,,,,,,,,,,,,,,,8163828,lamita,https://media.discordapp.net/attachments/1064783692578426901/1103270636878569472/image.png?width=1202&height=676,Annihilator,,,6307262,Thx m8,https://imgur.com/a/gA8MviK,Smasher,,,,,,,,,,,,,,,,,,,,,,,,,
,98,,,,,,,,,,,,,,,,,,,8140358,Para,https://imgur.com/gallery/AG5tGNV,Stalker,,,6295510,nonisback,https://cdn.discordapp.com/attachments/1138529019541868686/1143640245313732618/screenshot_-_2023-08-22T124924.962.png,Auto Overseer,,,,,,,,,,,,,,,,,,,,,,,,,
,99,,,,,,,,,,,,,,,,,,,8120500,Slade,https://cdn.discordapp.com/attachments/950121196870062131/1147753275463053402/screenshot_-_2023-09-02T204656.277.png,Bushwhacker,TBR,,6268213,Eternity,https://imgur.com/a/g4RaV2G,Auto Smasher,,,,,,,,,,,,,,,,,,,,,,,,,
,100,,,,,,,,,,,,,,,,,,,8108770,√ñ.,https://imgur.com/a/KQMk8mU,Musket,TBR,,6256086,Mr.Hacker YT,https://cdn.discordapp.com/attachments/928174021592383489/1144853911333777418/screenshot_-_2023-08-25T214034.496.png,Auto Spawner,TBR,,,,,,,,,,,,,,,,,,,,,,,,
,101,,,,,,,,,,,,,,,,,,,8069915,pedal,https://imgur.com/a/0gc4KaW,Bushwhacker,,,6238045,Colon,https://media.discordapp.net/attachments/706921138105877056/808789368629231716/screenshot_-_2021-02-09T150000.041.png,Auto Smasher,Legacy,,,,,,,,,,,,,,,,,,,,,,,,
,102,,,,,,,,,,,,,,,,,,,8063415,OnyxD,https://imgur.com/a/BxSYBCw,Manager,,,6229908,Skrialik,https://cdn.discordapp.com/attachments/1066451260611506236/1134727613257101352/screenshot_-_2023-07-29T015803.547.png,Octo Tank,,,,,,,,,,,,,,,,,,,,,,,,,
,103,,,,,,,,,,,,,,,,,,,8044462,Askatasuna,https://imgur.com/a/zw98bGp,Overlord,,,6224389,2not1üåπ,https://imgur.com/a/u86XFnb,Smasher,,,,,,,,,,,,,,,,,,,,,,,,,
,104,,,,,,,,,,,,,,,,,,,8035714,Corrupt Y,https://imgur.com/a/BCTrVBl,Octo Tank,,,6193777,Hydra,https://imgur.com/a/EdSAm5d,Annihilator,,,,,,,,,,,,,,,,,,,,,,,,,
,105,,,,,,,,,,,,,,,,,,,8027941,zo,https://imgur.com/a/q1rJLCg,Overlord,,,6187712,Ender,https://imgur.com/a/QYuOCUi,Shotgun,,,,,,,,,,,,,,,,,,,,,,,,,
,106,,,,,,,,,,,,,,,,,,,8006279,Marcus,https://media.discordapp.net/attachments/1095472648886165704/1142860464716521574/screenshot_-_2023-08-20T183918.172.png,Necromancer,TBR,,6172520,Marcus,https://imgur.com/a/t4cf0ID,Auto Assassin,,,,,,,,,,,,,,,,,,,,,,,,,
,107,,,,,,,,,,,,,,,,,,,8004589,Corrupt Y,https://cdn.discordapp.com/attachments/866023322529955870/1082778849865113620/image.png,Spreadshot,Incognito,,6161139,ŒπŒ±,https://imgur.com/a/M7NiX5T,Overdrive,,,,,,,,,,,,,,,,,,,,,,,,,
,108,,,,,,,,,,,,,,,,,,,8002776,Awootube,https://cdn.discordapp.com/attachments/866023322529955870/1109683291633766410/screenshot_-_2023-05-20T213628.506.png,Auto Overseer,,,6141595,Slade,https://cdn.discordapp.com/attachments/559793341143711767/1118664416179802273/missing_evidence2.png,Predator,,,,,,,,,,,,,,,,,,,,,,,,,
,109,,,,,,,,,,,,,,,,,,,7995818,Drokert el LaTaTa,https://cdn.discordapp.com/attachments/1009229141859643462/1147995505771679794/7.99m_Penta_Shot_2-tdm_6hr_6m_35s.PNG,Penta Shot,,,6119505,ascending,https://imgur.com/a/jZGC6lz,Stalker,,,,,,,,,,,,,,,,,,,,,,,,,
,110,,,,,,,,,,,,,,,,,,,7909167,Mr.Hacker YT,https://cdn.discordapp.com/attachments/981241581044637696/1116094539392897054/screenshot_-_2023-03-04T214208.320.png,Overseer,,,6117158,ü•ïCrazy Carrotü•ï,https://media.discordapp.net/attachments/479724623093694476/856449841231560723/6.117m_Male.png?,Maleficitor,,,,,,,,,,,,,,,,,,,,,,,,,
,111,,,,,,,,,,,,,,,,,,,7865891,Jess,https://cdn.discordapp.com/attachments/866023322529955870/1120858523455205416/screenshot_-_2023-06-20T170807.983.png,Manager,,,6116243,ŒπŒ±,https://imgur.com/gallery/XPAg66T,Mega Smasher,,,,,,,,,,,,,,,,,,,,,,,,,
,112,,,,,,,,,,,,,,,,,,,7861288,Marcus,https://cdn.discordapp.com/attachments/1104777239725346876/1113552873536622713/screenshot_-_2023-05-31T194719.246.png,Annihilator,,,6112132,„Åµ„Çä„Éº,https://cdn.discordapp.com/attachments/433431402613309440/1033945193096941599/Screenshot_2022-10-24_12.26.33.png,Streamliner,Incognito,,,,,,,,,,,,,,,,,,,,,,,,
,113,,,,,,,,,,,,,,,,,,,7806019,OnyxD,https://imgur.com/a/UI8Hls5,Auto Overseer,,,6069052,üéã,https://imgur.com/a/vZ7ly5U,Auto Overseer,,,,,,,,,,,,,,,,,,,,,,,,,
,114,,,,,,,,,,,,,,,,,,,7726758,Chris3773,https://cdn.discordapp.com/attachments/559793341143711767/1116505608443666502/screenshot_-_2023-06-08T183631.png,Auto Assassin,,,6034415,Skrialik,https://cdn.discordapp.com/attachments/1066451260611506236/1126708775940800583/screenshot_-_2023-07-06T212313.png,Auto-5,,,,,,,,,,,,,,,,,,,,,,,,,
,115,,,,,,,,,,,,,,,,,,,7651107,Templar,https://cdn.discordapp.com/attachments/1063098062819577927/1143892293988917351/image.png,Hunter,,,6006210,Thx m8,https://imgur.com/a/RmJPAtE,Battleship,,,,,,,,,,,,,,,,,,,,,,,,,
,116,,,,,,,,,,,,,,,,,,,7586478,ŒπŒ±,https://cdn.discordapp.com/attachments/928174021592383489/1133836903058247750/screenshot_-_2023-07-25T214346.747.png,Auto Spawner,,,6004224,Legenda,https://imgur.com/a/OVZmUnJ,Triplet,,,,,,,,,,,,,,,,,,,,,,,,,
,117,,,,,,,,,,,,,,,,,,,7583001,Smiley,https://imgur.com/a/y3G1z7g,Overseer,,,6001350,rela üê£,https://imgur.com/gallery/0erVnX0,Overdrive,,,,,,,,,,,,,,,,,,,,,,,,,
,118,,,,,,,,,,,,,,,,,,,7523323,üå∑|retnuH,https://imgur.com/gallery/UUrVgm8,Gunner Trapper,,,5991794,Colon,https://imgur.com/a/tDAQxoD,Mega Smasher,Legacy,,,,,,,,,,,,,,,,,,,,,,,,
,119,,,,,,,,,,,,,,,,,,,7497088,zo,https://imgur.com/a/VdqzY9c,Predator,,,5979885,Rog456,https://imgur.com/a/ccRh01y,Mega Smasher,Legacy,,,,,,,,,,,,,,,,,,,,,,,,
,120,,,,,,,,,,,,,,,,,,,7489909,byekc,https://cdn.discordapp.com/attachments/920837868543438878/951964758423273482/unknown_2021.png,Rocketeer,,,5974860,Quad,https://i.imgur.com/BFgGgPl.png,Spawner,,,,,,,,,,,,,,,,,,,,,,,,,
,121,,,,,,,,,,,,,,,,,,,7484728,Allan,https://imgur.com/a/VmbiiPb,Crossbow,,,5964844,Crazoodles,https://imgur.com/gallery/oQcDzZi,Dual,,,,,,,,,,,,,,,,,,,,,,,,,
,122,,,,,,,,,,,,,,,,,,,7475910,Jess,https://cdn.discordapp.com/attachments/856614995802325032/1086420393402847312/screenshot_-_2023-03-17T183840.081.png,Overlord,,,5961895,ZeZo,https://imgur.com/a/MUl6vW9,Triplet,,,,,,,,,,,,,,,,,,,,,,,,,
,123,,,,,,,,,,,,,,,,,,,7462122,ascending,https://imgur.com/a/tTrCUcB,Auto Assassin,,,5940513,EB,https://imgur.com/a/GKz66tO,Artillery,Legacy,,,,,,,,,,,,,,,,,,,,,,,,
,124,,,,,,,,,,,,,,,,,,,7443093,Chris3773,https://cdn.discordapp.com/attachments/928174021592383489/1130607330841595935/screenshot_-_2023-07-17T170803.348.png,Single,,,5918073,Icewalk,https://imgur.com/gallery/QzKjpRN,Hunter,Legacy,,,,,,,,,,,,,,,,,,,,,,,,
,125,,,,,,,,,,,,,,,,,,,7399397,√ñ.,https://imgur.com/a/a3PP6ce,Gunner Trapper,,,5905446,Mythical,https://imgur.com/a/hv4bGjk,Overdrive,,,,,,,,,,,,,,,,,,,,,,,,,
,126,,,,,,,,,,,,,,,,,,,7355978,Para,https://imgur.com/gallery/8MLlYep,Streamliner,,,5886332,Skrialik,https://imgur.com/a/BbuhV4X,Sniper,,,,,,,,,,,,,,,,,,,,,,,,,
,127,,,,,,,,,,,,,,,,,,,7355346,Damocles,https://imgur.com/a/p2g4PTm,Mortar,Legacy,,5884155,‚ò† ü·¥Ä…¢ –º·¥Äs—Ç·¥á Ä‚ò†,https://imgur.com/a/RyekXXO,Auto Overseer,,,,,,,,,,,,,,,,,,,,,,,,,
,128,,,,,,,,,,,,,,,,,,,7336187,Colon,https://imgur.com/a/i7bjjnX,Overgunner,,,5879617,byekc,https://imgur.com/a/uV9goB2,Auto Spawner,,,,,,,,,,,,,,,,,,,,,,,,,
,129,,,,,,,,,,,,,,,,,,,7328693,Anto,https://imgur.com/a/Q2AJHfb,Smasher,,,5863283,Roman,https://imgur.com/a/nND8PFf,Necromancer,,,,,,,,,,,,,,,,,,,,,,,,,
,130,,,,,,,,,,,,,,,,,,,7303346,Nyrox,https://imgur.com/a/8roOPif,Auto Overseer,,,5856275,Rog456,https://cdn.discordapp.com/attachments/790127153223434240/791297225849569300/unknown.png,Auto Smasher,,,,,,,,,,,,,,,,,,,,,,,,,
,131,,,,,,,,,,,,,,,,,,,7296766,Chris3773,https://cdn.discordapp.com/attachments/1138529019541868686/1144476145539108864/screenshot_-_2023-08-24T230412.315.png,Necromancer,,,5846357,rela üê£,https://cdn.discordapp.com/attachments/981241581044637696/1135192893334757377/image_9.png,Fighter,,,,,,,,,,,,,,,,,,,,,,,,,
,132,,,,,,,,,,,,,,,,,,,7272710,Templar,https://cdn.discordapp.com/attachments/866023322529955870/1139202565146411038/image.png,Auto Overseer,,,5829852,√ñ.,https://imgur.com/a/cqaEH5b,Overtrapper,,,,,,,,,,,,,,,,,,,,,,,,,
,133,,,,,,,,,,,,,,,,,,,7269160,X...,https://imgur.com/a/LonZ3nv,Auto Builder,,,5825518,Sonic -_-,https://imgur.com/gallery/OskzDDa,Mega Smasher,Legacy,,,,,,,,,,,,,,,,,,,,,,,,
,134,,,,,,,,,,,,,,,,,,,7259127,Jess,https://cdn.discordapp.com/attachments/856614995802325032/1031276060815396985/screenshot_99.png,Manager,,,5819366,Vangu,https://imgur.com/gallery/t51tKNK,Overlord,,,,,,,,,,,,,,,,,,,,,,,,,
,135,,,,,,,,,,,,,,,,,,,7252148,Skrialik,https://imgur.com/a/zgEeIdk,Overlord,,,5792024,Zeph,https://imgur.com/a/mmd4hTy,Auto Double,,,,,,,,,,,,,,,,,,,,,,,,,
,136,,,,,,,,,,,,,,,,,,,7222569,Marcus,https://imgur.com/a/7YPiqau,Necromancer,,,5778090,Jake,https://imgur.com/a/nYMCl04,Smasher,,,,,,,,,,,,,,,,,,,,,,,,,
,137,,,,,,,,,,,,,,,,,,,7219950,Allan,https://imgur.com/a/iwBnXB6,Auto Tri-Angle,,,5775516,Para,https://imgur.com/a/vWGcorK,Auto Double,,,,,,,,,,,,,,,,,,,,,,,,,
,138,,,,,,,,,,,,,,,,,,,7215745,Skrialik,https://cdn.discordapp.com/attachments/928174021592383489/1141524709318606898/screenshot_-_2023-08-09T211331.png,Overlord,,,5764446,asd,https://imgur.com/gallery/Oa7q1nx,Smasher,,,,,,,,,,,,,,,,,,,,,,,,,
,139,,,,,,,,,,,,,,,,,,,7152618,Mr.Hacker YT,https://imgur.com/gallery/MTZxZtT,Overdrive,,,5760350,Awootube,https://imgur.com/a/F9hkQfn,Auto Overseer,,,,,,,,,,,,,,,,,,,,,,,,,
,140,,,,,,,,,,,,,,,,,,,7151032,Slade,https://cdn.discordapp.com/attachments/928174021592383489/1141523475358568449/screenshot_-_2023-08-16T174400.578.png,Octo Tank,,,5749515,asd,https://imgur.com/a/t7Z08BS,Smasher,,,,,,,,,,,,,,,,,,,,,,,,,
,141,,,,,,,,,,,,,,,,,,,7142853,üå∑|retnuH,https://imgur.com/gallery/IouGVsb,Auto Assassin,,,5745327,Jess,https://imgur.com/a/srOF9Yd,Overlord,,,,,,,,,,,,,,,,,,,,,,,,,
,142,,,,,,,,,,,,,,,,,,,7141605,Ussnub,https://cdn.discordapp.com/attachments/1125564247275999282/1157811234616389733/screenshot_65.png?ex=651bf17d&is=651a9ffd&hm=2a4e4f011a9860892a968670a3cadf52d7bd073445fe4f2a924fb403b26314f7&,Carrier,,,5740746,Colon,https://imgur.com/a/eSHe9oU,Auto Overseer,,,,,,,,,,,,,,,,,,,,,,,,,
,143,,,,,,,,,,,,,,,,,,,7130429,asd,https://imgur.com/gallery/Ip86Nys,Auto Smasher,,,5732405,chewy pies,https://imgur.com/a/NCI0r8z,Boomer,,,,,,,,,,,,,,,,,,,,,,,,,
,144,,,,,,,,,,,,,,,,,,,7124716,Stormy,https://cdn.discordapp.com/attachments/395646588682240020/1097999543821414400/scrnli_4_18_2023_4-36-09_PM.png,Sniper,,,5690869,Corrupt X,https://imgur.com/a/n456zbl,Hunter,Legacy,,,,,,,,,,,,,,,,,,,,,,,,
,145,,,,,,,,,,,,,,,,,,,7105063,Chris3773,https://imgur.com/gallery/sDl4fwW,Auto Overseer,TBR,,5682299,byekc,https://cdn.discordapp.com/attachments/1080480829001695302/1096955858090463252/image.png,Predator,,,,,,,,,,,,,,,,,,,,,,,,,
,146,,,,,,,,,,,,,,,,,,,7092907,Rog456,https://cdn.discordapp.com/attachments/928174021592383489/1135765816206426143/904D39D7-AC2D-430B-8967-30999F81E9A5.png,Basic,,,5679922,Stradpult,https://media.discordapp.net/attachments/454578417745133580/818586541759791124/unknown.png,Overlord,,,,,,,,,,,,,,,,,,,,,,,,,
,147,,,,,,,,,,,,,,,,,,,7091375,Chris3773,https://cdn.discordapp.com/attachments/1139282331602002081/1139328885402632283/screenshot_-_2023-08-10T184545.240.png,Overgunner,TBR,,5656830,Crazoodles,https://imgur.com/gallery/sVbxrQt,Auto Double,,,,,,,,,,,,,,,,,,,,,,,,,
,148,,,,,,,,,,,,,,,,,,,7090036,Corrupt Y,https://cdn.discordapp.com/attachments/866023322529955870/1094021490791420015/image.png,Spreadshot,,,5655265,Septerion,https://imgur.com/gallery/z5lWEt5,Auto Overseer,,,,,,,,,,,,,,,,,,,,,,,,,
,149,,,,,,,,,,,,,,,,,,,7060288,bum,https://imgur.com/a/SUzNNYd,Spike,,,5654226,hai2,https://cdn.discordapp.com/attachments/866023322529955870/1152904635443593247/image.png,Booster,Incognito,,,,,,,,,,,,,,,,,,,,,,,,
,150,,,,,,,,,,,,,,,,,,,7059952,Mine,https://imgur.com/a/K4TUup2,Mortar,,,5647610,√ñ.,https://imgur.com/a/xKSiDIm,Smasher,,,,,,,,,,,,,,,,,,,,,,,,,
,151,,,,,,,,,,,,,,,,,,,7055567,Smiley,https://imgur.com/a/IEY9Uk3,Smasher,,,5644179,fortune,https://cdn.discordapp.com/attachments/790127153223434240/818007186902351912/unknown.png,Triplet,,,,,,,,,,,,,,,,,,,,,,,,,
,152,,,,,,,,,,,,,,,,,,,7048534,Marcus,https://cdn.discordapp.com/attachments/1136619020100059146/1144330560605524008/screenshot_-_2023-08-24T200100.332.png,Hexa Tank,TBR,,5643728,Colon,https://imgur.com/a/73pz0Gb,Landmine,Legacy,,,,,,,,,,,,,,,,,,,,,,,,
,153,,,,,,,,,,,,,,,,,,,7046628,zo,https://imgur.com/a/JvEFryu,Auto Spawner,,,5642050,Quad,https://imgur.com/a/m9DY4r7,Necromancer,,,,,,,,,,,,,,,,,,,,,,,,,
,154,,,,,,,,,,,,,,,,,,,7036500,Mr.Hacker YT,https://imgur.com/gallery/qaDDl7S,Auto Spawner,Legacy,,5638192,Corrupt X,https://www.youtube.com/watch?v=RVB-tWpv0Ro,Mortar,Legacy,,,,,,,,,,,,,,,,,,,,,,,,
,155,,,,,,,,,,,,,,,,,,,7035565,UK,https://cdn.discordapp.com/attachments/1103393068125802537/1148391222562537552/78de19c4-f2ff-42e8-82dc-978ad0faa162.png,Auto Overseer,,,5617577,ExC,https://imgur.com/a/9yvoUuo,Pounder,,,,,,,,,,,,,,,,,,,,,,,,,
,156,,,,,,,,,,,,,,,,,,,7030245,Zeph,https://cdn.discordapp.com/attachments/928174021592383489/1141453730580013186/IMG_7092.jpeg,Crossbow,TBR,,5603241,ascending,https://imgur.io/a/5Rcz5e4,Director,,,,,,,,,,,,,,,,,,,,,,,,,
,157,,,,,,,,,,,,,,,,,,,7025812,chewy pies,https://cdn.discordapp.com/attachments/395646588682240020/1120509436558069891/Screenshot_851.png,Auto Assassin,,,5598975,Quad,https://i.imgur.com/f96drL8.png,Overlord,,,,,,,,,,,,,,,,,,,,,,,,,
,158,,,,,,,,,,,,,,,,,,,7001316,Mr.Hacker YT,https://cdn.discordapp.com/attachments/1146049737494114356/1147516800460931072/screenshot_-_2023-09-02T060105.022.png,Overlord,TBR,,5569343,Colon,https://cdn.discordapp.com/attachments/866023322529955870/1106304462865322105/screenshot_-_2023-03-25T195025.783.png,Auto Overseer,,,,,,,,,,,,,,,,,,,,,,,,,
,159,,,,,,,,,,,,,,,,,,,7000860,Thx m8,https://imgur.com/a/E9FEIS6,Overlord,,,5540402,Vangu,https://imgur.com/gallery/C0GxK5U,Overlord,,,,,,,,,,,,,,,,,,,,,,,,,
,160,,,,,,,,,,,,,,,,,,,6974882,Quad,https://i.imgur.com/GwHNogC.png,Predator,,,5511556,Mine,https://imgur.com/a/NqgM6SU,Smasher,,,,,,,,,,,,,,,,,,,,,,,,,
,161,,,,,,,,,,,,,,,,,,,6917096,üéã,https://cdn.discordapp.com/attachments/1119046479055691808/1147975063891611658/screenshot_-_2023-09-03T140717.png,Infestor,,,5510788,Zeph,https://imgur.com/a/oz8dNxj,Auto Cruiser,Incognito,,,,,,,,,,,,,,,,,,,,,,,,
,162,,,,,,,,,,,,,,,,,,,6903582,Smiley,https://imgur.com/a/bUsh3es,Destroyer,TBR,,5505789,Smiley,https://imgur.com/a/oI2w1qu,Constructor,,,,,,,,,,,,,,,,,,,,,,,,,
,163,,,,,,,,,,,,,,,,,,,6847212,Thing,https://imgur.com/a/z6ssqnS,Annihilator,,,5492122,Thing,https://imgur.com/a/1MxK9Gy,Fighter,,,,,,,,,,,,,,,,,,,,,,,,,
,164,,,,,,,,,,,,,,,,,,,6812006,Lamp,https://imgur.com/a/LZAtUwv,Overseer,,,5470925,Nyrox,https://imgur.com/a/jzSqG7k,Overdrive,,,,,,,,,,,,,,,,,,,,,,,,,
,165,,,,,,,,,,,,,,,,,,,6791158,Jess,https://cdn.discordapp.com/attachments/928174021592383489/1144275940696936468/screenshot112.png,Single,,,5428182,ascending,https://imgur.com/a/w2Y0fX8,Sniper,,,,,,,,,,,,,,,,,,,,,,,,,
,166,,,,,,,,,,,,,,,,,,,6780645,Stradpult,https://imgur.com/gallery/sntRDmQ,Necromancer,,,5393246,IXIII,https://i.imgur.com/cJMqta7.png,Spike,,,,,,,,,,,,,,,,,,,,,,,,,
,167,,,,,,,,,,,,,,,,,,,6771510,huy vn :D,https://imgur.com/a/7q5wPkO,Spike,,,5387359,fortune,https://imgur.com/a/NjqlomY,Triplet,,,,,,,,,,,,,,,,,,,,,,,,,
,168,,,,,,,,,,,,,,,,,,,6761530,breaking good,https://cdn.discordapp.com/attachments/866023322529955870/1094177459949289512/screenshot.png,Overlord,,,5381607,Rog456,https://cdn.discordapp.com/attachments/756551564868583516/1120032930786443315/5AF1FFB3-1DC3-45B6-82F7-F7B07FA68FC6.png,Hexa Tank,,,,,,,,,,,,,,,,,,,,,,,,,
,169,,,,,,,,,,,,,,,,,,,6757462,Roman,https://imgur.com/a/4l7WZ5a,Necromancer,,,5362586,ŒπŒ±,https://imgur.com/gallery/gwa1PQC,Auto Tri-Angle,,,,,,,,,,,,,,,,,,,,,,,,,
,170,,,,,,,,,,,,,,,,,,,6752722,Mr.Hacker YT,https://imgur.com/gallery/2IDESB4,Auto Spawner,,,5358534,byekc,https://imgur.com/a/Oa347JF,Overdrive,,,,,,,,,,,,,,,,,,,,,,,,,
,171,,,,,,,,,,,,,,,,,,,6735630,Askatasuna,https://imgur.com/a/Qzy0chW,Maleficitor,,,5350000,noscore,https://cdn.discordapp.com/attachments/928174021592383489/1137013079503286403/image.png,Fighter,,,,,,,,,,,,,,,,,,,,,,,,,
,172,,,,,,,,,,,,,,,,,,,6689621,Para,https://imgur.com/gallery/45DSSao,Streamliner,,,5324015,üéã,https://imgur.com/a/P8CjD55,Manager,,,,,,,,,,,,,,,,,,,,,,,,,
,173,,,,,,,,,,,,,,,,,,,6682979,cute sus,https://imgur.com/a/fFrOFCK,Auto Overseer,,,5316202,Vangu,https://imgur.com/gallery/zqKaD69,Overlord,,,,,,,,,,,,,,,,,,,,,,,,,
,174,,,,,,,,,,,,,,,,,,,6682164,Jess,https://imgur.com/a/5gE1jAM,Auto Overseer,,,5310765,asd,https://imgur.com/a/4WF66wo,Smasher,,,,,,,,,,,,,,,,,,,,,,,,,
,175,,,,,,,,,,,,,,,,,,,6663824,WL9,https://imgur.com/gallery/egM5fds,Necromancer,,,5310738,Stradpult,https://imgur.com/gallery/X1fkZdU,Landmine,,,,,,,,,,,,,,,,,,,,,,,,,
,176,,,,,,,,,,,,,,,,,,,6646470,Nyrox,https://imgur.com/a/LvBdGHe,Manager,,,5297132,Slade,https://cdn.discordapp.com/attachments/559793341143711767/1118664416179802273/missing_evidence2.png,Swarmer,,,,,,,,,,,,,,,,,,,,,,,,,
,177,,,,,,,,,,,,,,,,,,,6632297,Colon,https://cdn.discordapp.com/attachments/1135707353325518958/1142240053758791771/image.png,Minigun,,,5294921,ExC,https://imgur.com/gallery/9fK5pUE,Fighter,Legacy,,,,,,,,,,,,,,,,,,,,,,,,
,178,,,,,,,,,,,,,,,,,,,6612329,Jess,https://cdn.discordapp.com/attachments/856614995802325032/1071962521575108648/screenshot_-_2023-02-05T200729.902.png,Auto Overseer,,,5289792,IXIII,https://i.imgur.com/yg5NUMA.png,Spike,,,,,,,,,,,,,,,,,,,,,,,,,
,179,,,,,,,,,,,,,,,,,,,6583355,ASkib,https://imgur.com/a/Na3ydbW,Predator,,,5255637,Marcus,https://imgur.com/a/nfKuyXK,Streamliner,,,,,,,,,,,,,,,,,,,,,,,,,
,180,,,,,,,,,,,,,,,,,,,6576051,Vangu,https://imgur.com/a/F1uheRk,Banshee,,,5255050,Colon,https://cdn.discordapp.com/attachments/559793341143711767/1116184674394456165/screenshot_-_2023-06-07T215513.png,Manager,,,,,,,,,,,,,,,,,,,,,,,,,
,181,,,,,,,,,,,,,,,,,,,6551825,‚ò† ü·¥Ä…¢ –º·¥Äs—Ç·¥á Ä‚ò†,https://imgur.com/a/KRBVvop,Overseer,,,5250819,Nyrox,https://i.imgur.com/YnuUQEt.png,Overlord,,,,,,,,,,,,,,,,,,,,,,,,,
,182,,,,,,,,,,,,,,,,,,,6540888,ZeZo,https://imgur.com/a/Pyfml3q,Annihilator,,,5243074,Thing,https://imgur.com/a/YVxSyQH,Commander,,,,,,,,,,,,,,,,,,,,,,,,,
,183,,,,,,,,,,,,,,,,,,,6539093,Corrupt X,https://imgur.com/a/NLtfHb4,Streamliner,,,5233002,Hope,https://imgur.com/a/NCATxbu,Manager,,,,,,,,,,,,,,,,,,,,,,,,,
,184,,,,,,,,,,,,,,,,,,,6530341,Allan,https://imgur.com/a/fBwMqFC,Commander,,,5229041,Para,https://imgur.com/gallery/fiqYjba,Streamliner,,,,,,,,,,,,,,,,,,,,,,,,,
,185,,,,,,,,,,,,,,,,,,,6516562,zo,https://imgur.com/a/YuZHxjj,Boomer,,,5224008,asd,https://imgur.com/gallery/UuDS6Xr,Landmine,,,,,,,,,,,,,,,,,,,,,,,,,
,186,,,,,,,,,,,,,,,,,,,6511640,Skrialik,https://imgur.com/a/5BxfCBK,Overseer,,,5223205,Colon,https://cdn.discordapp.com/attachments/1115076826809769986/1116130927572176996/IMG_1593.png,Overlord,,,,,,,,,,,,,,,,,,,,,,,,,
,187,,,,,,,,,,,,,,,,,,,6495247,pedal,https://cdn.discordapp.com/attachments/395646588682240020/581902564216406017/unknown.png,Spike,,,5219062,From Asia,https://imgur.com/a/wWkG8m2,Manager,,,,,,,,,,,,,,,,,,,,,,,,,
,188,,,,,,,,,,,,,,,,,,,6461922,byekc,https://imgur.com/a/pzIYtDP,Overdrive,,,5206773,Roman,https://imgur.com/a/gwbOwor,Auto Overseer,,,,,,,,,,,,,,,,,,,,,,,,,
,189,,,,,,,,,,,,,,,,,,,6441866,OnyxD,https://imgur.com/a/xY26tCU,Auto Overseer,,,5205121,ü•ïCrazy Carrotü•ï,https://media.discordapp.net/attachments/579412094986878976/857211834372063242/screenshot_22.png?,Necromancer,,,,,,,,,,,,,,,,,,,,,,,,,
,190,,,,,,,,,,,,,,,,,,,6407240,i am terenec,https://cdn.discordapp.com/attachments/866023322529955870/1143798672665092116/screenshot_22.png,Ranger,,,5201563,Skrialik,https://imgur.com/a/mGasGO0,Falcon,,,,,,,,,,,,,,,,,,,,,,,,,
,191,,,,,,,,,,,,,,,,,,,6396753,Colon,https://imgur.com/a/LKjRDKd,Auto Overseer,,,5198968,Myst,https://imgur.com/a/8sd5dU2,Fighter,Legacy,,,,,,,,,,,,,,,,,,,,,,,,
,192,,,,,,,,,,,,,,,,,,,6370973,YT=GLITCHER TM,https://cdn.discordapp.com/attachments/1062306642898735186/1124412883472752771/Screenshot_2023-06-30_at_14.13.07.png,Auto Overseer,,,5193245,Nyrox,https://imgur.com/a/VDG19hN,Constructor,,,,,,,,,,,,,,,,,,,,,,,,,
,193,,,,,,,,,,,,,,,,,,,6356579,zo,https://imgur.com/a/yLuqmE3,Manager,,,5190544,cyan,https://cdn.discordapp.com/attachments/866023322529955870/1024988774612078692/unknown.png,Auto Builder,,,,,,,,,,,,,,,,,,,,,,,,,
,194,,,,,,,,,,,,,,,,,,,6332298,2not1üåπ,https://imgur.com/a/Qucud44,Bent Double,Incognito,,5189255,pedal,https://imgur.com/a/67G4fsY,Gunner Trapper,,,,,,,,,,,,,,,,,,,,,,,,,
,195,,,,,,,,,,,,,,,,,,,6328022,Slade,https://imgur.com/hpKmxFp,Octo Tank,,,5188911,byekc,https://cdn.discordapp.com/attachments/1080480829001695302/1096955896556433530/image.png,Auto Smasher,,,,,,,,,,,,,,,,,,,,,,,,,
,196,,,,,,,,,,,,,,,,,,,6296224,Jess,https://cdn.discordapp.com/attachments/856614995802325032/1058460824890507324/screenshot_-_2022-12-30T140345.444.png,Auto Gunner,,,5184219,OnyxD,https://cdn.discordapp.com/attachments/866023322529955870/1094501601558937650/screenshot_-_2023-04-09T005733.311.png,Auto Overseer,,,,,,,,,,,,,,,,,,,,,,,,,
,197,,,,,,,,,,,,,,,,,,,6286852,zo,https://imgur.com/a/npkAX82,Manager,,,5149414,Vangu,https://imgur.com/gallery/zexf44W,Overlord,,,,,,,,,,,,,,,,,,,,,,,,,
,198,,,,,,,,,,,,,,,,,,,6282160,Colon,https://imgur.com/a/wdNW8fN,Overtrapper,,,5136614,Mine,https://imgur.com/a/FbNV9WK,Smasher,,,,,,,,,,,,,,,,,,,,,,,,,
,199,,,,,,,,,,,,,,,,,,,6272906,Skrialik,https://cdn.discordapp.com/attachments/1141733611599577189/1146546660588130495/screenshot_76.png,Destroyer,,,5126388,Smiley,https://media.discordapp.net/attachments/811691694231781386/1028346840426496050/unknown.png,Destroyer,,,,,,,,,,,,,,,,,,,,,,,,,
,200,,,,,,,,,,,,,,,,,,,6260957,Spacebar,https://imgur.com/a/9EUHnOR,Sniper,Incognito,,5124969,Smiley,https://imgur.com/a/VIJi4HN,Basic,,,,,,,,,,,,,,,,,,,,,,,,,
,201,,,,,,,,,,,,,,,,,,,6260000,Smiley,https://www.youtube.com/watch?v=jcVvMD0tIFk,Annihilator,,,5121877,IXIII,https://i.imgur.com/rLouBTh.png,Smasher,,,,,,,,,,,,,,,,,,,,,,,,,
,202,,,,,,,,,,,,,,,,,,,6213230,AstRatJP,https://imgur.com/a/Jxw2VDR,Auto Cruiser,,,5109796,132,https://imgur.com/gallery/xr61AmQ,Architect,,,,,,,,,,,,,,,,,,,,,,,,,
,203,,,,,,,,,,,,,,,,,,,6203522,WL9,https://imgur.com/a/gXeCk43,Annihilator,,,5105669,<‚ùÇ> ‚Ç≠«ør…áa,https://imgur.com/gallery/boXiZCr,Builder,,,,,,,,,,,,,,,,,,,,,,,,,
,204,,,,,,,,,,,,,,,,,,,6199971,CX has cute feet,https://imgur.com/a/BdjKLeG,Assassin,,,5103475,Dark,https://imgur.com/a/1hj5h4P,Hybrid,,,,,,,,,,,,,,,,,,,,,,,,,
,205,,,,,,,,,,,,,,,,,,,6188081,Heatherly,https://cdn.discordapp.com/attachments/1107781230138753114/1108523371991412887/screenshot_-_2022-11-01T211827.959-2.png,Carrier,,,5092587,Thing,https://imgur.com/a/hOBBbcP,Overlord,,,,,,,,,,,,,,,,,,,,,,,,,
,206,,,,,,,,,,,,,,,,,,,6178648,ŒπŒ±,https://imgur.com/a/wlY5qbf,Streamliner,,,5083958,pedal,https://imgur.com/gallery/pq6QoVz,Fighter,Legacy,,,,,,,,,,,,,,,,,,,,,,,,
,207,,,,,,,,,,,,,,,,,,,6161771,poly,https://cdn.discordapp.com/attachments/433431402613309440/1096555411684987022/image.png,Auto Assassin,,,5082304,√ñ.,https://imgur.com/a/SYGOKNV,Overtrapper,,,,,,,,,,,,,,,,,,,,,,,,,
,208,,,,,,,,,,,,,,,,,,,6161480,OnyxD,https://imgur.com/a/hNhRDTr,Nailgun,,,5080620,Heir,https://imgur.com/a/Mag0H1Q,Smasher,,,,,,,,,,,,,,,,,,,,,,,,,
,209,,,,,,,,,,,,,,,,,,,6157317,Marcus,https://imgur.com/a/b7Ep3zd,Ranger,,,5073405,Thing,https://imgur.com/a/XJy80bJ,Hybrid,,,,,,,,,,,,,,,,,,,,,,,,,
,210,,,,,,,,,,,,,,,,,,,6142439,TJL,https://imgur.com/gallery/IkvkAL6,Machine Gunner,,,5069043,bob,https://imgur.com/a/aJ9pcJp,Bushwhacker,,,,,,,,,,,,,,,,,,,,,,,,,
,211,,,,,,,,,,,,,,,,,,,6134722,Denied,https://cdn.discordapp.com/attachments/395646588682240020/557215209727459339/arras.io_-_Google_Chrome_18_03_2019_14_51_35.png,Sniper,,,5058793,ŒπŒ±,https://imgur.com/a/9xrD383,Overdrive,,,,,,,,,,,,,,,,,,,,,,,,,
,212,,,,,,,,,,,,,,,,,,,6124339,ŒπŒ±,https://imgur.com/gallery/4xgvAXo,Auto Overseer,,,5057253,asd,https://imgur.com/gallery/caU6R9t,Spike,,,,,,,,,,,,,,,,,,,,,,,,,
,213,,,,,,,,,,,,,,,,,,,6123848,Askatasuna,https://imgur.com/a/RosVNII,Machine Gunner,,,5055894,Smiley,https://imgur.com/a/fxqgWKz,Auto Gunner,,,,,,,,,,,,,,,,,,,,,,,,,
,214,,,,,,,,,,,,,,,,,,,6119927,Askatasuna,https://imgur.com/a/YGO8cqe,Predator,,,5055724,Zeph,https://imgur.com/a/N5JdBVp,Annihilator,,,,,,,,,,,,,,,,,,,,,,,,,
,215,,,,,,,,,,,,,,,,,,,6089103,Corrupt Y,https://cdn.discordapp.com/attachments/395646588682240020/1072429975552131122/pkFuR6I.png,Builder,,,5053686,rela üê£,https://media.discordapp.net/attachments/725995383800594488/840874079270731776/unknown.png,Overlord,,,,,,,,,,,,,,,,,,,,,,,,,
,216,,,,,,,,,,,,,,,,,,,6088555,<‚ùÇ> ‚Ç≠«ør…áa,https://imgur.com/gallery/pMSq9sW,Octo Tank,,,5053349,pancake,https://imgur.com/a/UAdZQ88,Auto Overseer,,,,,,,,,,,,,,,,,,,,,,,,,
,217,,,,,,,,,,,,,,,,,,,6072617,jax,https://media.discordapp.net/attachments/1130195688093913188/1142538254097322065/YmQW3CU.png?width=810&height=455,Auto Builder,,,5044589,üå∑|retnuH,https://cdn.discordapp.com/attachments/1066451260611506236/1144632733168050318/screenshot_-_2023-08-25T165946.333.png,Necromancer,TBR,,,,,,,,,,,,,,,,,,,,,,,,
,218,,,,,,,,,,,,,,,,,,,6061391,Nyrox,https://imgur.com/a/MkVmWi1,Overlord,,,5036784,bum,https://imgur.com/a/MevNfgT,Hexa Tank,,,,,,,,,,,,,,,,,,,,,,,,,
,219,,,,,,,,,,,,,,,,,,,6040108,OnyxD,https://imgur.com/a/U5qT0ed,Auto Overseer,,,5033736,Tommy,https://imgur.com/a/H3VWBQ0,Auto Tri-Angle,Legacy,,,,,,,,,,,,,,,,,,,,,,,,
,220,,,,,,,,,,,,,,,,,,,6032980,üå∑|retnuH,https://media.discordapp.net/attachments/1139190161482207273/1139190335482896384/screenshot_-_2023-08-10T162832.229.png?width=810&height=455,Destroyer,,,5028633,ExC,https://cdn.discordapp.com/attachments/928174021592383489/1145829608764223538/image.png,Auto Assassin,TBR,,,,,,,,,,,,,,,,,,,,,,,,
,221,,,,,,,,,,,,,,,,,,,6032850,üå∑|retnuH,https://imgur.com/gallery/R78EfkS,Auto Overseer,,,5026681,Thing,https://imgur.com/a/wBUt34e,Hexa Tank,,,,,,,,,,,,,,,,,,,,,,,,,
,222,,,,,,,,,,,,,,,,,,,6025957,noscore,https://cdn.discordapp.com/attachments/1146072196117180527/1150924375365795860/screenshot_42.png?ex=652dbc5a&is=651b475a&hm=ab2ab94d15a088e07e2f6aefc282444dd7960f96563ae8317be5736df438282f&,Overdrive,TBR,,5025699,Rog456,https://imgur.com/gallery/iPluFIV,Bent Hybrid,,,,,,,,,,,,,,,,,,,,,,,,,
,223,,,,,,,,,,,,,,,,,,,6022893,ExC,https://cdn.discordapp.com/attachments/1060695995270303945/1139302187177082962/Screenshot_2110.png,Cruiser,TBR,,5014661,Skrialik,https://media.discordapp.net/attachments/803352420117774377/822361980219555880/screenshot_-_2021-03-19T025120.474.png?,Overseer,,,,,,,,,,,,,,,,,,,,,,,,,
,224,,,,,,,,,,,,,,,,,,,6011922,Jess,https://imgur.com/a/UraMA7j,Auto Assassin,,,5010446,Slade,https://cdn.discordapp.com/attachments/1044131085463851028/1048448325659148308/Ytu8m6F.png,Eagle,TBR,,,,,,,,,,,,,,,,,,,,,,,,
,225,,,,,,,,,,,,,,,,,,,6010034,rela üê£,https://imgur.com/gallery/s7bkCCe,Fighter,Legacy,,5007674,bean,https://imgur.com/a/UURkFQ0,Annihilator,,,,,,,,,,,,,,,,,,,,,,,,,
,226,,,,,,,,,,,,,,,,,,,6008059,Chris3773,https://cdn.discordapp.com/attachments/866023322529955870/1152059272964878486/screenshot_-_2023-09-14T205033.027.png,Overlord,TBR,,,,,,,,,,,,,,,,,,,,,,,,,,,,,,
,227,,,,,,,,,,,,,,,,,,,6007478,Para,https://imgur.com/gallery/PP0Wazl,Rifle,,,,,,,,,,,,,,,,,,,,,,,,,,,,,,,
,228,,,,,,,,,,,,,,,,,,,6005406,Mr.Hacker YT,https://cdn.discordapp.com/attachments/928174021592383489/1130318226904076348/screenshot_-_2023-07-16T042016.368.png,Auto-5,TBR,,,,,,,,,,,,,,,,,,,,,,,,,,,,,,
,229,,,,,,,,,,,,,,,,,,,6005158,byekc,https://cdn.discordapp.com/attachments/1130276698353582100/1130279200838909992/image.png,Architect,TBR,,,,,,,,,,,,,,,,,,,,,,,,,,,,,,
,230,,,,,,,,,,,,,,,,,,,6002391,Jess,https://cdn.discordapp.com/attachments/395646588682240020/1081654724807360675/image.png,Overlord,,,,,,,,,,,,,,,,,,,,,,,,,,,,,,,
,231,,,,,,,,,,,,,,,,,,,6002144,üå∑|retnuH,https://cdn.discordapp.com/attachments/866023322529955870/1152574675797430382/screenshot_-_2023-09-16T145734.016.png,Hybrid,TBR,,,,,,,,,,,,,,,,,,,,,,,,,,,,,,
,232,,,,,,,,,,,,,,,,,,,6000836,Ussnub,https://cdn.discordapp.com/attachments/1125564247275999282/1125939682983813151/6_mil.png,Auto Assassin,TBR,,,,,,,,,,,,,,,,,,,,,,,,,,,,,,
,233,,,,,,,,,,,,,,,,,,,6000339,Corrupt Y,https://imgur.com/a/gTtXX3T,Gunner,,,,,,,,,,,,,,,,,,,,,,,,,,,,,,,
,234,,,,,,,,,,,,,,,,,,,5996656,cyan,https://media.discordapp.net/attachments/1064783692578426901/1120262852293443594/image.png,Auto Spawner,,,,,,,,,,,,,,,,,,,,,,,,,,,,,,,
,235,,,,,,,,,,,,,,,,,,,5983746,lamita,https://imgur.com/gallery/GNUFWj3,Triplet,,,,,,,,,,,,,,,,,,,,,,,,,,,,,,,
,236,,,,,,,,,,,,,,,,,,,5969107,Buddy_Dog,https://imgur.com/gallery/8aputKI,Auto Assassin,,,,,,,,,,,,,,,,,,,,,,,,,,,,,,,
,237,,,,,,,,,,,,,,,,,,,5963579,ŒπŒ±,https://www.youtube.com/watch?v=6KjlVnekVMQ,Stalker,,,,,,,,,,,,,,,,,,,,,,,,,,,,,,,
,238,,,,,,,,,,,,,,,,,,,5950538,üéã,https://imgur.com/a/Lv3HAWn,Focal,,,,,,,,,,,,,,,,,,,,,,,,,,,,,,,
,239,,,,,,,,,,,,,,,,,,,5948273,Legit Developer,https://imgur.com/a/P2Xepne,Landmine,,,,,,,,,,,,,,,,,,,,,,,,,,,,,,,
,240,,,,,,,,,,,,,,,,,,,5923344,Rog456,https://cdn.discordapp.com/attachments/756551564868583516/1120032929280700478/7DF71ACB-E08D-4539-925A-873AFAC31790.png,Penta Shot,,,,,,,,,,,,,,,,,,,,,,,,,,,,,,,
,241,,,,,,,,,,,,,,,,,,,5873890,toxic,https://imgur.com/a/WHum9B4,Auto Assassin,,,,,,,,,,,,,,,,,,,,,,,,,,,,,,,
,242,,,,,,,,,,,,,,,,,,,5843597,üå∑|retnuH,https://cdn.discordapp.com/attachments/1139190161482207273/1140668232148209715/screenshot_-_2023-08-14T181811.769.png,Hexa Trapper,,,,,,,,,,,,,,,,,,,,,,,,,,,,,,,
,243,,,,,,,,,,,,,,,,,,,5821096,OnyxD,https://imgur.com/a/pyBABD5,Falcon,,,,,,,,,,,,,,,,,,,,,,,,,,,,,,,
,244,,,,,,,,,,,,,,,,,,,5802534,Hellitica,https://imgur.com/a/Eqptz9w,Streamliner,,,,,,,,,,,,,,,,,,,,,,,,,,,,,,,
,245,,,,,,,,,,,,,,,,,,,5785500,Abience,https://cdn.discordapp.com/attachments/433431402613309440/1134726494783029300/screenshot.png,Overlord,,,,,,,,,,,,,,,,,,,,,,,,,,,,,,,
,246,,,,,,,,,,,,,,,,,,,5781095,Skrialik,https://imgur.com/a/pmHJqj8,Fighter,Legacy,,,,,,,,,,,,,,,,,,,,,,,,,,,,,,
,247,,,,,,,,,,,,,,,,,,,5775496,Chris3773,https://cdn.discordapp.com/attachments/866023322529955870/1138550291466289303/screenshot_-_2023-08-08T150811.591.png,Assembler,,,,,,,,,,,,,,,,,,,,,,,,,,,,,,,
,248,,,,,,,,,,,,,,,,,,,5761622,Skrialik,https://imgur.com/a/TFitCep,Overseer,,,,,,,,,,,,,,,,,,,,,,,,,,,,,,,
,249,,,,,,,,,,,,,,,,,,,5748908,byekc,https://cdn.discordapp.com/attachments/842760500571537419/1070065913476436170/Ekran_Goruntusu_4865.png,Landmine,,,,,,,,,,,,,,,,,,,,,,,,,,,,,,,
,250,,,,,,,,,,,,,,,,,,,5743999,CX has cute feet,https://imgur.com/a/0zPMi1T,Assassin,,,,,,,,,,,,,,,,,,,,,,,,,,,,,,,
,251,,,,,,,,,,,,,,,,,,,5713176,Ussnub,https://cdn.discordapp.com/attachments/1125564247275999282/1125852686210834503/5.71_mil.png,Carrier,,,,,,,,,,,,,,,,,,,,,,,,,,,,,,,
,252,,,,,,,,,,,,,,,,,,,5705847,breaking good,https://media.discordapp.net/attachments/731498658276835398/1056156894844166144/screenshot.png,Auto Cruiser,,,,,,,,,,,,,,,,,,,,,,,,,,,,,,,
,253,,,,,,,,,,,,,,,,,,,5699224,Chris3773,https://cdn.discordapp.com/attachments/928174021592383489/1145063599409205248/screenshot_-_2023-08-16T145752.png,Carrier,,,,,,,,,,,,,,,,,,,,,,,,,,,,,,,
,254,,,,,,,,,,,,,,,,,,,5685298,bean,https://cdn.discordapp.com/attachments/395646588682240020/1127167220477329440/screenshot_61.png,Necromancer,,,,,,,,,,,,,,,,,,,,,,,,,,,,,,,
,255,,,,,,,,,,,,,,,,,,,5670000,Darky,https://media.discordapp.net/attachments/559793341143711767/1138843389408858202/image.png?width=1193&height=671,Commander,,,,,,,,,,,,,,,,,,,,,,,,,,,,,,,
,256,,,,,,,,,,,,,,,,,,,5661615,ŒπŒ±,https://cdn.discordapp.com/attachments/928174021592383489/1141470314539270256/screenshot_-_2023-08-16T133120.420.png,Necromancer,,,,,,,,,,,,,,,,,,,,,,,,,,,,,,,
,257,,,,,,,,,,,,,,,,,,,5660964,Marcus,https://imgur.com/a/iyMOApn,Bulwark,,,,,,,,,,,,,,,,,,,,,,,,,,,,,,,
,258,,,,,,,,,,,,,,,,,,,5655616,zo,https://imgur.com/a/ERun9aK,Overlord,,,,,,,,,,,,,,,,,,,,,,,,,,,,,,,
,259,,,,,,,,,,,,,,,,,,,5646029,Dard√∏ ÂØù„Çã,https://imgur.com/a/alVp9fB,Overgunner,,,,,,,,,,,,,,,,,,,,,,,,,,,,,,,
,260,,,,,,,,,,,,,,,,,,,5628469,Corrupt Y,https://imgur.com/a/7DFCVE7,Musket,,,,,,,,,,,,,,,,,,,,,,,,,,,,,,,
,261,,,,,,,,,,,,,,,,,,,5624235,üå∑|retnuH,https://cdn.discordapp.com/attachments/1107730040151609418/1109776983962943598/screenshot_-_2023-05-21T123511.971.png,Auto Overseer,,,,,,,,,,,,,,,,,,,,,,,,,,,,,,,
,262,,,,,,,,,,,,,,,,,,,5612202,OnyxD,https://cdn.discordapp.com/attachments/866023322529955870/1097629769543196786/screenshot_-_2023-04-17T160830.240.png,Overtrapper,,,,,,,,,,,,,,,,,,,,,,,,,,,,,,,
,263,,,,,,,,,,,,,,,,,,,5611907,zo,https://cdn.discordapp.com/attachments/866023322529955870/1150226276406276126/IMG_0054.png,Whirl Guard,,,,,,,,,,,,,,,,,,,,,,,,,,,,,,,
,264,,,,,,,,,,,,,,,,,,,5606270,Jess,https://cdn.discordapp.com/attachments/856614995802325032/1014280822037160067/unknown.png,Landmine,,,,,,,,,,,,,,,,,,,,,,,,,,,,,,,
,265,,,,,,,,,,,,,,,,,,,5599703,Lamp,https://imgur.com/a/OPHKKnF,Landmine,,,,,,,,,,,,,,,,,,,,,,,,,,,,,,,
,266,,,,,,,,,,,,,,,,,,,5595985,ExC,https://cdn.discordapp.com/attachments/395646588682240020/837003526529744926/Screenshot_942.png,Fighter,Legacy,,,,,,,,,,,,,,,,,,,,,,,,,,,,,,
,267,,,,,,,,,,,,,,,,,,,5589310,Colon,https://cdn.discordapp.com/attachments/1115076826809769986/1116130855031681124/IMG_1592.png,Overdrive,,,,,,,,,,,,,,,,,,,,,,,,,,,,,,,
,268,,,,,,,,,,,,,,,,,,,5582016,Broken,https://imgur.com/a/KTTA0aJ,Streamliner,,,,,,,,,,,,,,,,,,,,,,,,,,,,,,,
,269,,,,,,,,,,,,,,,,,,,5572181,Lamp,https://cdn.discordapp.com/attachments/928174021592383489/1138323721355014164/5.57mPredDisc.png,Predator,TBR,,,,,,,,,,,,,,,,,,,,,,,,,,,,,,
,270,,,,,,,,,,,,,,,,,,,5565542,Jess,https://imgur.com/a/AQOle8x,Overlord,,,,,,,,,,,,,,,,,,,,,,,,,,,,,,,
,271,,,,,,,,,,,,,,,,,,,5557653,Slade,https://cdn.discordapp.com/attachments/1044131085463851028/1045212268452921385/screenshot_-_2022-11-24T003836.449.png,Director,,,,,,,,,,,,,,,,,,,,,,,,,,,,,,,
,272,,,,,,,,,,,,,,,,,,,5552585,Lamp,https://imgur.com/a/hBz8uwk,Overlord,,,,,,,,,,,,,,,,,,,,,,,,,,,,,,,
,273,,,,,,,,,,,,,,,,,,,5551649,Marcus,https://cdn.discordapp.com/attachments/1093666415946506250/1113897619652092075/screenshot_-_2023-06-01T202755.252.png,Manager,,,,,,,,,,,,,,,,,,,,,,,,,,,,,,,
,274,,,,,,,,,,,,,,,,,,,5550000,ExC,https://cdn.discordapp.com/attachments/928174021592383489/1123815878706864169/image.png,Hunter,,,,,,,,,,,,,,,,,,,,,,,,,,,,,,,
,275,,,,,,,,,,,,,,,,,,,5539762,Corrupt Y,https://imgur.com/a/DAz2HEd,Necromancer,,,,,,,,,,,,,,,,,,,,,,,,,,,,,,,
,276,,,,,,,,,,,,,,,,,,,5534395,Quad,https://imgur.com/a/AlSObdY,Overseer,,,,,,,,,,,,,,,,,,,,,,,,,,,,,,,
,277,,,,,,,,,,,,,,,,,,,5528445,Sprunk,https://imgbb.com/GTT9NkJ,Machine Gun,,,,,,,,,,,,,,,,,,,,,,,,,,,,,,,
,278,,,,,,,,,,,,,,,,,,,5518998,Colon,https://cdn.discordapp.com/attachments/1115076826809769986/1116130701213970504/IMG_1591.png,Auto Assassin,,,,,,,,,,,,,,,,,,,,,,,,,,,,,,,
,279,,,,,,,,,,,,,,,,,,,5517601,Nyrox,https://imgur.com/a/yQfndMY,Stalker,,,,,,,,,,,,,,,,,,,,,,,,,,,,,,,
,280,,,,,,,,,,,,,,,,,,,5508883,OnyxD,https://imgur.com/a/pqiyDuh,Sprayer,,,,,,,,,,,,,,,,,,,,,,,,,,,,,,,
,281,,,,,,,,,,,,,,,,,,,5503014,Slade,https://cdn.discordapp.com/attachments/928174021592383489/1138322206598909982/screenshot_-_2023-08-08T000440.226.png,Sniper,TBR,,,,,,,,,,,,,,,,,,,,,,,,,,,,,,
,282,,,,,,,,,,,,,,,,,,,5496410,Mr.Hacker YT,https://cdn.discordapp.com/attachments/981241581044637696/1129883527660449952/screenshot_-_2023-07-14T030713.991.png,Overlord,,,,,,,,,,,,,,,,,,,,,,,,,,,,,,,
,283,,,,,,,,,,,,,,,,,,,5495167,ŒπŒ±,https://imgur.com/gallery/1uCwB1C,Smasher,,,,,,,,,,,,,,,,,,,,,,,,,,,,,,,
,284,,,,,,,,,,,,,,,,,,,5491359,Septerion,https://imgur.com/oBgS5e5,Auto Overseer,,,,,,,,,,,,,,,,,,,,,,,,,,,,,,,
,285,,,,,,,,,,,,,,,,,,,5488702,sleepy_tired_user,https://cdn.discordapp.com/attachments/866023322529955870/1156032661450653737/screenshot_17.png?ex=65137ed0&is=65122d50&hm=518188936b596d9f94571655c776efe0097979e5705bd037f488e56340a4a07d&,Auto Spawner,,,,,,,,,,,,,,,,,,,,,,,,,,,,,,,
,286,,,,,,,,,,,,,,,,,,,5481322,Anto,https://imgur.com/a/MamNhGa,Hybrid,,,,,,,,,,,,,,,,,,,,,,,,,,,,,,,
,287,,,,,,,,,,,,,,,,,,,5475708,ExC,https://imgur.com/a/5LctQUy,Fighter,Legacy,,,,,,,,,,,,,,,,,,,,,,,,,,,,,,
,288,,,,,,,,,,,,,,,,,,,5469041,jah,https://cdn.discordapp.com/attachments/433431402613309440/877136691188604948/unknown.png,Gunner Trapper,,,,,,,,,,,,,,,,,,,,,,,,,,,,,,,
,289,,,,,,,,,,,,,,,,,,,5455578,Athu,https://cdn.discordapp.com/attachments/1089763071788072980/1111650170166317167/screenshot_-_2023-05-26T190739.740.png,Factory,,,,,,,,,,,,,,,,,,,,,,,,,,,,,,,
,290,,,,,,,,,,,,,,,,,,,5451550,Legenda,https://imgur.com/a/C1QrtmX,Fighter,Legacy,,,,,,,,,,,,,,,,,,,,,,,,,,,,,,
,291,,,,,,,,,,,,,,,,,,,5449715,pedal,https://imgur.com/a/4Tf07e3,Single,,,,,,,,,,,,,,,,,,,,,,,,,,,,,,,
,292,,,,,,,,,,,,,,,,,,,5445594,OnyxD,https://cdn.discordapp.com/attachments/866023322529955870/1105983091312431114/IMG_0081.png,Auto Spawner,,,,,,,,,,,,,,,,,,,,,,,,,,,,,,,
,293,,,,,,,,,,,,,,,,,,,5445546,Jess,https://cdn.discordapp.com/attachments/856614995802325032/1087099261512061048/screenshot_-_2023-03-19T152913.171.png,Overlord,,,,,,,,,,,,,,,,,,,,,,,,,,,,,,,
,294,,,,,,,,,,,,,,,,,,,5432375,Stradpult,https://imgur.com/a/6d4Qted,Assassin,,,,,,,,,,,,,,,,,,,,,,,,,,,,,,,
,295,,,,,,,,,,,,,,,,,,,5407640,Roman,https://cdn.discordapp.com/attachments/800406212700012544/841396980386234428/image0.png,Necromancer,,,,,,,,,,,,,,,,,,,,,,,,,,,,,,,
,296,,,,,,,,,,,,,,,,,,,5366278,Lamp,https://imgur.com/a/1gtY0u8,Overtrapper,,,,,,,,,,,,,,,,,,,,,,,,,,,,,,,
,297,,,,,,,,,,,,,,,,,,,5363276,cute sus,https://imgur.com/a/VokB7qL,Auto Assassin,,,,,,,,,,,,,,,,,,,,,,,,,,,,,,,
,298,,,,,,,,,,,,,,,,,,,5340891,Stormy,https://cdn.discordapp.com/attachments/866023322529955870/1094096159863214120/arras.png,Auto Assassin,,,,,,,,,,,,,,,,,,,,,,,,,,,,,,,
,299,,,,,,,,,,,,,,,,,,,5326134,Lamp,https://imgur.com/a/kXmZgQc,Overseer,,,,,,,,,,,,,,,,,,,,,,,,,,,,,,,
,300,,,,,,,,,,,,,,,,,,,5323051,Mine,https://imgur.com/a/eGL3oVk,Mega Smasher,,,,,,,,,,,,,,,,,,,,,,,,,,,,,,,
,301,,,,,,,,,,,,,,,,,,,5316503,Mr.Hacker YT,https://media.discordapp.net/attachments/1064026218527207564/1137778979244347563/screenshot_-_2023-08-05T220755.959.png?width=810&height=456,Auto Assassin,,,,,,,,,,,,,,,,,,,,,,,,,,,,,,,
,302,,,,,,,,,,,,,,,,,,,5299725,cute sus,https://imgur.com/a/pp6VoQZ,Spawner,,,,,,,,,,,,,,,,,,,,,,,,,,,,,,,
,303,,,,,,,,,,,,,,,,,,,5298441,YT=GLITCHER TM,https://imgur.com/a/JGblY8D,Manager,Incognito,,,,,,,,,,,,,,,,,,,,,,,,,,,,,,
,304,,,,,,,,,,,,,,,,,,,5278410,Psychlow,https://media.discordapp.net/attachments/412402908462710784/560882900124434460/Screen_Shot_2019-03-28_at_1.47.25_PM.png?,Overdrive,,,,,,,,,,,,,,,,,,,,,,,,,,,,,,,
,305,,,,,,,,,,,,,,,,,,,5276420,ŒπŒ±,https://imgur.com/gallery/JCbDiYn,Manager,,,,,,,,,,,,,,,,,,,,,,,,,,,,,,,
,306,,,,,,,,,,,,,,,,,,,5268130,ASkib,https://cdn.discordapp.com/attachments/981241581044637696/1118588854434275339/image.png,Auto Spawner,,,,,,,,,,,,,,,,,,,,,,,,,,,,,,,
,307,,,,,,,,,,,,,,,,,,,5264445,Marcus,https://imgur.com/a/O21GRKU,Annihilator,,,,,,,,,,,,,,,,,,,,,,,,,,,,,,,
,308,,,,,,,,,,,,,,,,,,,5259589,Quad,https://imgur.com/a/KNxXuHG,Landmine,,,,,,,,,,,,,,,,,,,,,,,,,,,,,,,
,309,,,,,,,,,,,,,,,,,,,5250579,ZeZo,https://imgur.com/a/42aQCaz,Skimmer,,,,,,,,,,,,,,,,,,,,,,,,,,,,,,,
,310,,,,,,,,,,,,,,,,,,,5243099,Smiley,https://imgur.com/a/isl3Shd,Smasher,,,,,,,,,,,,,,,,,,,,,,,,,,,,,,,
,311,,,,,,,,,,,,,,,,,,,5240655,Slade,https://cdn.discordapp.com/attachments/559793341143711767/1118664416179802273/missing_evidence2.png,Overseer,,,,,,,,,,,,,,,,,,,,,,,,,,,,,,,
,312,,,,,,,,,,,,,,,,,,,5228513,Jess,https://cdn.discordapp.com/attachments/856614995802325032/1028731350808789063/unknown.png,Manager,,,,,,,,,,,,,,,,,,,,,,,,,,,,,,,
,313,,,,,,,,,,,,,,,,,,,5220128,WL9,https://imgur.com/gallery/NGuu8Ot,Streamliner,,,,,,,,,,,,,,,,,,,,,,,,,,,,,,,
,314,,,,,,,,,,,,,,,,,,,5219397,Askatasuna,https://imgur.com/a/NZeNI2o,Auto Overseer,,,,,,,,,,,,,,,,,,,,,,,,,,,,,,,
,315,,,,,,,,,,,,,,,,,,,5214030,Anto,https://imgur.com/a/eS87qcI,Smasher,,,,,,,,,,,,,,,,,,,,,,,,,,,,,,,
,316,,,,,,,,,,,,,,,,,,,5213429,Smiley,https://imgur.com/a/DKfSuzN,Factory,,,,,,,,,,,,,,,,,,,,,,,,,,,,,,,
,317,,,,,,,,,,,,,,,,,,,5212543,Mine,https://imgur.com/a/GOdj6mr,Eagle,,,,,,,,,,,,,,,,,,,,,,,,,,,,,,,
,318,,,,,,,,,,,,,,,,,,,5211329,lTorenn,https://cdn.discordapp.com/attachments/866023322529955870/1099334190845136906/screenshot_-_2023-04-22T150011.374.png,Octo Tank,Incognito,,,,,,,,,,,,,,,,,,,,,,,,,,,,,,
,319,,,,,,,,,,,,,,,,,,,5195666,MR SEX,https://cdn.discordapp.com/attachments/866023322529955870/1134449243747274813/crossbow_5m.jpg,Crossbow,,,,,,,,,,,,,,,,,,,,,,,,,,,,,,,
,320,,,,,,,,,,,,,,,,,,,5184695,Jess,https://cdn.discordapp.com/attachments/866023322529955870/1123737607403212840/screenshot25.png,Ranger,,,,,,,,,,,,,,,,,,,,,,,,,,,,,,,
,321,,,,,,,,,,,,,,,,,,,5181649,you tried,https://cdn.discordapp.com/attachments/433431402613309440/1128615573115392090/screenshot_-_2023-07-12T161406.645.png,Penta Shot,Incognito,,,,,,,,,,,,,,,,,,,,,,,,,,,,,,
,322,,,,,,,,,,,,,,,,,,,5173703,Darky,https://imgur.com/a/DOXrXAo,Smasher,,,,,,,,,,,,,,,,,,,,,,,,,,,,,,,
,323,,,,,,,,,,,,,,,,,,,5170878,lamita,https://imgur.com/gallery/OVj29Es,Manager,,,,,,,,,,,,,,,,,,,,,,,,,,,,,,,
,324,,,,,,,,,,,,,,,,,,,5159493,Anto,https://imgur.com/a/0A3kOh6,Annihilator,,,,,,,,,,,,,,,,,,,,,,,,,,,,,,,
,325,,,,,,,,,,,,,,,,,,,5157999,cyan,https://cdn.discordapp.com/attachments/866023322529955870/1027574491238379551/screenshot_34.png,Double Twin,,,,,,,,,,,,,,,,,,,,,,,,,,,,,,,
,326,,,,,,,,,,,,,,,,,,,5156872,Marcus,https://cdn.discordapp.com/attachments/1095472648886165704/1112072939681099997/screenshot_-_2023-05-27T194014.242.png,Stalker,,,,,,,,,,,,,,,,,,,,,,,,,,,,,,,
,327,,,,,,,,,,,,,,,,,,,5152982,asd,https://imgur.com/a/WdOawJi,Mega Smasher,,,,,,,,,,,,,,,,,,,,,,,,,,,,,,,
,328,,,,,,,,,,,,,,,,,,,5148474,Slade,https://cdn.discordapp.com/attachments/1044131085463851028/1049047879383273532/screenshot_-_2022-12-04T144111.721.png,Builder,,,,,,,,,,,,,,,,,,,,,,,,,,,,,,,
,329,,,,,,,,,,,,,,,,,,,5142688,Templar,https://cdn.discordapp.com/attachments/1062306642898735186/1123316860109197442/image.png,Hunter,,,,,,,,,,,,,,,,,,,,,,,,,,,,,,,
,330,,,,,,,,,,,,,,,,,,,5141762,OnyxD,https://imgur.com/a/E9TFG8Y,Manager,,,,,,,,,,,,,,,,,,,,,,,,,,,,,,,
,331,,,,,,,,,,,,,,,,,,,5139341,ŒπŒ±,https://cdn.discordapp.com/attachments/928174021592383489/1126230665910825031/screenshot_-_2022-12-04T135347.png,Auto Spawner,,,,,,,,,,,,,,,,,,,,,,,,,,,,,,,
,332,,,,,,,,,,,,,,,,,,,5138172,pedal,https://cdn.discordapp.com/attachments/395646588682240020/588454856642002945/unknown.png,Smasher,,,,,,,,,,,,,,,,,,,,,,,,,,,,,,,
,333,,,,,,,,,,,,,,,,,,,5121068,zo,https://imgur.com/a/uALKLq1,Overlord,,,,,,,,,,,,,,,,,,,,,,,,,,,,,,,
,334,,,,,,,,,,,,,,,,,,,5119333,bum,https://i.imgur.com/BjjMQiX.png,Auto Double,,,,,,,,,,,,,,,,,,,,,,,,,,,,,,,
,335,,,,,,,,,,,,,,,,,,,5115310,Ditine,https://imgur.com/a/tj14X8X,Auto Smasher,,,,,,,,,,,,,,,,,,,,,,,,,,,,,,,
,336,,,,,,,,,,,,,,,,,,,5107133,Stradpult,https://media.discordapp.net/attachments/454578417745133580/762070289047355392/unknown.png,Overlord,,,,,,,,,,,,,,,,,,,,,,,,,,,,,,,
,337,,,,,,,,,,,,,,,,,,,5102807,ŒπŒ±,https://cdn.discordapp.com/attachments/1044131085463851028/1058595247862579260/screenshot_-_2022-12-30T185929.png,Auto Spawner,,,,,,,,,,,,,,,,,,,,,,,,,,,,,,,
,338,,,,,,,,,,,,,,,,,,,5097500,„Å≠„Åì„Åç„Çì,https://cdn.discordapp.com/attachments/981241581044637696/1116097759527841833/IMG_8655.jpg,Auto Assassin,,,,,,,,,,,,,,,,,,,,,,,,,,,,,,,
,339,,,,,,,,,,,,,,,,,,,5090471,Marcus,https://imgur.com/a/LcNRt2e,Eagle,,,,,,,,,,,,,,,,,,,,,,,,,,,,,,,
,340,,,,,,,,,,,,,,,,,,,5083826,Darky,https://imgur.com/a/WhImc9w,Landmine,,,,,,,,,,,,,,,,,,,,,,,,,,,,,,,
,341,,,,,,,,,,,,,,,,,,,5054572,Slade,https://cdn.discordapp.com/attachments/395646588682240020/814907379786973194/DGJRaZu.png,Auto Gunner,,,,,,,,,,,,,,,,,,,,,,,,,,,,,,,
,342,,,,,,,,,,,,,,,,,,,5039129,Ussnub,https://cdn.discordapp.com/attachments/1125564247275999282/1128839986700103800/5.03_mil_0_bs.png,Annihilator,,,,,,,,,,,,,,,,,,,,,,,,,,,,,,,
,343,,,,,,,,,,,,,,,,,,,5035839,Marcus,https://cdn.discordapp.com/attachments/1062306642898735186/1119306775540269106/screenshot_-_2023-06-16T184412.734.png,Triple Twin,,,,,,,,,,,,,,,,,,,,,,,,,,,,,,,
,344,,,,,,,,,,,,,,,,,,,5035117,Slade,https://cdn.discordapp.com/attachments/1044121536656850967/1044673746297954334/unknown.png,Fighter,,,,,,,,,,,,,,,,,,,,,,,,,,,,,,,
,345,,,,,,,,,,,,,,,,,,,5033619,Smiley,https://imgur.com/a/cKdR0p9,Annihilator,,,,,,,,,,,,,,,,,,,,,,,,,,,,,,,
,346,,,,,,,,,,,,,,,,,,,5030228,noscore,https://cdn.discordapp.com/attachments/1146072196117180527/1155100260511789117/screenshot_56.png?ex=652a7872&is=65180372&hm=7f3e8a13a428abdb54e6bd0ffce95e093b959401614242713950564dafe2437a&,Auto Tri-Angle,TBR,,,,,,,,,,,,,,,,,,,,,,,,,,,,,,
,347,,,,,,,,,,,,,,,,,,,5028132,Sprunk,https://www.youtube.com/watch?v=B0PpuZtq2HI,Booster,,,,,,,,,,,,,,,,,,,,,,,,,,,,,,,
,348,,,,,,,,,,,,,,,,,,,5020880,O'Chunks,https://imgur.com/gallery/c12rYqY,Nailgun,,,,,,,,,,,,,,,,,,,,,,,,,,,,,,,
,349,,,,,,,,,,,,,,,,,,,5019259,Jess,https://imgur.com/a/07h0s0h,Surfer,Legacy,,,,,,,,,,,,,,,,,,,,,,,,,,,,,,
,350,,,,,,,,,,,,,,,,,,,5012868,DevinSucksAtLife,https://cdn.discordapp.com/attachments/433431402613309440/1102404961683394570/image.png,Auto Assassin,TBR,,,,,,,,,,,,,,,,,,,,,,,,,,,,,,
,351,,,,,,,,,,,,,,,,,,,5011690,TJL,https://i.imgur.com/ytigHwv.png,Spike,,,,,,,,,,,,,,,,,,,,,,,,,,,,,,,
,352,,,,,,,,,,,,,,,,,,,5010771,ùëâùì™ùì∑ùìÆùìºùìºùì™,https://cdn.discordapp.com/attachments/395646588682240020/817164253882351626/91652000-511a6d80-ea93-11ea-8e10-504ac2db3d24.png,Landmine,Legacy,,,,,,,,,,,,,,,,,,,,,,,,,,,,,,
,353,,,,,,,,,,,,,,,,,,,5010380,ŒπŒ±,https://imgur.com/a/47F1S6F,Annihilator,,,,,,,,,,,,,,,,,,,,,,,,,,,,,,,
,354,,,,,,,,,,,,,,,,,,,5008962,Marcus,https://cdn.discordapp.com/attachments/1095472648886165704/1142083649886494801/screenshot_-_2023-08-18T151225.477.png,Big Cheese,TBR,,,,,,,,,,,,,,,,,,,,,,,,,,,,,,
,355,,,,,,,,,,,,,,,,,,,5008424,Jormungander,https://imgur.com/gallery/5sZGOhT,Overlord,,,,,,,,,,,,,,,,,,,,,,,,,,,,,,,
,356,,,,,,,,,,,,,,,,,,,5007433,Slade,https://cdn.discordapp.com/attachments/559793341143711767/1118664416179802273/missing_evidence2.png,Necromancer,,,,,,,,,,,,,,,,,,,,,,,,,,,,,,,
,357,,,,,,,,,,,,,,,,,,,5006725,Mr.Hacker YT,https://cdn.discordapp.com/attachments/1146049737494114356/1147120038575341650/screenshot_-_2023-09-01T033850.724.png,Banshee,TBR,,,,,,,,,,,,,,,,,,,,,,,,,,,,,,
,358,,,,,,,,,,,,,,,,,,,5005414,bum,https://imgur.com/a/DOpQwrf,Destroyer,,,,,,,,,,,,,,,,,,,,,,,,,,,,,,,
,359,,,,,,,,,,,,,,,,,,,5004167,Para,https://cdn.discordapp.com/attachments/934213763480031252/1141910913256009809/image.png,Overlord,,,,,,,,,,,,,,,,,,,,,,,,,,,,,,,
,360,,,,,,,,,,,,,,,,,,,5003057,Darky,https://cdn.discordapp.com/attachments/1116894106438881380/1134877161858285568/screenshot_23.png,Necromancer,TBR,,,,,,,,,,,,,,,,,,,,,,,,,,,,,,
,361,,,,,,,,,,,,,,,,,,,5002008,Marcus,https://cdn.discordapp.com/attachments/1146204878331461642/1147125542169092167/screenshot_-_2023-09-01T130523.564.png,Penta Shot,TBR,,,,,,,,,,,,,,,,,,,,,,,,,,,,,,
,362,,,,,,,,,,,,,,,,,,,5001535,üå∑|retnuH,https://cdn.discordapp.com/attachments/866023322529955870/1130107914862993448/screenshot_-_2023-07-16T150012.395.png,Gunner Trapper,TBR,,,,,,,,,,,,,,,,,,,,,,,,,,,,,,
,363,,,,,,,,,,,,,,,,,,,5000628,Para,https://imgur.com/gallery/TwkW5IF,Stalker,,,,,,,,,,,,,,,,,,,,,,,,,,,,,,,
,364,,,,,,,,,,,,,,,,,,,5000100,Marcus,https://cdn.discordapp.com/attachments/1095472648886165704/1146121263857795103/screenshot_-_2023-08-29T183408.613.png,Auto Builder,TBR,,,,,,,,,,,,,,,,,,,,,,,,,,,,,,
,365,,,,,,,,,,,,,,,,,,,5000098,Hertz,https://cdn.discordapp.com/attachments/559793341143711767/1125608567681056779/screenshot_-_2023-07-04T030243.480.png,Carrier,TBR,,,,,,,,,,,,,,,,,,,,,,,,,,,,,,