,Players with most 5 Mils,,,,Players with highest total score,,,,Players with best average score,,,,Tanks with most 5 Mils,,,,Tanks with highest total score,,,,Tanks with highest average score,,,,Most Frequent Players in Top 250,,,,Most Frequent Tanks in Top 250,,,,Most Frequent Players in Top Tanks,,,,Most #1 Spots in Top Tanks,,
,,,,,,,,,,,,,,,,,,,,,,,,,,,,,,,,,,,,,,,
,,,,,,,,,,,,,,,,,,,,,,,,,,,,,,,,,,,,,,,
,#,Name,Count,,#,Name,Total,,#,Name,Average,,#,Tank,count Tank,,#,Tank,Total,,#,,Total,,#,Name,Count,,#,Tank,Count,,#,Name,Count,,#,Name,Count
,1,ŒπŒ±,38,,1,Jess,280929679,,1,Jess,9877993.41935484,,1,Overlord,81,,1,Overlord,646580621,,1,Commander,10809347.6,,1,Jess,15,,1,Overlord,33,,1,Slade,68,,1,Corrupt Y,6
,2,Slade,35,,2,ŒπŒ±,267187859,,2,Harry,8949702.5,,2,Auto Overseer,53,,2,Auto Overseer,449260578,,2,Crossbow,9954867.2,,2,Skrialik,14,,2,Auto Overseer,22,,2,Skrialik,41,,1,ExC,6
,3,Jess,29,,3,Slade,241508934,,3,„Å≠„Åì„Åç„Çì,8684416.666666666,,3,Auto Assassin,32,,3,Auto Assassin,229135304,,3,Bushwhacker,9523554.2,,3,Marcus,13,,3,Manager,15,,3,Quad,37,,1,Jess,6
,3,Skrialik,29,,4,Skrialik,231257594,,4,Armin,8330322,,4,Manager,30,,4,Manager,224910977,,4,Fortress,9138754.666666666,,3,Mr.Hacker YT,13,,4,Auto Assassin,12,,4,Marcus,34,,1,Quad,6
,5,Marcus,28,,5,Marcus,223096808,,5,noscore,8144599.666666667,,5,Fighter,29,,5,Streamliner,191214794,,5,Flank Guard,8602768.75,,3,ŒπŒ±,13,,5,Streamliner,8,,5,Corrupt Y,32,,1,Rog456,6
,6,Mr.Hacker YT,23,,6,Mr.Hacker YT,181110120,,6,Corrupt Y,8131388.153846154,,6,Streamliner,28,,6,Fighter,175184864,,6,Auto Overseer,8476614.679245284,,6,Slade,12,,6,Fighter,7,,6,ExC,30,,1,Slade,6
,7,Quad,19,,7,byekc,130025629,,7,Awootube,8065338,,7,Auto Spawner,22,,7,Auto Spawner,143911005,,7,Overseer,8348769.6875,,7,ExC,9,,7,Gunner Trapper,6,,7,ŒπŒ±,29,,7,Marcus,5
,8,byekc,17,,8,Quad,128204893,,8,ExC,8044825.47368421,,8,Smasher,21,,8,Predator,136668745,,8,Carrier,8175652.125,,7,√ñ.,9,,7,Necromancer,6,,8,Rog456,26,,7,√ñ.,5
,9,Colon,16,,9,Colon,115285848,,9,Chris3773,7943073,,9,Annihilator,20,,9,Necromancer,134396837,,9,Overgunner,8076771.571428572,,9,Chris3773,8,,7,Overseer,6,,9,Mine,25,,9,Mine,4
,9,Nyrox,16,,10,√ñ.,112394481,,10,Marcus,7872353.1,,10,Necromancer,19,,10,Overseer,133580315,,10,Single,8038224,,9,byekc,8,,7,Predator,6,,10,Mr.Hacker YT,24,,9,Para,4
,9,Smiley,16,,11,Rog456,111002139,,11,Mr.Hacker YT,7839442.5,,11,Predator,18,,11,Annihilator,123918041,,11,Overlord,7982476.802469136,,11,Corrupt Y,7,,11,Auto Spawner,5,,11,ZeZo,23,,9,Skrialik,4
,12,√ñ.,15,,12,Nyrox,106207946,,12,Skrialik,7735254.333333333,,12,Overdrive,17,,12,Smasher,122824791,,12,Battleship,7649132.6,,11,Rog456,7,,11,Hexa Tank,5,,12,Jess,22,,9,byekc,4
,13,OnyxD,14,,13,Smiley,104775860,,13,zo,7688716.416666667,,13,Landmine,16,,13,Overdrive,112383750,,13,Predator,7592708.055555556,,13,Quad,6,,11,Landmine,5,,13,Nyrox,21,,13,Chris3773,3
,13,Para,14,,14,ExC,99823839,,14,byekc,7648566.411764706,,13,Overseer,16,,14,Landmine,101952437,,14,Shotgun,7577344,,13,Smiley,6,,11,Overdrive,5,,13,Smiley,21,,13,rela üê£,3
,13,Rog456,14,,15,Roman,95350813,,15,Rog456,7628487.625,,15,Surfer,15,,15,Surfer,97502393,,15,Gunner Trapper,7511048,,13,Stradpult,6,,11,Overgunner,5,,13,bum,21,,13,üéã,3
,13,ZeZo,14,,16,Para,94922464,,16,Thx m8,7574585.4,,16,Auto Double,12,,16,Hybrid,85536382,,16,Manager,7497032.566666666,,16,Nyrox,5,,16,Bushwhacker,4,,16,√ñ.,20,,16,Colon,2
,17,Roman,13,,17,OnyxD,94874945,,17,√ñ.,7546215.5625,,16,Hybrid,12,,17,Gunner Trapper,82621528,,17,Machine Gun,7445323.25,,16,OnyxD,5,,16,Carrier,4,,17,Thing,18,,16,Mr.Hacker YT,2
,18,ExC,12,,18,zo,92264597,,18,ASkib,7376881.666666667,,16,Triplet,12,,18,Auto Double,78839642,,18,Machine Gunner,7424817,,16,Para,5,,16,Surfer,4,,18,Askatasuna,17,,16,OnyxD,2
,18,rela üê£,12,,19,rela üê£,91519893,,19,rela üê£,7332879.214285715,,19,Gunner Trapper,11,,19,Hexa Tank,78259184,,19,Rifle,7416322.666666667,,16,zo,5,,19,Auto Builder,3,,18,Chris3773,17,,16,Roman,2
,18,zo,12,,20,ZeZo,89164014,,20,Roman,7130886.066666666,,19,Hexa Tank,11,,20,Triplet,69722053,,20,Spreadshot,7268984.4,,20,Colon,4,,19,Auto Smasher,3,,20,rela üê£,16,,16,Smiley,2
,21,Chris3773,11,,21,Corrupt Y,88027334,,21,Endless,7123839.666666667,,19,Spike,11,,21,Octo Tank,69001853,,21,Auto Cruiser,7196314,,20,Harry,4,,19,Banshee,3,,21,Colon,15,,16,lamita,2
,21,Corrupt Y,11,,22,Chris3773,86694446,,22,ü•ïCrazy Carrotü•ï,7113378,,22,Auto Tri-Angle,10,,22,Spike,67543461,,22,Auto Assassin,7160478.25,,20,Roman,4,,19,Commander,3,,21,Para,15,,16,zo,2
,23,Mine,9,,23,noscore,68247041,,23,Salla,6991312.75,,22,Mega Smasher,10,,23,Carrier,65405217,,23,Hybrid,7128031.833333333,,20,noscore,4,,19,Crossbow,3,,23,Hertz,14,,16,ŒπŒ±,2
,23,Thing,9,,24,Thing,62448010,,24,ŒπŒ±,6980100.512820513,,22,Octo Tank,10,,24,Mega Smasher,63366696,,24,Hexa Tank,7114471.2727272725,,20,rela üê£,4,,19,Flank Guard,3,,23,byekc,14,,24,2763,1
,23,asd,9,,25,Mine,56666999,,25,Templar,6960533.75,,22,Sniper,10,,25,Banshee,62044980,,25,Auto Builder,7091976.833333333,,25,Awootube,3,,19,Hybrid,3,,23,üå∑|retnuH,14,,24,<‚ùÇ> ‚Ç≠«ør…áa,1
,23,üå∑|retnuH,9,,26,üå∑|retnuH,54248106,,26,Thing,6938667.777777778,,26,Auto Smasher,9,,26,Sniper,61776712,,26,Swarmer,7078556,,25,Thing,3,,19,Octo Tank,3,,26,Roman,13,,24,Allan,1
,27,Askatasuna,8,,27,asd,54235827,,27,Colon,6891428.428571428,,26,Banshee,9,,27,Overtrapper,57398479,,27,Necromancer,7073517.736842105,,25,ZeZo,3,,19,Penta Shot,3,,27,noscore,12,,24,Anak,1
,27,Lamp,8,,28,Harry,53698215,,28,Zeph,6850723.4,,26,Overtrapper,9,,28,Auto Smasher,57203715,,28,Ordnance,7038475,,25,ascending,3,,19,Ranger,3,,28,Lamp,11,,24,Askatasuna,1
,27,noscore,8,,29,Lamp,52870870,,29,Slade,6810694.394736842,,29,Bent Double,8,,29,Auto Tri-Angle,56722290,,29,Spawner,6983569.333333333,,25,asd,3,,19,Smasher,3,,28,üéã,11,,24,Crazoodles,1
,30,Ussnub,7,,30,ü•ïCrazy Carrotü•ï,50770634,,30,ascending,6799326.666666667,,29,Carrier,8,,30,Overgunner,56537401,,30,Falcon,6950950.428571428,,25,bum,3,,19,Spike,3,,30,132,10,,24,Ditine,1
,30,bum,7,,31,Askatasuna,50553854,,31,OnyxD,6776781.785714285,,29,Destroyer,8,,31,Ranger,55308323,,31,Basic,6933330,,25,üå∑|retnuH,3,,31,Annihilator,2,,30,<‚ùÇ> ‚Ç≠«ør…áa,10,,24,Endless,1
,30,ü•ïCrazy Carrotü•ï,7,,32,bum,47046802,,32,Para,6744631.066666666,,29,Mortar,8,,32,Penta Shot,54754822,,32,Ranger,6913540.375,,32,Allan,2,,31,Auto Cruiser,2,,30,Awootube,10,,24,Lamp,1
,33,Allan,6,,33,Ussnub,45086132,,33,Quad,6732303.2272727275,,29,Penta Shot,8,,33,Commander,54046738,,33,Octo Tank,6900185.3,,32,Corrupt X,2,,31,Basic,2,,30,Endless,10,,24,Nyrox,1
,33,Harry,6,,34,ascending,40795960,,34,bum,6720971.714285715,,29,Ranger,8,,34,Bent Double,50866901,,34,Banshee,6893886.666666667,,32,Drokert el LaTaTa,2,,31,Bent Double,2,,30,Stradpult,10,,24,Oganesson 118,1
,33,Stradpult,6,,35,pedal,39695195,,35,Corrupt X,6712918.571428572,,29,Stalker,8,,35,Stalker,50748924,,35,Penta Shot,6844352.75,,32,Lamp,2,,31,Bomber,2,,35,Corrupt X,9,,24,Sprunk,1
,33,Vangu,6,,36,Thx m8,37872927,,36,safuez,6643016.5,,36,Bent Hybrid,7,,36,Crossbow,49774336,,36,Streamliner,6829099.785714285,,32,Mine,2,,31,Falcon,2,,36,Crazoodles,8,,24,Sunburst,1
,33,ascending,6,,37,Allan,37831096,,37,Nyrox,6637996.625,,36,Falcon,7,,37,Falcon,48656653,,37,Artillery,6806075.5,,32,Salla,2,,31,Fortress,2,,36,Ender,8,,24,TJL,1
,33,pedal,6,,38,Vangu,36842284,,38,Ender,6595014,,36,Overgunner,7,,38,Mortar,48590163,,38,Assassin,6714821.25,,32,Templar,2,,31,Machine Gun,2,,36,ThunderFlame,8,,24,Templar,1
,39,Thx m8,5,,39,Stradpult,33796677,,39,cyan,6591148.75,,39,Artillery,6,,39,Destroyer,48579003,,39,Overdrive,6610808.823529412,,32,Ussnub,2,,31,Mega Smasher,2,,36,WL9,8,,24,Thing,1
,39,üéã,5,,40,üéã,32766529,,40,üéã,6553305.8,,39,Auto Builder,6,,40,Bushwhacker,47617771,,40,Auto Double,6569970.166666667,,32,pedal,2,,31,Mortar,2,,36,jax,8,,24,ThunderFlame,1
,41,Anto,4,,41,Awootube,32261352,,41,Lamp,6546411,,39,Auto-5,6,,41,Auto Builder,42551861,,41,Auto Spawner,6541409.318181818,,32,safuez,2,,31,Overtrapper,2,,36,pedal,8,,24,Tophat el LaTaTa,1
,41,Awootube,4,,42,Zeph,28742829,,42,Smiley,6492474.411764706,,39,Booster,6,,42,Bent Hybrid,42066349,,42,Surfer,6500159.533333333,,42,ASkib,1,,31,Single,2,,36,zo,8,,24,Ussnub,1
,41,Darky,4,,43,Salla,27965251,,43,lamita,6439484,,39,Hunter,6,,43,Artillery,40836453,,43,Bomber,6384631,,42,Anto,1,,31,Sniper,2,,43,8,7,,24,Vangu,1
,41,Salla,4,,44,Templar,27842135,,44,Jackson,6344095.25,,44,Auto Cruiser,5,,44,Single,40191120,,44,Overtrapper,6377608.777777778,,42,Askatasuna,1,,31,Spreadshot,2,,43,Aero,7,,24,ascending,1
,41,Templar,4,,45,cyan,26364595,,45,Stradpult,6341127.45,,44,Auto Gunner,5,,45,Battleship,38245663,,45,Landmine,6372027.3125,,42,Damocles,1,,31,Stalker,2,,43,Athu,7,,24,bum,1
,41,Zeph,4,,46,„Å≠„Åì„Åç„Çì,26053250,,46,Askatasuna,6319231.75,,44,Battleship,5,,46,Auto-5,37976073,,46,Bent Double,6358362.625,,42,Despair,1,,46,Armsman,1,,43,Denied,7,,24,crong,1
,41,cyan,4,,47,Anto,23183538,,47,Ussnub,6311028.375,,44,Bomber,5,,47,Hunter,37728367,,47,Auto Smasher,6355968.333333333,,42,Endless,1,,46,Artillery,1,,43,Vangu,7,,24,cyan,1
,48,132,3,,48,Drokert el LaTaTa,22463008,,48,Mine,6296333.222222222,,44,Bushwhacker,5,,48,Spreadshot,36344922,,48,Musket,6344070.333333333,,42,Heatherly,1,,46,Assassin,1,,43,asd,7,,24,ejv,1
,48,<‚ùÇ> ‚Ç≠«ør…áa,3,,49,ASkib,22130645,,49,Allan,6272936,,44,Commander,5,,49,Auto Cruiser,35981570,,49,Stalker,6343615.5,,42,Stormy,1,,46,Auto Double,1,,43,ü•ïCrazy Carrotü•ï,7,,24,jugg,1
,48,ASkib,3,,50,Corrupt X,21836246,,50,chewy pies,6258032.333333333,,44,Crossbow,5,,50,Flank Guard,34411075,,50,Mega Smasher,6336669.6,,42,Thx m8,1,,46,Auto Tri-Angle,1,,50,Neptuun,6,,24,noscore,1
,48,Athu,3,,51,Darky,20930586,,51,pedal,6227603.888888889,,44,Single,5,,51,Booster,32884038,,51,Bulwark,6336475.333333333,,42,Tommy,1,,46,Auto-5,1,,50,OnyxD,6,,24,pedal,1
,48,Corrupt X,3,,52,Ender,20015512,,52,ZeZo,6189127.888888889,,44,Spreadshot,5,,52,Bomber,31923155,,52,Auto-5,6329345.5,,42,Tophat el LaTaTa,1,,46,Battleship,1,,50,ascending,6,,24,pool noodle,1
,48,Crazoodles,3,,53,lamita,19318452,,53,Vangu,6140380.666666667,,53,Architect,4,,53,Shotgun,30309376,,53,Hunter,6288061.166666667,,42,Vangu,1,,46,Beekeeper,1,,50,duc,6,,24,safuez,1
,48,Ender,3,,54,Crazoodles,18138966,,54,Neptuun,6104240.285714285,,53,Assassin,4,,54,Machine Gun,29781293,,54,Armsman,6282981.666666667,,42,X...,1,,46,Bent Hybrid,1,,50,ejv,6,,24,üå∑|retnuH,1
,48,IXIII,3,,55,WL9,18087474,,55,bean,6071536.25,,53,Basic,4,,55,Basic,27733320,,55,Annihilator,6195902.05,,42,Zeph,1,,46,Bulwark,1,,50,fortune,6,,,,
,48,Sprunk,3,,56,cute sus,17345980,,56,Crazoodles,6046322,,53,Boomer,4,,56,Auto Gunner,27494629,,56,Sniper,6177671.2,,42,bean,1,,46,Destroyer,1,,56,2not1üåπ,5,,,,
,48,TJL,3,,57,<‚ùÇ> ‚Ç≠«ør…áa,17007853,,57,WL9,6029158,,53,Constructor,4,,57,Fortress,27416264,,57,Spike,6140314.636363637,,42,crong,1,,46,Factory,1,,56,Allan,5,,,,
,48,WL9,3,,58,Sprunk,16938162,,58,üå∑|retnuH,6027567.333333333,,53,Factory,4,,58,Assassin,26859285,,58,Mortar,6073770.375,,42,cyan,1,,46,Hunter,1,,56,Anto,5,,,,
,48,bean,3,,59,Athu,16644440,,59,asd,6026203,,53,Flank Guard,4,,59,Factory,24000870,,59,Destroyer,6072375.375,,42,duc,1,,46,Machine Gunner,1,,56,Armin,5,,,,
,48,cute sus,3,,60,TJL,16157103,,60,Tommy,5832478.4,,53,Machine Gun,4,,60,Boomer,22868314,,60,Fighter,6040857.379310345,,42,lamita,1,,46,Musket,1,,56,Harry,5,,,,
,48,fortune,3,,61,fortune,16049801,,61,Anto,5795884.5,,53,Shotgun,4,,61,Constructor,22737939,,61,Bent Hybrid,6009478.428571428,,42,z,1,,46,Ordnance,1,,56,Sprunk,5,,,,
,48,lamita,3,,62,bean,15887640,,62,cute sus,5781993.333333333,,62,Armsman,3,,62,Machine Gunner,22274451,,62,Factory,6000217.5,,42,„Å≠„Åì„Åç„Çì,1,,46,Poacher,1,,56,Templar,5,,,,
,48,„Å≠„Åì„Åç„Çì,3,,63,132,15883680,,63,S3CR3T,5686882,,62,Builder,3,,63,Rifle,22248968,,63,Smasher,5848799.571428572,,42,üéã,1,,46,Rifle,1,,56,Thx m8,5,,,,
,64,Buddy_Dog,2,,64,IXIII,15804915,,64,<‚ùÇ> ‚Ç≠«ør…áa,5669284.333333333,,62,Bulwark,3,,64,Architect,21888838,,64,Triplet,5810171.083333333,,42,ü•ïCrazy Carrotü•ï,1,,46,Rocketeer,1,,56,Tommy,5,,,,
,64,CX has cute feet,2,,65,Heatherly,14405244,,65,Sprunk,5646054,,62,Eagle,3,,65,Underseer,21471235,,65,Boomer,5717078.5,,,,,,46,Shotgun,1,,56,Ussnub,5,,,,
,64,Ditine,2,,66,duc,13211749,,66,Athu,5548146.666666667,,62,Fortress,3,,66,Swarmer,21235668,,66,Skimmer,5694584.333333333,,,,,,46,Spawner,1,,56,safuez,5,,,,
,64,Drokert el LaTaTa,2,,67,jax,12834628,,67,EB,5461960.333333333,,62,Machine Gunner,3,,67,Ordnance,21115425,,67,Constructor,5684484.75,,,,,,46,Swarmer,1,,56,‚ò† ü·¥Ä…¢ –º·¥Äs—Ç·¥á Ä‚ò†,5,,,,
,64,EB,2,,68,chewy pies,12758217,,68,TJL,5385701,,62,Musket,3,,68,Spawner,20950708,,68,Auto Tri-Angle,5672229,,,,,,46,Trap Guard,1,,68,AstRatJP,4,,,,
,64,Endless,2,,69,safuez,12470348,,69,fortune,5349933.666666667,,62,Nailgun,3,,69,Musket,19032211,,69,Auto Gunner,5498925.8,,,,,,46,Triplet,1,,68,Bird,4,,,,
,64,Heatherly,2,,70,breaking good,12467377,,70,132,5294560,,62,Ordnance,3,,70,Bulwark,19009426,,70,Nailgun,5485441.333333333,,,,,,46,Underseer,1,,68,CX has cute feet,4,,,,
,64,Heir,2,,71,Stormy,12465607,,71,IXIII,5268305,,62,Rifle,3,,71,Armsman,18848945,,71,Booster,5480673,,,,,,46,X-Hunter,1,,68,Chaos,4,,,,
,64,Mythical,2,,72,‚ò† ü·¥Ä…¢ –º·¥Äs—Ç·¥á Ä‚ò†,12435980,,72,Darky,5232646.5,,62,Skimmer,3,,72,Skimmer,17083753,,72,Architect,5472209.5,,,,,,,,,,68,Ditine,4,,,,
,64,Septerion,2,,73,Endless,12031333,,73,Ditine,5085169.666666667,,62,Spawner,3,,73,Nailgun,16456324,,73,Builder,5447748.666666667,,,,,,,,,,68,O'Chunks,4,,,,
,64,Stormy,2,,74,CX has cute feet,11943970,,,,,,62,Swarmer,3,,74,Builder,16343246,,74,Twin,5320176.666666667,,,,,,,,,,68,TJL,4,,,,
,64,Tommy,2,,75,Anak,11626716,,,,,,62,Twin,3,,75,Twin,15960530,,75,Eagle,5104486.666666667,,,,,,,,,,68,YT=GLITCHER TM,4,,,,
,64,breaking good,2,,76,Septerion,11146624,,,,,,76,Barricade,2,,76,Beekeeper,15511497,,,,,,,,,,,,,,68,cyan,4,,,,
,64,chewy pies,2,,77,Heir,11097076,,,,,,76,Beekeeper,2,,77,Eagle,15313460,,,,,,,,,,,,,,68,jugg,4,,,,
,64,duc,2,,78,Tommy,11019292,,,,,,76,Crop Duster,2,,78,Trap Guard,14638397,,,,,,,,,,,,,,68,pool noodle,4,,,,
,64,jax,2,,79,Buddy_Dog,10999797,,,,,,76,Director,2,,79,Maleficitor,12852788,,,,,,,,,,,,,,79,ASkib,3,,,,
,64,jugg,2,,80,Mythical,10974843,,,,,,76,Dual,2,,80,Crop Duster,12122866,,,,,,,,,,,,,,79,Absol,3,,,,
,64,safuez,2,,81,jugg,10567158,,,,,,76,Hewn Double,2,,81,Minigun,11879806,,,,,,,,,,,,,,79,Eternity,3,,,,
,64,‚ò† ü·¥Ä…¢ –º·¥Äs—Ç·¥á Ä‚ò†,2,,82,EB,10445368,,,,,,76,Hexa Trapper,2,,82,Barricade,11415497,,,,,,,,,,,,,,79,Giggity,3,,,,
,83,2not1üåπ,1,,83,Tophat el LaTaTa,10342688,,,,,,76,Maleficitor,2,,83,Director,11160894,,,,,,,,,,,,,,79,Heir,3,,,,
,83,Abience,1,,84,Ditine,10180553,,,,,,76,Minigun,2,,84,Dual,11070335,,,,,,,,,,,,,,79,Jackson,3,,,,
,83,Anak,1,,85,Despair,9630000,,,,,,76,Trap Guard,2,,85,Hexa Trapper,10899180,,,,,,,,,,,,,,79,Legenda,3,,,,
,83,Armin,1,,86,crong,9617577,,,,,,76,Triple Shot,2,,86,Triple Shot,10844319,,,,,,,,,,,,,,79,PQD[VN](DVN),3,,,,
,83,AstRatJP,1,,87,z,7350509,,,,,,76,Triple Twin,2,,87,Hewn Double,10381712,,,,,,,,,,,,,,79,Sunburst,3,,,,
,83,Broken,1,,88,X...,7269160,,,,,,76,Underseer,2,,88,Triple Twin,10127428,,,,,,,,,,,,,,79,Zeph,3,,,,
,83,Catto,1,,89,UK,7035565,,,,,,89,Assembler,1,,89,Engineer,10074126,,,,,,,,,,,,,,79,bean,3,,,,
,83,Chaos,1,,90,Oganesson 118,7021334,,,,,,89,Auto-4,1,,90,Poacher,9424047,,,,,,,,,,,,,,79,chewy pies,3,,,,
,83,Dard√∏ ÂØù„Çã,1,,91,huy vn :D,6771510,,,,,,89,Big Cheese,1,,91,Rocketeer,7489909,,,,,,,,,,,,,,79,cute sus,3,,,,
,83,Dark,1,,92,i am terenec,6407240,,,,,,89,Conqueror,1,,92,X-Hunter,7109184,,,,,,,,,,,,,,79,huy vn :D,3,,,,
,83,Denied,1,,93,YT=GLITCHER TM,6370973,,,,,,89,Cruiser,1,,93,Infestor,6917096,,,,,,,,,,,,,,79,lamita,3,,,,
,83,Despair,1,,94,Armin,6349278,,,,,,89,Cyclone,1,,94,Sidewinder,6844707,,,,,,,,,,,,,,94,Buddy_Dog,2,,,,
,83,DevinSucksAtLife,1,,95,nonisback,6295510,,,,,,89,Double Twin,1,,95,Auto-4,6044117,,,,,,,,,,,,,,94,Chat Noir,2,,,,
,83,Eternity,1,,96,Eternity,6268213,,,,,,89,Engineer,1,,96,Cruiser,6022893,,,,,,,,,,,,,,94,Damocles,2,,,,
,83,From Asia,1,,97,2not1üåπ,6224389,,,,,,89,Field Gun,1,,97,Gunner,6000339,,,,,,,,,,,,,,94,Dard√∏ ÂØù„Çã,2,,,,
,83,Hellitica,1,,98,AstRatJP,6213230,,,,,,89,Focal,1,,98,Focal,5950538,,,,,,,,,,,,,,94,Darky,2,,,,
,83,Hertz,1,,99,Hydra,6193777,,,,,,89,Gunner,1,,99,Assembler,5775496,,,,,,,,,,,,,,94,Drokert el LaTaTa,2,,,,
,83,Hope,1,,100,poly,6161771,,,,,,89,Infestor,1,,100,Cyclone,5753120,,,,,,,,,,,,,,94,EB,2,,,,
,83,Hydra,1,,101,Denied,6134722,,,,,,89,Mega-3,1,,101,Field Gun,5722382,,,,,,,,,,,,,,94,Heatherly,2,,,,
,83,Icewalk,1,,102,Legenda,6004224,,,,,,89,Phoenix,1,,102,Pounder,5617577,,,,,,,,,,,,,,94,IXIII,2,,,,
,83,Jake,1,,103,Legit Developer,5948273,,,,,,89,Poacher,1,,103,Whirl Guard,5611907,,,,,,,,,,,,,,94,Icewalk,2,,,,
,83,JellySnk,1,,104,toxic,5873890,,,,,,89,Pounder,1,,104,Tri-Angle,5579843,,,,,,,,,,,,,,94,Kris,2,,,,
,83,Jormungander,1,,105,Hellitica,5802534,,,,,,89,Rocketeer,1,,105,Phoenix,5565130,,,,,,,,,,,,,,94,Oganesson 118,2,,,,
,83,Legenda,1,,106,Abience,5785500,,,,,,89,Sidewinder,1,,106,Sprayer,5508883,,,,,,,,,,,,,,94,Otobus,2,,,,
,83,Legit Developer,1,,107,Jake,5778090,,,,,,89,Sprayer,1,,107,Conqueror,5402095,,,,,,,,,,,,,,94,Septerion,2,,,,
,83,MR SEX,1,,108,Dard√∏ ÂØù„Çã,5646029,,,,,,89,Tri-Angle,1,,108,Mega-3,5317223,,,,,,,,,,,,,,94,Silk,2,,,,
,83,O'Chunks,1,,109,Broken,5582016,,,,,,89,Whirl Guard,1,,109,Double Twin,5157999,,,,,,,,,,,,,,94,TheMadLad,2,,,,
,83,Oganesson 118,1,,110,JellySnk,5539118,,,,,,89,X-Hunter,1,,110,Big Cheese,5008962,,,,,,,,,,,,,,94,X...,2,,,,
,83,Otobus,1,,111,mq,5518921,,,,,,,,,,,,,,,,,,,,,,,,,,94,ay96,2,,,,
,83,PQD[VN](DVN),1,,112,sleepy_tired_user,5488702,,,,,,,,,,,,,,,,,,,,,,,,,,94,bob,2,,,,
,83,Psychlow,1,,113,jah,5469041,,,,,,,,,,,,,,,,,,,,,,,,,,94,golden,2,,,,
,83,Tophat el LaTaTa,1,,114,ejv,5315542,,,,,,,,,,,,,,,,,,,,,,,,,,94,jah,2,,,,
,83,Toy Maker,1,,115,PQD[VN](DVN),5280550,,,,,,,,,,,,,,,,,,,,,,,,,,94,lotion,2,,,,
,83,UK,1,,116,Psychlow,5278410,,,,,,,,,,,,,,,,,,,,,,,,,,94,xahh,2,,,,
,83,X...,1,,117,Chaos,5247505,,,,,,,,,,,,,,,,,,,,,,,,,,94,„Å≠„Åì„Åç„Çì,2,,,,
,83,YT=GLITCHER TM,1,,118,Hope,5233002,,,,,,,,,,,,,,,,,,,,,,,,,,118,$hortstop,1,,,,
,83,bob,1,,119,Otobus,5231535,,,,,,,,,,,,,,,,,,,,,,,,,,118,17th,1,,,,
,83,crong,1,,120,From Asia,5219062,,,,,,,,,,,,,,,,,,,,,,,,,,118,2763,1,,,,
,83,ejv,1,,121,MR SEX,5195666,,,,,,,,,,,,,,,,,,,,,,,,,,118,<?W> Whoops,1,,,,
,83,huy vn :D,1,,122,x,5160051,,,,,,,,,,,,,,,,,,,,,,,,,,118,Anak,1,,,,
,83,i am terenec,1,,123,Toy Maker,5147699,,,,,,,,,,,,,,,,,,,,,,,,,,118,BHü•ïBunny Hop!,1,,,,
,83,jah,1,,124,Icewalk,5111579,,,,,,,,,,,,,,,,,,,,,,,,,,118,Broken,1,,,,
,83,lifey,1,,125,Dark,5103475,,,,,,,,,,,,,,,,,,,,,,,,,,118,Candy,1,,,,
,83,mq,1,,126,Catto,5082670,,,,,,,,,,,,,,,,,,,,,,,,,,118,Catto,1,,,,
,83,nonisback,1,,127,bob,5069043,,,,,,,,,,,,,,,,,,,,,,,,,,118,CrimsonAsItIs,1,,,,
,83,pancake,1,,128,pancake,5053349,,,,,,,,,,,,,,,,,,,,,,,,,,118,Danger 2,1,,,,
,83,poly,1,,129,lifey,5026647,,,,,,,,,,,,,,,,,,,,,,,,,,118,Dani,1,,,,
,83,sleepy_tired_user,1,,130,O'Chunks,5020880,,,,,,,,,,,,,,,,,,,,,,,,,,118,Dark,1,,,,
,83,toxic,1,,131,DevinSucksAtLife,5012868,,,,,,,,,,,,,,,,,,,,,,,,,,118,Despair,1,,,,
,83,x,1,,132,Jormungander,5008424,,,,,,,,,,,,,,,,,,,,,,,,,,118,DevŒ±,1,,,,
,83,z,1,,133,Hertz,5000098,,,,,,,,,,,,,,,,,,,,,,,,,,118,Die?,1,,,,
,,,,,,,,,,,,,,,,,,,,,,,,,,,,,,,,,118,Esko,1,,,,
,,,,,,,,,,,,,,,,,,,,,,,,,,,,,,,,,118,From Asia,1,,,,
,,,,,,,,,,,,,,,,,,,,,,,,,,,,,,,,,118,FunPlayer05,1,,,,
,,,,,,,,,,,,,,,,,,,,,,,,,,,,,,,,,118,HZ6,1,,,,
,,,,,,,,,,,,,,,,,,,,,,,,,,,,,,,,,118,Hydra,1,,,,
,,,,,,,,,,,,,,,,,,,,,,,,,,,,,,,,,118,Indra,1,,,,
,,,,,,,,,,,,,,,,,,,,,,,,,,,,,,,,,118,Jake,1,,,,
,,,,,,,,,,,,,,,,,,,,,,,,,,,,,,,,,118,Jazz,1,,,,
,,,,,,,,,,,,,,,,,,,,,,,,,,,,,,,,,118,JellySnk,1,,,,
,,,,,,,,,,,,,,,,,,,,,,,,,,,,,,,,,118,Jimmy,1,,,,
,,,,,,,,,,,,,,,,,,,,,,,,,,,,,,,,,118,Jugg,1,,,,
,,,,,,,,,,,,,,,,,,,,,,,,,,,,,,,,,118,Legit Developer,1,,,,
,,,,,,,,,,,,,,,,,,,,,,,,,,,,,,,,,118,MR SEX,1,,,,
,,,,,,,,,,,,,,,,,,,,,,,,,,,,,,,,,118,Minty,1,,,,
,,,,,,,,,,,,,,,,,,,,,,,,,,,,,,,,,118,Moral X,1,,,,
,,,,,,,,,,,,,,,,,,,,,,,,,,,,,,,,,118,Moshrav,1,,,,
,,,,,,,,,,,,,,,,,,,,,,,,,,,,,,,,,118,Mr. Cheese,1,,,,
,,,,,,,,,,,,,,,,,,,,,,,,,,,,,,,,,118,Mythical,1,,,,
,,,,,,,,,,,,,,,,,,,,,,,,,,,,,,,,,118,Necropio,1,,,,
,,,,,,,,,,,,,,,,,,,,,,,,,,,,,,,,,118,Nguyen,1,,,,
,,,,,,,,,,,,,,,,,,,,,,,,,,,,,,,,,118,Nite,1,,,,
,,,,,,,,,,,,,,,,,,,,,,,,,,,,,,,,,118,NoName,1,,,,
,,,,,,,,,,,,,,,,,,,,,,,,,,,,,,,,,118,Nothingness,1,,,,
,,,,,,,,,,,,,,,,,,,,,,,,,,,,,,,,,118,Psychlow,1,,,,
,,,,,,,,,,,,,,,,,,,,,,,,,,,,,,,,,118,Puffins,1,,,,
,,,,,,,,,,,,,,,,,,,,,,,,,,,,,,,,,118,Ray,1,,,,
,,,,,,,,,,,,,,,,,,,,,,,,,,,,,,,,,118,Reflection,1,,,,
,,,,,,,,,,,,,,,,,,,,,,,,,,,,,,,,,118,Salla,1,,,,
,,,,,,,,,,,,,,,,,,,,,,,,,,,,,,,,,118,Spacebar,1,,,,
,,,,,,,,,,,,,,,,,,,,,,,,,,,,,,,,,118,Stormy,1,,,,
,,,,,,,,,,,,,,,,,,,,,,,,,,,,,,,,,118,Suga,1,,,,
,,,,,,,,,,,,,,,,,,,,,,,,,,,,,,,,,118,Tacocat,1,,,,
,,,,,,,,,,,,,,,,,,,,,,,,,,,,,,,,,118,Tatan,1,,,,
,,,,,,,,,,,,,,,,,,,,,,,,,,,,,,,,,118,Tophat el LaTaTa,1,,,,
,,,,,,,,,,,,,,,,,,,,,,,,,,,,,,,,,118,Toy Maker,1,,,,
,,,,,,,,,,,,,,,,,,,,,,,,,,,,,,,,,118,Trastectic,1,,,,
,,,,,,,,,,,,,,,,,,,,,,,,,,,,,,,,,118,Trestoc,1,,,,
,,,,,,,,,,,,,,,,,,,,,,,,,,,,,,,,,118,UwU,1,,,,
,,,,,,,,,,,,,,,,,,,,,,,,,,,,,,,,,118,Why no gulp gulp 300,1,,,,
,,,,,,,,,,,,,,,,,,,,,,,,,,,,,,,,,118,Xenom,1,,,,
,,,,,,,,,,,,,,,,,,,,,,,,,,,,,,,,,118,Xentria,1,,,,
,,,,,,,,,,,,,,,,,,,,,,,,,,,,,,,,,118,YT-TY,1,,,,
,,,,,,,,,,,,,,,,,,,,,,,,,,,,,,,,,118,Yooo what up,1,,,,
,,,,,,,,,,,,,,,,,,,,,,,,,,,,,,,,,118,[User164564785684736945],1,,,,
,,,,,,,,,,,,,,,,,,,,,,,,,,,,,,,,,118,a letter a,1,,,,
,,,,,,,,,,,,,,,,,,,,,,,,,,,,,,,,,118,alettera,1,,,,
,,,,,,,,,,,,,,,,,,,,,,,,,,,,,,,,,118,breaking good,1,,,,
,,,,,,,,,,,,,,,,,,,,,,,,,,,,,,,,,118,bruhski,1,,,,
,,,,,,,,,,,,,,,,,,,,,,,,,,,,,,,,,118,clockatiel,1,,,,
,,,,,,,,,,,,,,,,,,,,,,,,,,,,,,,,,118,crong,1,,,,
,,,,,,,,,,,,,,,,,,,,,,,,,,,,,,,,,118,dnb,1,,,,
,,,,,,,,,,,,,,,,,,,,,,,,,,,,,,,,,118,duud,1,,,,
,,,,,,,,,,,,,,,,,,,,,,,,,,,,,,,,,118,i am terenec,1,,,,
,,,,,,,,,,,,,,,,,,,,,,,,,,,,,,,,,118,jsohi,1,,,,
,,,,,,,,,,,,,,,,,,,,,,,,,,,,,,,,,118,lifey.,1,,,,
,,,,,,,,,,,,,,,,,,,,,,,,,,,,,,,,,118,loaf,1,,,,
,,,,,,,,,,,,,,,,,,,,,,,,,,,,,,,,,118,long vn :D,1,,,,
,,,,,,,,,,,,,,,,,,,,,,,,,,,,,,,,,118,mq,1,,,,
,,,,,,,,,,,,,,,,,,,,,,,,,,,,,,,,,118,pancake,1,,,,
,,,,,,,,,,,,,,,,,,,,,,,,,,,,,,,,,118,secretlymas,1,,,,
,,,,,,,,,,,,,,,,,,,,,,,,,,,,,,,,,118,syd para,1,,,,
,,,,,,,,,,,,,,,,,,,,,,,,,,,,,,,,,118,theikeaman,1,,,,
,,,,,,,,,,,,,,,,,,,,,,,,,,,,,,,,,118,uhhh ._.,1,,,,
,,,,,,,,,,,,,,,,,,,,,,,,,,,,,,,,,118,x,1,,,,
,,,,,,,,,,,,,,,,,,,,,,,,,,,,,,,,,118,xd,1,,,,
,,,,,,,,,,,,,,,,,,,,,,,,,,,,,,,,,118,zx,1,,,,
,,,,,,,,,,,,,,,,,,,,,,,,,,,,,,,,,118,‚ö°ùïØùñóùñÜùñåùñîùñì‚ö°INDONESIA,1,,,,