,,Special,,,,,,Normal,,,,,,Legacy,,,,,,Incognito,,,,,,To Be Restored,,,,,,Specific Player Scores,,,
,Rank,<- Use this rank column when swiping along the modes,,,,,,Score,Name,Proof,Tank,Mode,,Score,Name,Proof,Tank,Mode,,Score,Name,Proof,Tank,Mode,,Score,Name,Proof,Tank,Mode,,Something for me to use to easily search for a certain players scores.,,,
,1,Mode:,,5 Mils,Total Score,Average Score,,44215098,Jess,https://www.youtube.com/watch?v=wAPi4qf1_Vk,Auto Overseer,2TDM,,12345678,Skrialik,https://imgur.com/a/7b0FnkI,Predator,Squads,,20268858,Jess,https://cdn.discordapp.com/attachments/866023322529955870/1122908300984451182/screenshot12.png,Overlord,MULTIPLE,,16014752,ŒπŒ±,https://cdn.discordapp.com/attachments/1101493904542535791/1101982346535776326/d.png,Auto Overseer,2TDM,,Current Player: zo,,,
,2,Normal,,642,4474894941,6970241.341121496,,27537009,Skrialik,https://cdn.discordapp.com/attachments/928174021592383489/1130948964045291540/000__aHR0cHM6Ly9pLmltZ3VyLmNvbS9pVDNpYlFpLnBuZw3D3D.png,Overseer,4TDM,,10070753,Stradpult,https://imgur.com/gallery/uljVxNX,Fighter,FFA,,12020522,ExC,https://cdn.discordapp.com/attachments/1056765828508422194/1144302158951497868/Screenshot_2151.png,Hybrid,Maze,,15117515,zo,https://cdn.discordapp.com/attachments/866023322529955870/1153544609939603466/screenshot_-_2023-09-18T221037.067.png,Manager,2TDM,,10471679,Overlord,https://imgur.com/a/iOWO8A8,2TDM
,3,,,,,,,25003315,Marcus,https://cdn.discordapp.com/attachments/866023322529955870/1079438475922784317/death_ss.png,Commander,2TDM,,9676123,Corrupt Y,https://cdn.discordapp.com/attachments/866023322529955870/1038164717597904946/Screenshot_711.png,Spawner,2TDM,,11455384,Armin,https://cdn.discordapp.com/attachments/1063098062819577927/1109801754612207646/Screenshot_2718.png,Underseer,2TDM,,14076885,Marcus,https://cdn.discordapp.com/attachments/1146204878331461642/1150402565029232702/screenshot_-_2023-09-10T140844.463.png,Overlord,4TDM,,9166223,Manager,https://imgur.com/a/r9Aq35B,2TDM
,4,Legacy,,80,504267369,6303342.1125,,22483433,Jess,https://imgur.com/a/AWezhf3,Auto Overseer,2TDM,,9586016,Stradpult,https://imgur.com/gallery/oH1wsYj,Auto-5,FFA,,10720158,Toy Maker,https://cdn.discordapp.com/attachments/866023322529955870/1105469063330803803/screenshot_75.png,Auto Double,Open Maze TDM,,13779227,Mr.Hacker YT,https://cdn.discordapp.com/attachments/928174021592383489/1142312196664201297/screenshot_-_2023-08-18T212029.154.png,Manager,2TDM,,8063415,Manager,https://imgur.com/a/BxSYBCw,2TDM
,5,,,,,,,20052585,Colon,https://cdn.discordapp.com/attachments/1135707353325518958/1142942079765450813/image.png,Crossbow,2TDM,,9340186,Endless,https://imgur.com/gallery/FHxsqvn,Artillery,FFA,,10330856,Chris3773,https://cdn.discordapp.com/attachments/866023322529955870/1139019630250299472/screenshot_-_2023-08-09T221500.053.png,Shotgun,2TDM,,13005049,Harry,https://imgur.com/a/8c1B2EI,Overlord,2TDM,,8010399,Streamliner,https://imgur.com/a/ACbP2HO,4TDM
,6,Incognito,,46,320204947,6960977.108695652,,20021586,Roman,https://imgur.com/a/cMumfGB,Auto Overseer,4TDM,,9101585,ExC,https://imgur.com/a/gMCl59z,Surfer,Open TDM,,10153946,Yusuf 100,https://cdn.discordapp.com/attachments/395646588682240020/1100607699068129310/10.1m.png,Auto Overseer,Duos,,12033305,Mr.Hacker YT,https://cdn.discordapp.com/attachments/1146049737494114356/1147847776961577000/screenshot_-_2023-09-03T035609.930.png,Hexa Tank,4TDM,,7806019,Auto Overseer,https://imgur.com/a/UI8Hls5,2TDM
,7,,,,,,,19435506,Quad,https://imgur.com/gallery/xSRaodY,Necromancer,2TDM,,9068051,safuez,https://cdn.discordapp.com/attachments/928174021592383489/1137072081096425483/safuez.png,Auto Spawner,2TDM,,10074126,Maku,https://imgur.com/a/rjyQdJG,Engineer,Maze,,11600008,Chris3773,https://imgur.com/gallery/juN6tqq,Commander,2TDM,,6441866,Auto Overseer,https://imgur.com/a/xY26tCU,2TDM
,8,TBR,,84,575077168,6846156.761904762,,17770864,ExC,https://imgur.com/gallery/qoopBka,Gunner Trapper,2TDM,,8708932,Stradpult,https://media.discordapp.net/attachments/454578417745133580/764495802529087498/unknown.png?width=1204&height=677,Surfer,FFA,,10024113,Hydra,https://cdn.discordapp.com/attachments/433431402613309440/1096816824135462952/image.png,Annihilator,Maze,,11042230,Slade,https://cdn.discordapp.com/attachments/928174021592383489/1147385394606915664/screenshot_-_2023-09-02T001036.540.png,Spreadshot,2TDM,,6161480,Nailgun,https://imgur.com/a/hNhRDTr,2TDM
,9,,,,,,,17241238,noscore,https://cdn.discordapp.com/attachments/395646588682240020/1093846736130277376/screenshot_-_2023-04-07T102640.387.png,Predator,2TDM,,8398505,bean,https://imgur.com/a/fl82NLN,Fighter,4TDM,,8153199,Neptuun,https://cdn.discordapp.com/attachments/1113618535449624647/1149738761043849226/screenshot_16.png,Surfer,Maze,,10693117,zo,https://imgur.com/a/mwyiF17,Manager,2TDM,,6040108,Auto Overseer,https://imgur.com/a/U5qT0ed,2TDM
,10,              Scroll along to see scores of each type             ->,,,,,,16776260,Jess,https://imgur.com/a/K8web3M,Overlord,4TDM,,8344968,√ñ.,https://imgur.com/a/un0HoEd,Mega Smasher,4TDM,,8128972,Jackson,https://imgur.com/a/zubu6Fh,Auto Double,Maze,,10542978,√ñ.,https://cdn.discordapp.com/attachments/395646588682240020/1083340118187843614/screenshot_-_2023-03-08T183620.241.png,Overdrive,2TDM,,5821096,Falcon,https://imgur.com/a/pyBABD5,2TDM
,11,,,,,,,16378462,Jess,https://youtu.be/9dAJn-ReCwU,Overlord,2TDM,,8152846,ExC,https://imgur.com/a/dLvBQfH,Fighter,FFA,,8004589,Corrupt Y,https://cdn.discordapp.com/attachments/866023322529955870/1082778849865113620/image.png,Spreadshot,2TDM,,10216461,Chris3773,https://cdn.discordapp.com/attachments/928174021592383489/1137346623836540999/screenshot_-_2023-08-04T180103.942.png,Penta Shot,2TDM,,5612202,Overtrapper,https://cdn.discordapp.com/attachments/866023322529955870/1097629769543196786/screenshot_-_2023-04-17T160830.240.png,2TDM
,12,,,,,,,16051959,ExC,https://cdn.discordapp.com/attachments/928174021592383489/1136731726886998066/image.png,Bushwhacker,2TDM,,8102741,Corrupt X,https://imgur.com/a/gMw8tR8,Surfer,Portal TDM,,7226927,Yusuf 100,https://www.youtube.com/watch?v=ZVBnVEf4ulQ,Predator,4TDM,,10147081,Slade,https://cdn.discordapp.com/attachments/928174021592383489/1141208541294768208/screenshot_-_2023-08-15T231358.256.png,Auto Spawner,Maze 2TDM,,5508883,Sprayer,https://imgur.com/a/pqiyDuh,2TDM
,13,,,,,,,15694505,Corrupt Y,https://cdn.discordapp.com/attachments/928174021592383489/1148278272195559474/image.png,Carrier,2TDM,,7407179,Stradpult,https://media.discordapp.net/attachments/454578417745133580/579267259894333440/unknown.png,Fighter,FFA,,7186304,Armin,https://imgur.com/a/fbWsmos,Overlord,Portal TDM,,10038528,Jess,https://cdn.discordapp.com/attachments/928174021592383489/1127078236749312040/screenshot54.png,Carrier,4TDM,,5445594,Auto Spawner,https://cdn.discordapp.com/attachments/866023322529955870/1105983091312431114/IMG_0081.png,2TDM
,14,,This page will be revamped,,,,,15615614,Skrialik,https://imgur.com/a/t92Wf2h,Overlord,4TDM,,7403118,Stradpult,https://imgur.com/gallery/NPw1Hfj,Surfer,FFA,,7155032,Neptuun,https://imgur.com/a/q4o2jbm,Bent Hybrid,Open TDM,,10019396,cyan,https://cdn.discordapp.com/attachments/866023322529955870/1153712845284974592/screenshot_-_2023-09-19T215349.963.png,Banshee,2TDM,,5184219,Auto Overseer,https://cdn.discordapp.com/attachments/866023322529955870/1094501601558937650/screenshot_-_2023-04-09T005733.311.png,4TDM
,15,,,,,,,15079276,rela üê£,https://imgur.com/a/iWPAC7N,Auto Assassin,2TDM,,7386278,ExC,https://imgur.com/a/Ckq7LeM,Bomber,FFA,,6347505,Quad,https://imgur.com/a/qMZcq7N,Triplet,FFA,,10015851,Corrupt Y,https://cdn.discordapp.com/attachments/928174021592383489/1147683639736418334/image.png,Underseer,2TDM,,5141762,Manager,https://imgur.com/a/E9TFG8Y,2TDM
,16,,,,,,,14606671,„Å≠„Åì„Åç„Çì,https://cdn.discordapp.com/attachments/981241581044637696/1116097212749991936/IMG_8649.jpg,Auto Assassin,2TDM,,7355346,Damocles,https://imgur.com/a/p2g4PTm,Mortar,2TDM,,6332298,2not1üåπ,https://imgur.com/a/Qucud44,Bent Double,2TDM,,10010810,Harry,https://cdn.discordapp.com/attachments/867893054689247252/1118450232380899358/screenshot_-_2023-05-28T214114.png,Overseer,2TDM,,,,,
,17,,,,,,,14467190,Drokert el LaTaTa,https://cdn.discordapp.com/attachments/1009229141859643462/1147983130230263848/14.46m_Overlord_restore_2_2-tdm_3hr_10m_34s.PNG,Overlord,2TDM,,7275547,Stradpult,https://imgur.com/gallery/I3ip2El,Fighter,FFA,,6260957,Spacebar,https://imgur.com/a/9EUHnOR,Sniper,2TDM,,10008164,Mr.Hacker YT,https://cdn.discordapp.com/attachments/928174021592383489/1144031021646483527/screenshot_-_2023-08-23T150754.258.png,Machine Gunner,4TDM,,,,,
,18,,,,,,,14245593,Rog456,https://cdn.discordapp.com/attachments/928174021592383489/1132126443841781870/D7F4759C-D69D-4688-AA68-6CC41239BFB2.png,Single,2TDM,,7246079,Skrialik,https://imgur.com/a/8mnE7oY,Fighter,4TDM,,6247002,Para,https://imgur.com/a/xaURB0w,Auto Double,Duos,,10006325,Mr.Hacker YT,https://cdn.discordapp.com/attachments/1146049737494114356/1147760083908964372/screenshot_-_2023-09-02T220812.419.png,Auto Overseer,2TDM,,,,,
,19,,,,,,,13960825,ü•ïCrazy Carrotü•ï,https://imgur.com/a/wzNDW95,Overlord,4TDM,,7049661,Tommy,https://cdn.discordapp.com/attachments/801013894805323808/836523024157114468/screenshot_-_2021-04-27T103734.192.png,Fighter,FFA,,6234647,Chris3773,https://cdn.discordapp.com/attachments/866023322529955870/1127983781714853918/screenshot_-_2023-07-10T112404.877.png,Hybrid,Maze,,10004882,Slade,https://cdn.discordapp.com/attachments/928174021592383489/1138137339810562118/WeQ1hzP.png,Beekeeper,4TDM,,,,,
,20,,,,,,,13550218,Thx m8,https://imgur.com/a/KnlDnhf,Overlord,4TDM,,7036500,Mr.Hacker YT,https://imgur.com/gallery/qaDDl7S,Auto Spawner,2TDM,,6201335,Jackson,https://imgur.com/a/75C4K5f,Factory,Maze,,10000379,Mr.Hacker YT,https://cdn.discordapp.com/attachments/928174021592383489/1147380776699187220/screenshot_-_2023-09-01T210030.895.png,Predator,2TDM,,,,,
,21,,,,,,,13524688,byekc,https://cdn.discordapp.com/attachments/866023322529955870/1109055950607876166/Ekran_Goruntusu_6828.png,Falcon,2TDM,,6983844,Slade,https://cdn.discordapp.com/attachments/559793341143711767/1118664416179802273/missing_evidence2.png,Landmine,4TDM,,6112132,„Åµ„Çä„Éº,https://cdn.discordapp.com/attachments/433431402613309440/1033945193096941599/Screenshot_2022-10-24_12.26.33.png,Streamliner,4TDM,,10000104,ExC,https://cdn.discordapp.com/attachments/928174021592383489/1148470403216462004/image.png,Predator,2TDM,,,,,
,22,,,,,,,13092858,Mr.Hacker YT,https://imgur.com/gallery/VNGW62S,Overlord,2TDM,,6464122,Oganesson 118,https://imgur.com/gallery/kDahSw9,Artillery,FFA,,6044117,Jackson,https://imgur.com/a/VKB6fFG,Auto-4,FFA,,9595755,√ñ.,https://cdn.discordapp.com/attachments/395646588682240020/1083082112195907615/screenshot_-_2023-03-08T184043.916.png,Stalker,2TDM,,,,,
,23,,,,,,,12732303,ŒπŒ±,https://cdn.discordapp.com/attachments/928174021592383489/1127655238711640186/screenshot_-_2023-03-19T103357.png,Fortress,2TDM,,6394587,S3CR3T,https://imgur.com/a/0bfbeB0,Auto Double,FFA,,5970414,ZeZo,https://imgur.com/a/moNB4T6,Overlord,Maze,,8890000,Marcus,https://cdn.discordapp.com/attachments/559793341143711767/1144659755747512380/image.png,Hexa Tank,2TDM,,,,,
,24,,,,,,,12292585,Marcus,https://cdn.discordapp.com/attachments/1095472648886165704/1136667850166247484/screenshot_-_2023-08-03T163157.926.png,Auto Overseer,2TDM,,6364544,Ender,https://cdn.discordapp.com/attachments/803352420117774377/838126391399546890/screenshot_-_2021-05-01T205348.267.png,Surfer,FFA,,5785337,Neptuun,https://imgur.com/a/RjPobCM,Auto Overseer,Open TDM,,8523960,ExC,https://media.discordapp.net/attachments/1146076487875821578/1149111728546779206/image.png,Shotgun,2TDM,,,,,
,25,,,,,,,11912075,Jess,https://imgur.com/a/Dvb3Txy,Streamliner,2TDM,,6238045,Colon,https://media.discordapp.net/attachments/706921138105877056/808789368629231716/screenshot_-_2021-02-09T150000.041.png,Auto Smasher,4TDM,,5768205,ZeZo,https://imgur.com/a/7lbcBEB,Overlord,Maze,,8120500,Slade,https://cdn.discordapp.com/attachments/950121196870062131/1147753275463053402/screenshot_-_2023-09-02T204656.277.png,Bushwhacker,2TDM,,,,,
,26,,,,,,,11720549,Slade,https://cdn.discordapp.com/attachments/1093983574065156216/1106673054903451658/screenshot_-_2021-05-14T152049.png,Streamliner,Maze 4TDM,,6157892,pedal,https://imgur.com/a/lf5rE4J,Surfer,Squads,,5741778,Neptuun,https://imgur.com/a/hYVosok,Banshee,Open TDM,,8108770,√ñ.,https://imgur.com/a/KQMk8mU,Musket,2TDM,,,,,
,27,,,,,,,11633647,rela üê£,https://imgur.com/gallery/1ahw5PA,Overseer,4TDM,,6136390,ü•ïCrazy Carrotü•ï,https://imgur.com/a/0oxXUPw,Fighter,FFA,,5722382,Corrupt X,https://www.youtube.com/watch?v=Zws-kneRctI,Field Gun,Maze,,8010030,Slade,https://cdn.discordapp.com/attachments/928174021592383489/1141016525936009298/screenshot_-_2023-08-14T225010.png,Gunner Trapper,4TDM,,,,,
,28,,,,,,,11626716,Anak,https://imgur.com/gallery/j18MkES,Battleship,Squads,,6079456,Allan,https://imgur.com/a/AlYmN4N,Auto Tri-Angle,FFA,,5654226,hai2,https://cdn.discordapp.com/attachments/866023322529955870/1152904635443593247/image.png,Booster,4TDM,,8006279,Marcus,https://media.discordapp.net/attachments/1095472648886165704/1142860464716521574/screenshot_-_2023-08-20T183918.172.png,Necromancer,2TDM,,,,,
,29,,,,,,,11243342,Jess,https://cdn.discordapp.com/attachments/928174021592383489/1149090926380191814/screenshot160.png?ex=64fa3dd1&is=64f8ec51&hm=8b632a14ae8acf3388497e05f247e7bd8a24c6cd92fc1c7bfc3908a07842aebf&,Overlord,2TDM,,6059703,Tommy,https://imgur.com/a/PtTnRvJ,Auto Tri-Angle,FFA,,5584575,Skrialik,https://imgur.com/a/lQv6sRL,Auto Gunner,Maze,,7775630,Templar,https://cdn.discordapp.com/attachments/1136619020100059146/1149384164508962947/screenshot_22.png,Hunter,4TDM,,,,,
,30,,,,,,,11201217,rela üê£,https://imgur.com/gallery/8BGbaGo,Overlord,2TDM,,6046829,Lamp,https://imgur.com/a/UIvRyJo,Ordnance,FFA,,5579843,Neptuun,https://imgur.com/gallery/mUhrYoO,Tri-Angle,Open TDM,,7264097,Mr.Hacker YT,https://media.discordapp.net/attachments/1064026177108443180/1143615199006441582/screenshot_-_2023-08-19T221115.565.png?width=1193&height=671,Manager,Maze 4TDM,,,,,
,31,,,,,,,11147953,Skrialik,https://imgur.com/a/8trHyPr,Overlord,Open TDM,,6042764,eneri,https://imgur.com/a/JkqXh6U?,Bomber,FFA,,5565130,Colon,https://cdn.discordapp.com/attachments/1115076826809769986/1116131360369823765/screenshot_-_2023-02-26T035548.425.png,Phoenix,Open TDM,,7130528,safuez,https://cdn.discordapp.com/attachments/941221820810543155/941338879687000064/8tzTqyr_d.png,Factory,Maze 4TDM,,,,,
,32,,,,,,,11078883,Marcus,https://cdn.discordapp.com/attachments/1093666415946506250/1114944856276615198/screenshot_-_2023-06-04T175227.670.png,Necromancer,2TDM,,6038482,Jms,https://imgur.com/a/4mgUw8s,Auto Tri-Angle,FFA,,5551231,Quad,https://imgur.com/a/QzkoH2r,Auto Double,Maze,,7109184,Rog456,https://cdn.discordapp.com/attachments/928174021592383489/1144851786033795142/4255A84D-E373-4283-83D2-6191C63A60BA.png,X-Hunter,4TDM,,,,,
,33,,,,,,,11046961,Rog456,https://cdn.discordapp.com/attachments/928174021592383489/1137122826776756264/14616ADC-6178-4713-8858-3F6C2F8934F1.png,Machine Gun,2TDM,,6018041,Roman,https://imgur.com/a/aaqQ4C9,Surfer,FFA,,5510788,Zeph,https://imgur.com/a/oz8dNxj,Auto Cruiser,4TDM,,7105063,Chris3773,https://imgur.com/gallery/sDl4fwW,Auto Overseer,2TDM,,,,,
,34,,,,,,,10864836,Zeph,https://cdn.discordapp.com/attachments/803352420117774377/853718954018865173/D17EE8D3-E572-4A95-B4B9-37A33F5FE5F3.jpeg,Overlord,4TDM,,6012132,Stradpult,https://media.discordapp.net/attachments/454578417745133580/819296181259075594/unknown.png,Surfer,FFA,,5402095,Ussnub,https://cdn.discordapp.com/attachments/1125564247275999282/1129556286523064472/screenshot_30.png,Conqueror,MULTIPLE,,7091375,Chris3773,https://cdn.discordapp.com/attachments/1139282331602002081/1139328885402632283/screenshot_-_2023-08-10T184545.240.png,Overgunner,2TDM,,,,,
,35,,,,,,,10814596,Slade,https://cdn.discordapp.com/attachments/866023322529955870/1042980358037180416/unknown.png,Overgunner,Squads,,6010034,rela üê£,https://imgur.com/gallery/s7bkCCe,Fighter,2TDM,,5298441,YT=GLITCHER TM,https://imgur.com/a/JGblY8D,Manager,2TDM,,7048534,Marcus,https://cdn.discordapp.com/attachments/1136619020100059146/1144330560605524008/screenshot_-_2023-08-24T200100.332.png,Hexa Tank,Maze 2TDM,,,,,
,36,,,,,,,10774524,Skrialik,https://cdn.discordapp.com/attachments/928174021592383489/1141520991323947038/screenshot_-_2023-08-16T154513.919.png,Flank Guard,2TDM,,5995452,Colon,https://imgur.com/a/ReKmkEM,Fighter,Open TDM,,5294972,Nguyen,https://imgur.com/a/WDEULiE,Musket,Maze,,7030245,Zeph,https://cdn.discordapp.com/attachments/928174021592383489/1141453730580013186/IMG_7092.jpeg,Crossbow,2TDM,,,,,
,37,,,,,,,10732143,Chris3773,https://imgur.com/gallery/mhm5BgI,Octo Tank,2TDM,,5991794,Colon,https://imgur.com/a/tDAQxoD,Mega Smasher,4TDM,,5219667,ZeZo,https://imgur.com/a/QooBlP0,Overlord,Maze,,7001316,Mr.Hacker YT,https://cdn.discordapp.com/attachments/1146049737494114356/1147516800460931072/screenshot_-_2023-09-02T060105.022.png,Overlord,2TDM,,,,,
,38,,,,,,,10613360,Marcus,https://cdn.discordapp.com/attachments/866023322529955870/1108805936379867196/screenshot_-_2023-05-18T191043.084.png,Banshee,2TDM,,5979885,Rog456,https://imgur.com/a/ccRh01y,Mega Smasher,Maze 4TDM,,5211329,lTorenn,https://cdn.discordapp.com/attachments/866023322529955870/1099334190845136906/screenshot_-_2023-04-22T150011.374.png,Octo Tank,2TDM,,6903582,Smiley,https://imgur.com/a/bUsh3es,Destroyer,2TDM,,,,,
,39,,,,,,,10555678,Mine,https://imgur.com/a/ovD4LLK,Mega Smasher,2TDM,,5940513,EB,https://imgur.com/a/GKz66tO,Artillery,4TDM,,5181649,you tried,https://cdn.discordapp.com/attachments/433431402613309440/1128615573115392090/screenshot_-_2023-07-12T161406.645.png,Penta Shot,2TDM,,6666666,Marcus,https://cdn.discordapp.com/attachments/1095472648886165704/1148254638383054909/screenshot_-_2023-09-04T155327.278.png,Annihilator,4TDM,,,,,
,40,,,,,,,10540849,byekc,https://cdn.discordapp.com/attachments/866023322529955870/1099325381804298290/image.png,Overdrive,4TDM,,5918073,Icewalk,https://imgur.com/gallery/QzKjpRN,Hunter,4TDM,,5169329,Neptuun,https://imgur.com/a/7I3pYYe,Ranger,Maze,,6256086,Mr.Hacker YT,https://cdn.discordapp.com/attachments/928174021592383489/1144853911333777418/screenshot_-_2023-08-25T214034.496.png,Auto Spawner,4TDM,,,,,
,41,,,,,,,10530060,Slade,https://imgur.com/DIQXtmQ,Streamliner,Squads,,5887844,Stradpult,https://media.discordapp.net/attachments/454578417745133580/792779223999184906/unknown.png,Surfer,FFA,,5145164,Neptuun,https://imgur.com/a/iA7K7wl,Overgunner,Maze,,6025957,noscore,https://cdn.discordapp.com/attachments/1146072196117180527/1150924375365795860/screenshot_42.png?ex=652dbc5a&is=651b475a&hm=ab2ab94d15a088e07e2f6aefc282444dd7960f96563ae8317be5736df438282f&,Overdrive,2TDM,,,,,
,42,,,,,,,10471679,OnyxD,https://imgur.com/a/iOWO8A8,Overlord,2TDM,,5831070,S3CR3T,https://cdn.discordapp.com/attachments/395646588682240020/596324341415804938/Kepernyofelvetel_50.png,Mortar,FFA,,5067006,Xentria,https://imgur.com/a/kTi666x,Auto Assassin,Duos,,6022893,ExC,https://cdn.discordapp.com/attachments/1060695995270303945/1139302187177082962/Screenshot_2110.png,Cruiser,2TDM,,,,,
,43,,,,,,,10441465,ŒπŒ±,https://cdn.discordapp.com/attachments/928174021592383489/1134341691927691334/Untitled_design_70.png,Auto Assassin,4TDM,,5825518,Sonic -_-,https://imgur.com/gallery/OskzDDa,Mega Smasher,4TDM,,5042013,TaskMaster,https://media.discordapp.net/attachments/1080717135233429556/1106621447683723264/image.png,Overlord,Squads,,6008059,Chris3773,https://cdn.discordapp.com/attachments/866023322529955870/1152059272964878486/screenshot_-_2023-09-14T205033.027.png,Overlord,2TDM,,,,,
,44,,,,,,,10440114,noscore,https://cdn.discordapp.com/attachments/866023322529955870/1107253745466757151/screenshot_-_2023-05-14T152604.008.png,Auto Overseer,2TDM,,5787446,Skrialik,https://imgur.com/a/lmVyHqu,Fighter,Squads,,5036061,ŒπŒ±,https://imgur.com/a/LcX6l49,Falcon,FFA,,6005406,Mr.Hacker YT,https://cdn.discordapp.com/attachments/928174021592383489/1130318226904076348/screenshot_-_2023-07-16T042016.368.png,Auto-5,2TDM,,,,,
,45,,,,,,,10342688,Tophat el LaTaTa,https://cdn.discordapp.com/attachments/962519532872818719/1144124899628154930/Screenshot_2023-08-16_10.18.29_PM.png,Swarmer,2TDM,,5781095,Skrialik,https://imgur.com/a/pmHJqj8,Fighter,2TDM,,5018376,Slade,https://cdn.discordapp.com/attachments/559793341143711767/1118664416179802273/missing_evidence2.png,Sniper,Maze,,6005158,byekc,https://cdn.discordapp.com/attachments/1130276698353582100/1130279200838909992/image.png,Architect,2TDM,,,,,
,46,,,,,,,10334542,Slade,https://cdn.discordapp.com/attachments/1093983574065156216/1106673417345835109/unknown.png,Auto Cruiser,4TDM,,5690869,Corrupt X,https://imgur.com/a/n456zbl,Hunter,4TDM,,5001957,Jackson,https://imgur.com/a/ifa0Hr5,Streamliner,Maze,,6002144,üå∑|retnuH,https://cdn.discordapp.com/attachments/866023322529955870/1152574675797430382/screenshot_-_2023-09-16T145734.016.png,Hybrid,2TDM,,,,,
,47,,,,,,,10312388,Skrialik,https://cdn.discordapp.com/attachments/1066451260611506236/1102003416068276355/screenshot_-_2023-04-29T184128.645.png,Overgunner,2TDM,,5643728,Colon,https://imgur.com/a/73pz0Gb,Landmine,4TDM,,,,,,,,6000836,Ussnub,https://cdn.discordapp.com/attachments/1125564247275999282/1125939682983813151/6_mil.png,Auto Assassin,2TDM,,,,,
,48,,,,,,,10306354,Skrialik,https://imgur.com/a/MIQdcL5,Bushwhacker,4TDM,,5638192,Corrupt X,https://www.youtube.com/watch?v=RVB-tWpv0Ro,Mortar,Maze 4TDM,,,,,,,,5572181,Lamp,https://cdn.discordapp.com/attachments/928174021592383489/1138323721355014164/5.57mPredDisc.png,Predator,2TDM,,,,,
,49,,,,,,,10279160,ASkib,https://imgur.com/a/D5h8xQi,Overlord,2TDM,,5596205,Smiley,https://imgur.com/a/Tio3ewq,Auto Tri-Angle,FFA,,,,,,,,5503014,Slade,https://cdn.discordapp.com/attachments/928174021592383489/1138322206598909982/screenshot_-_2023-08-08T000440.226.png,Sniper,2TDM,,,,,
,50,,,,,,,10261698,ŒπŒ±,https://imgur.com/a/bfBLciK,Auto Builder,2TDM,,5595985,ExC,https://cdn.discordapp.com/attachments/395646588682240020/837003526529744926/Screenshot_942.png,Fighter,2TDM,,,,,,,,5044589,üå∑|retnuH,https://cdn.discordapp.com/attachments/1066451260611506236/1144632733168050318/screenshot_-_2023-08-25T165946.333.png,Necromancer,4TDM,,,,,
,51,,,,,,,10240666,byekc,https://cdn.discordapp.com/attachments/1044131085463851028/1076534086354620416/image.png,Overseer,2TDM,,5594437,Roman,https://imgur.com/a/XcYlRBH,Booster,FFA,,,,,,,,5030228,noscore,https://cdn.discordapp.com/attachments/1146072196117180527/1155100260511789117/screenshot_56.png?ex=652a7872&is=65180372&hm=7f3e8a13a428abdb54e6bd0ffce95e093b959401614242713950564dafe2437a&,Auto Tri-Angle,2TDM,,,,,
,52,,,,,,,10220360,ŒπŒ±,https://www.youtube.com/watch?v=hJLJHmGx9hQ,Overlord,2TDM,,5495967,S3CR3T,https://cdn.discordapp.com/attachments/395646588682240020/673554637495992320/Kepernyofelvetel_134.png,Mortar,FFA,,,,,,,,5028633,ExC,https://cdn.discordapp.com/attachments/928174021592383489/1145829608764223538/image.png,Auto Assassin,4TDM,,,,,
,53,,,,,,,10191662,Corrupt X,https://ibb.co/album/S4pcLJ,Overgunner,4TDM,,5475708,ExC,https://imgur.com/a/5LctQUy,Fighter,2TDM,,,,,,,,5026647,lifey,https://cdn.discordapp.com/attachments/1062424265451896885/1129458212630966282/image.png,Overlord,MULTIPLE,,,,,
,54,,,,,,,10176264,Rog456,https://imgur.com/a/KYyLnDz,Penta Shot,4TDM,,5451550,Legenda,https://imgur.com/a/C1QrtmX,Fighter,2TDM,,,,,,,,5012868,DevinSucksAtLife,https://cdn.discordapp.com/attachments/433431402613309440/1102404961683394570/image.png,Auto Assassin,2TDM,,,,,
,55,,,,,,,10143869,Lamp,https://imgur.com/a/ODpToNM,Auto Overseer,2TDM,,5325571,Skrialik,https://imgur.com/a/jg7z7Jy,Auto-5,Squads,,,,,,,,5010446,Slade,https://cdn.discordapp.com/attachments/1044131085463851028/1048448325659148308/Ytu8m6F.png,Eagle,4TDM,,,,,
,56,,,,,,,10128996,ZeZo,https://imgur.com/a/BGPFnww,Overlord,4TDM,,5324842,Stradpult,https://imgur.com/gallery/x1DyvFb,Fighter,FFA,,,,,,,,5008962,Marcus,https://cdn.discordapp.com/attachments/1095472648886165704/1142083649886494801/screenshot_-_2023-08-18T151225.477.png,Big Cheese,Maze 2TDM,,,,,
,57,,,,,,,10115816,Thing,https://imgur.com/a/TXNseEF,Hybrid,2TDM,,5295233,Slade,https://cdn.discordapp.com/attachments/559793341143711767/1118664416179802273/missing_evidence2.png,Fighter,FFA,,,,,,,,5006725,Mr.Hacker YT,https://cdn.discordapp.com/attachments/1146049737494114356/1147120038575341650/screenshot_-_2023-09-01T033850.724.png,Banshee,2TDM,,,,,
,58,,,,,,,10114098,Awootube,https://imgur.com/a/2nx5L2W,Auto Assassin,2TDM,,5294921,ExC,https://imgur.com/gallery/9fK5pUE,Fighter,4TDM,,,,,,,,5003057,Darky,https://cdn.discordapp.com/attachments/1116894106438881380/1134877161858285568/screenshot_23.png,Necromancer,2TDM,,,,,
,59,,,,,,,10102087,Corrupt Y,https://cdn.discordapp.com/attachments/866023322529955870/1037903160318119996/unknown.png,Auto Assassin,2TDM,,5282002,ZeZo,https://imgur.com/a/48tSSqc,Auto Tri-Angle,FFA,,,,,,,,5002008,Marcus,https://cdn.discordapp.com/attachments/1146204878331461642/1147125542169092167/screenshot_-_2023-09-01T130523.564.png,Penta Shot,2TDM,,,,,
,60,,,,,,,10100386,Nyrox,https://imgur.com/a/0wjdGvs,Manager,4TDM,,5198968,Myst,https://imgur.com/a/8sd5dU2,Fighter,4TDM,,,,,,,,5001535,üå∑|retnuH,https://cdn.discordapp.com/attachments/866023322529955870/1130107914862993448/screenshot_-_2023-07-16T150012.395.png,Gunner Trapper,2TDM,,,,,
,61,,,,,,,10065712,√ñ.,https://imgur.com/a/ndpbcEb,Overtrapper,Maze 2TDM,,5194435,Stradpult,https://media.discordapp.net/attachments/454578417745133580/816691830765649971/unknown.png,Surfer,FFA,,,,,,,,5000100,Marcus,https://cdn.discordapp.com/attachments/1095472648886165704/1146121263857795103/screenshot_-_2023-08-29T183408.613.png,Auto Builder,2TDM,,,,,
,62,,,,,,,10062282,noscore,https://cdn.discordapp.com/attachments/866023322529955870/1098156128078143538/screenshot_-_2023-04-19T125832.471.png,Overlord,2TDM,,5156364,Jms,https://imgur.com/a/M1Gvl9m,Surfer,FFA,,,,,,,,5000098,Hertz,https://cdn.discordapp.com/attachments/559793341143711767/1125608567681056779/screenshot_-_2023-07-04T030243.480.png,Carrier,2TDM,,,,,
,63,,,,,,,10059466,Slade,https://cdn.discordapp.com/attachments/866023322529955870/896235033591967794/screenshot_-_2021-10-08T231624.254.png,Ranger,4TDM,,5141118,Skrialik,https://media.discordapp.net/attachments/803352420117774377/820633518097825802/screenshot_-_2021-03-14T082246.294.png,Fighter,FFA,,,,,,,,4743388,bum,https://road6943.github.io/Arras-Wra-Imgur-Backups/?cloudName=road6943&imgurLink=https://imgur.com/a/d8On9Nu,Machine Gunner,4TDM,,,,,
,64,,,,,,,10038902,Jess,https://cdn.discordapp.com/attachments/856614995802325032/1097349236338728970/screenshot_-_2023-04-16T223236.669.png,Overlord,4TDM,,5130382,rela üê£,https://media.discordapp.net/attachments/725995383800594488/834652104111030312/unknown.png,Fighter,Squads,,,,,,,,4524903,ExC,https://cdn.discordapp.com/attachments/1060695995270303945/1148065813006397531/Screenshot_2205.png,Bushwhacker,2TDM,,,,,
,65,,,,,,,10037643,Salla,https://cdn.discordapp.com/attachments/1110695177498144872/1111235959120461885/ol_pm4_lastscore.png,Overlord,Portal TDM,,5111390,pedal,https://imgur.com/a/M2qlgMk,Fighter,FFA,,,,,,,,4522016,ExC,https://cdn.discordapp.com/attachments/1060695995270303945/1148094228178677821/Screenshot_2213.png,Hexa Trapper,Maze 2TDM,,,,,
,66,,,,,,,10035502,Colon,https://cdn.discordapp.com/attachments/1089763071788072980/1129791314020552804/screenshot_-_2023-07-15T061327.png,Overlord,2TDM,,5083958,pedal,https://imgur.com/gallery/pq6QoVz,Fighter,4TDM,,,,,,,,4158335,Slade,https://imgur.com/gallery/KbDu50t,Carrier,2TDM,,,,,
,67,,,,,,,10023367,Thing,https://imgur.com/a/c8e7R3d,Streamliner,4TDM,,5077858,Stradpult,https://imgur.com/gallery/tNkmW3K,Surfer,FFA,,,,,,,,4055861,Mr.Hacker YT,https://cdn.discordapp.com/attachments/1064026177108443180/1134452600989818890/screenshot_-_2023-07-27T214509.137.png,Spreadshot,4TDM,,,,,
,68,,,,,,,10022818,ŒπŒ±,https://cdn.discordapp.com/attachments/928174021592383489/1142342051107713154/screenshot_-_2023-08-18T231603.628.png,Manager,2TDM,,5074956,Ditine,https://imgur.com/a/3fMhwhm,Predator,Squads,,,,,,,,4023991,Mr.Hacker YT,https://media.discordapp.net/attachments/1064026177108443180/1137836284551901204/screenshot_-_2023-08-06T125134.542.png?width=810&height=456,Infestor,4TDM,,,,,
,69,,,,,,,10020000,Marcus,https://cdn.discordapp.com/attachments/559793341143711767/1116115305358426173/marcus10moverlordproof.png,Overlord,4TDM,,5073778,Rog456,https://imgur.com/a/vnhnD7h,Mega Smasher,FFA,,,,,,,,4010489,Corrupt Y,https://cdn.discordapp.com/attachments/928174021592383489/1145830242095747092/image.png,Dual,4TDM,,,,,
,70,,,,,,,10014240,Para,https://cdn.discordapp.com/attachments/1070469925765926952/1086529767156756541/screenshot_-_2023-03-18T000119.479.png,Ordnance,2TDM,,5054356,noscore,https://imgur.com/gallery/BU63NCs,Ordnance,Duos,,,,,,,,4006112,üå∑|retnuH,https://cdn.discordapp.com/attachments/1062306642898735186/1138821486153572445/screenshot_-_2023-06-06T200003.142.png,Trap Guard,4TDM,,,,,
,71,,,,,,,10011112,bum,https://imgur.com/a/svSdvVH,Crossbow,2TDM,,5040753,Stradpult,https://media.discordapp.net/attachments/454578417745133580/587246088541700117/unknown.png,Fighter,FFA,,,,,,,,4001516,Hertz,https://imgur.com/a/RDZaMVi,Builder,2TDM,,,,,
,72,,,,,,,10009654,Smiley,https://imgur.com/a/diNokDG,Overlord,2TDM,,5033736,Tommy,https://imgur.com/a/H3VWBQ0,Auto Tri-Angle,4TDM,,,,,,,,3761880,Marcus,https://cdn.discordapp.com/attachments/1113513104467304488/1133460005262200954/screenshot_-_2023-07-25T195042.424.png,Crossbow,4TDM,,,,,
,73,,,,,,,10000013,ŒπŒ±,https://cdn.discordapp.com/attachments/887171000171642900/1089013948789031014/screenshot_-_2023-03-24T192312.161.png,Battleship,2TDM,,5033667,safuez,https://imgur.com/gallery/gEcZwW0,Bomber,Squads,,,,,,,,3536563,Chris3773,https://imgur.com/gallery/cMrDgQ2,Beekeeper,2TDM,,,,,
,74,,,,,,,9976326,Rog456,https://cdn.discordapp.com/attachments/928174021592383489/1129933583176433704/EE8D1080-DE44-46C3-A8E8-62CDB194F7BD.png,Basic,2TDM,,5030990,Stradpult,https://imgur.com/gallery/YmbevKC,Booster,FFA,,,,,,,,3500850,Chris3773,https://imgur.com/gallery/a2pXCFC,Cyclone,2TDM,,,,,
,75,,,,,,,9930000,Ussnub,https://cdn.discordapp.com/attachments/1125564247275999282/1125564937784275034/9.93_mil.png,Carrier,2TDM,,5025904,S3CR3T,https://dl.airtable.com/KHegWqwVRDiLP2B0AGD2_Kepernyofelvetel_81.png,Hybrid,Maze,,,,,,,,3381074,Chris3773,https://cdn.discordapp.com/attachments/866023322529955870/1138910518669758584/screenshot_-_2023-08-09T150001.272.png,Trap Guard,2TDM,,,,,
,76,,,,,,,9900126,Nyrox,https://imgur.com/a/tqHAmsH,Auto Overseer,2TDM,,5019597,eel,https://ibb.co/album/ZdgRCj,Bomber,Portal TDM,,,,,,,,3248446,Hertz,https://imgur.com/a/pYmX3hN,Stalker,2TDM,,,,,
,77,,,,,,,9787467,Harry,https://imgur.com/a/X6iIVv3,Auto Assassin,2TDM,,5019259,Jess,https://imgur.com/a/07h0s0h,Surfer,2TDM,,,,,,,,3207125,Slade,https://cdn.discordapp.com/attachments/928174021592383489/1145067814412107979/LErIM17.png,Cyclone,4TDM,,,,,
,78,,,,,,,9770955,Jess,https://cdn.discordapp.com/attachments/928174021592383489/1146814825079517265/image.png,Overlord,2TDM,,5010771,ùëâùì™ùì∑ùìÆùìºùìºùì™,https://cdn.discordapp.com/attachments/395646588682240020/817164253882351626/91652000-511a6d80-ea93-11ea-8e10-504ac2db3d24.png,Landmine,2TDM,,,,,,,,3172053,Chris3773,https://cdn.discordapp.com/attachments/1139282331602002081/1139351158452924436/screenshot_-_2023-07-20T185635.png,Engineer,4TDM,,,,,
,79,,,,,,,9696999,Para,https://imgur.com/gallery/NHaWUgK,Rifle,4TDM,,5005473,Stradpult,https://imgur.com/gallery/y1ERvRO,Fighter,FFA,,,,,,,,3000156,Chris3773,https://imgur.com/gallery/UcG4uGK,Conqueror,2TDM,,,,,
,80,,,,,,,9630000,Despair,https://cdn.discordapp.com/attachments/1145412502625206422/1148621625818886214/image.png,Auto Overseer,2TDM,,5002799,Damocles,https://imgur.com/a/EOU9Zv6,Mega Smasher,FFA,,,,,,,,2830265,Nyrox,https://road6943.github.io/Arras-Wra-Imgur-Backups/?cloudName=road6943&imgurLink=https://imgur.com/a/boFjYiE,Machine Gunner,Duos,,,,,
,81,,,,,,,9617577,crong,https://imgur.com/a/SDRZ7MI,Landmine,Portal TDM,,,,,,,,,,,,,,2062496,Chris3773,https://cdn.discordapp.com/attachments/1139282331602002081/1139348880174092418/screenshot_-_2023-07-01T162549.png,Vulture,2TDM,,,,,
,82,,,,,,,9533746,Thing,https://imgur.com/a/3tyXdPH,Auto Assassin,4TDM,,,,,,,,,,,,,,2041788,Chris3773,https://imgur.com/gallery/aQSdrQ8,Mega-3,Maze 2TDM,,,,,
,83,,,,,,,9482940,Marcus,https://imgur.com/a/SFTFxTX,Assassin,4TDM,,,,,,,,,,,,,,1507766,Hertz,https://cdn.discordapp.com/attachments/1145152054260662414/1145663054391017602/screenshot_-_2023-08-28T105234.131.png,Field Gun,Maze,,,,,
,84,,,,,,,9445629,√ñ.,https://cdn.discordapp.com/attachments/1066451260611506236/1098356746847789136/screenshot_-_2023-04-19T225209.608.png,Flank Guard,4TDM,,,,,,,,,,,,,,1447904,chewy pies,https://i.imgur.com/ThvSoUsh.jpg,Assembler,2TDM,,,,,
,85,,,,,,,9424047,Rog456,https://cdn.discordapp.com/attachments/928174021592383489/1138561175936848005/0B9F2B52-9F0D-4299-BA24-E0BD9829D665.png,Poacher,2TDM,,,,,,,,,,,,,,,üå∑|retnuH,https://imgur.com/a/JEjlMeV,Commander,4TDM,,,,,
,86,,,,,,,9421794,Smiley,https://imgur.com/a/YRsldB4,Hybrid,4TDM,,,,,,,,,,,,,,,,,,,,,,,
,87,,,,,,,9352891,pedal,https://imgur.com/a/3AK5MJI,Trap Guard,4TDM,,,,,,,,,,,,,,,,,,,,,,,
,88,,,,,,,9197040,byekc,https://cdn.discordapp.com/attachments/1062306642898735186/1144981230048264312/image.png,Auto Overseer,2TDM,,,,,,,,,,,,,,,,,,,,,,,
,89,,,,,,,9166223,OnyxD,https://imgur.com/a/r9Aq35B,Manager,2TDM,,,,,,,,,,,,,,,,,,,,,,,
,90,,,,,,,9028737,Mr.Hacker YT,https://cdn.discordapp.com/attachments/928174021592383489/1144948480629018687/screenshot_-_2023-08-26T035047.271.png,Hexa Tank,2TDM,,,,,,,,,,,,,,,,,,,,,,,
,91,,,,,,,8893606,√ñ.,https://imgur.com/a/gHsKWpQ,Overtrapper,2TDM,,,,,,,,,,,,,,,,,,,,,,,
,92,,,,,,,8859683,ascending,https://imgur.com/a/IxcjRdj,Ranger,2TDM,,,,,,,,,,,,,,,,,,,,,,,
,93,,,,,,,8858460,Quad,https://imgur.com/a/RKECd8Y,Falcon,2TDM,,,,,,,,,,,,,,,,,,,,,,,
,94,,,,,,,8766383,ŒπŒ±,https://imgur.com/a/QOBnWh5,Streamliner,4TDM,,,,,,,,,,,,,,,,,,,,,,,
,95,,,,,,,8757742,byekc,https://cdn.discordapp.com/attachments/1044131085463851028/1059885110880645180/Ekran_Goruntusu_4214.png,Auto Builder,2TDM,,,,,,,,,,,,,,,,,,,,,,,
,96,,,,,,,8685803,byekc,https://cdn.discordapp.com/attachments/904322106207121448/977276527479771226/unknown.png,Overlord,4TDM,,,,,,,,,,,,,,,,,,,,,,,
,97,,,,,,,8643569,Marcus,https://imgur.com/a/90HdDrY,Overlord,2TDM,,,,,,,,,,,,,,,,,,,,,,,
,98,,,,,,,8631304,Skrialik,https://imgur.com/a/ab0WZDx,Auto Overseer,4TDM,,,,,,,,,,,,,,,,,,,,,,,
,99,,,,,,,8619700,Smiley,https://imgur.com/a/aEKAbjg,Destroyer,4TDM,,,,,,,,,,,,,,,,,,,,,,,
,100,,,,,,,8604466,Nyrox,https://imgur.com/a/Q20RDf1,Auto Smasher,2TDM,,,,,,,,,,,,,,,,,,,,,,,
,101,,,,,,,8505828,üéã,https://media.discordapp.net/attachments/1119046479055691808/1142394110511165532/d4a2abf6-09ec-4f56-96be-2e8f0cce4440.png,Landmine,2TDM,,,,,,,,,,,,,,,,,,,,,,,
,102,,,,,,,8498114,Lamp,https://imgur.com/a/RagDDus,Manager,2TDM,,,,,,,,,,,,,,,,,,,,,,,
,103,,,,,,,8463785,Mr.Hacker YT,https://imgur.com/gallery/wtYZgfh,Ranger,2TDM,,,,,,,,,,,,,,,,,,,,,,,
,104,,,,,,,8440849,Vangu,https://imgur.com/a/V04ayJi,Bomber,4TDM,,,,,,,,,,,,,,,,,,,,,,,
,105,,,,,,,8432982,Corrupt Y,https://cdn.discordapp.com/attachments/866023322529955870/1022725741626015764/Screenshot_423.png,Bent Double,2TDM,,,,,,,,,,,,,,,,,,,,,,,
,106,,,,,,,8425280,Para,https://imgur.com/gallery/wpfro1Q,Armsman,2TDM,,,,,,,,,,,,,,,,,,,,,,,
,107,,,,,,,8384128,Awootube,https://cdn.discordapp.com/attachments/866023322529955870/1099093084307988550/screenshot_-_2023-04-21T174616.253.png,Manager,Portal TDM,,,,,,,,,,,,,,,,,,,,,,,
,108,,,,,,,8377046,Skrialik,https://imgur.com/a/TLLyeD0,Overdrive,4TDM,,,,,,,,,,,,,,,,,,,,,,,
,109,,,,,,,8333724,zo,https://imgur.com/a/JHXjzF9,Streamliner,4TDM,,,,,,,,,,,,,,,,,,,,,,,
,110,,,,,,,8268140,Skrialik,https://imgur.com/a/Q7cXao1,Auto Overseer,4TDM,,,,,,,,,,,,,,,,,,,,,,,
,111,,,,,,,8261135,ŒπŒ±,https://imgur.com/gallery/TwABFHF,Auto Overseer,2TDM,,,,,,,,,,,,,,,,,,,,,,,
,112,,,,,,,8253075,bum,https://imgur.com/a/DefXlhW,Predator,2TDM,,,,,,,,,,,,,,,,,,,,,,,
,113,,,,,,,8217163,Heatherly,https://imgur.com/a/L8fSwkK,Auto Cruiser,2TDM,,,,,,,,,,,,,,,,,,,,,,,
,114,,,,,,,8204253,Roman,https://imgur.com/a/zicLKBH,Manager,2TDM,,,,,,,,,,,,,,,,,,,,,,,
,115,,,,,,,8183444,duc,https://cdn.discordapp.com/attachments/559793341143711767/1113845667840933918/8.18m_manager_proof.png,Manager,2TDM,,,,,,,,,,,,,,,,,,,,,,,
,116,,,,,,,8182540,Slade,https://cdn.discordapp.com/attachments/928174021592383489/1127068247846563860/screenshot_-_2022-10-19T210321.png,Fortress,Squads,,,,,,,,,,,,,,,,,,,,,,,
,117,,,,,,,8163828,lamita,https://media.discordapp.net/attachments/1064783692578426901/1103270636878569472/image.png?width=1202&height=676,Annihilator,2TDM,,,,,,,,,,,,,,,,,,,,,,,
,118,,,,,,,8159703,Colon,https://cdn.discordapp.com/attachments/1115076826809769986/1116131581057306774/IMG_1595.png,Auto Overseer,4TDM,,,,,,,,,,,,,,,,,,,,,,,
,119,,,,,,,8151530,Jess,https://imgur.com/a/1scHNcj,Auto Double,Squads,,,,,,,,,,,,,,,,,,,,,,,
,120,,,,,,,8140358,Para,https://imgur.com/gallery/AG5tGNV,Stalker,2TDM,,,,,,,,,,,,,,,,,,,,,,,
,121,,,,,,,8112668,byekc,https://cdn.discordapp.com/attachments/1051941840863113327/1068961161950793931/Ekran_Goruntusu_4668.png,Auto Spawner,4TDM,,,,,,,,,,,,,,,,,,,,,,,
,122,,,,,,,8106587,Skrialik,https://imgur.com/a/AjSdAYS,Manager,4TDM,,,,,,,,,,,,,,,,,,,,,,,
,123,,,,,,,8069915,pedal,https://imgur.com/a/0gc4KaW,Bushwhacker,2TDM,,,,,,,,,,,,,,,,,,,,,,,
,124,,,,,,,8063415,OnyxD,https://imgur.com/a/BxSYBCw,Manager,2TDM,,,,,,,,,,,,,,,,,,,,,,,
,125,,,,,,,8044462,Askatasuna,https://imgur.com/a/zw98bGp,Overlord,2TDM,,,,,,,,,,,,,,,,,,,,,,,
,126,,,,,,,8035714,Corrupt Y,https://imgur.com/a/BCTrVBl,Octo Tank,2TDM,,,,,,,,,,,,,,,,,,,,,,,
,127,,,,,,,8027941,zo,https://imgur.com/a/q1rJLCg,Overlord,2TDM,,,,,,,,,,,,,,,,,,,,,,,
,128,,,,,,,8010399,OnyxD,https://imgur.com/a/ACbP2HO,Streamliner,4TDM,,,,,,,,,,,,,,,,,,,,,,,
,129,,,,,,,8007042,Quad,https://imgur.com/gmbUiUr,Machine Gun,Duos,,,,,,,,,,,,,,,,,,,,,,,
,130,,,,,,,8002776,Awootube,https://cdn.discordapp.com/attachments/866023322529955870/1109683291633766410/screenshot_-_2023-05-20T213628.506.png,Auto Overseer,2TDM,,,,,,,,,,,,,,,,,,,,,,,
,131,,,,,,,7995818,Drokert el LaTaTa,https://cdn.discordapp.com/attachments/1009229141859643462/1147995505771679794/7.99m_Penta_Shot_2-tdm_6hr_6m_35s.PNG,Penta Shot,2TDM,,,,,,,,,,,,,,,,,,,,,,,
,132,,,,,,,7909167,Mr.Hacker YT,https://cdn.discordapp.com/attachments/981241581044637696/1116094539392897054/screenshot_-_2023-03-04T214208.320.png,Overseer,2TDM,,,,,,,,,,,,,,,,,,,,,,,
,133,,,,,,,7894354,Nyrox,https://imgur.com/a/cipwQuI,Auto Overseer,4TDM,,,,,,,,,,,,,,,,,,,,,,,
,134,,,,,,,7865891,Jess,https://cdn.discordapp.com/attachments/866023322529955870/1120858523455205416/screenshot_-_2023-06-20T170807.983.png,Manager,2TDM,,,,,,,,,,,,,,,,,,,,,,,
,135,,,,,,,7861288,Marcus,https://cdn.discordapp.com/attachments/1104777239725346876/1113552873536622713/screenshot_-_2023-05-31T194719.246.png,Annihilator,Maze 2TDM,,,,,,,,,,,,,,,,,,,,,,,
,136,,,,,,,7806019,OnyxD,https://imgur.com/a/UI8Hls5,Auto Overseer,2TDM,,,,,,,,,,,,,,,,,,,,,,,
,137,,,,,,,7788766,Salla,https://cdn.discordapp.com/attachments/866023322529955870/1096926557408342136/screenshot_39.png,Auto Assassin,4TDM,,,,,,,,,,,,,,,,,,,,,,,
,138,,,,,,,7741098,Mr.Hacker YT,https://cdn.discordapp.com/attachments/981241581044637696/1116094851646230671/screenshot_-_2023-01-06T174702.473.png,Auto Assassin,4TDM,,,,,,,,,,,,,,,,,,,,,,,
,139,,,,,,,7726758,Chris3773,https://cdn.discordapp.com/attachments/559793341143711767/1116505608443666502/screenshot_-_2023-06-08T183631.png,Auto Assassin,Maze 2TDM,,,,,,,,,,,,,,,,,,,,,,,
,140,,,,,,,7704078,ExC,https://imgur.com/a/0ojm0vn,Hybrid,Maze 4TDM,,,,,,,,,,,,,,,,,,,,,,,
,141,,,,,,,7684917,noscore,https://cdn.discordapp.com/attachments/866023322529955870/1064812862138220574/screenshot_31.png,Landmine,4TDM,,,,,,,,,,,,,,,,,,,,,,,
,142,,,,,,,7670200,Harry,https://i.imgur.com/Zu0imcQh.jpg,Overlord,Portal TDM,,,,,,,,,,,,,,,,,,,,,,,
,143,,,,,,,7651107,Templar,https://cdn.discordapp.com/attachments/1063098062819577927/1143892293988917351/image.png,Hunter,2TDM,,,,,,,,,,,,,,,,,,,,,,,
,144,,,,,,,7625281,Jess,https://imgur.com/a/SzBDnyh,Gunner Trapper,Squads,,,,,,,,,,,,,,,,,,,,,,,
,145,,,,,,,7586478,ŒπŒ±,https://cdn.discordapp.com/attachments/928174021592383489/1133836903058247750/screenshot_-_2023-07-25T214346.747.png,Auto Spawner,2TDM,,,,,,,,,,,,,,,,,,,,,,,
,146,,,,,,,7583001,Smiley,https://imgur.com/a/y3G1z7g,Overseer,2TDM,,,,,,,,,,,,,,,,,,,,,,,
,147,,,,,,,7526608,Smiley,https://imgur.com/a/VnYtt5S,Spike,4TDM,,,,,,,,,,,,,,,,,,,,,,,
,148,,,,,,,7523323,üå∑|retnuH,https://imgur.com/gallery/UUrVgm8,Gunner Trapper,2TDM,,,,,,,,,,,,,,,,,,,,,,,
,149,,,,,,,7497088,zo,https://imgur.com/a/VdqzY9c,Predator,2TDM,,,,,,,,,,,,,,,,,,,,,,,
,150,,,,,,,7494683,Jess,https://cdn.discordapp.com/attachments/866023322529955870/1127024494037438594/screenshot49.png,Smasher,4TDM,,,,,,,,,,,,,,,,,,,,,,,
,151,,,,,,,7489909,byekc,https://cdn.discordapp.com/attachments/920837868543438878/951964758423273482/unknown_2021.png,Rocketeer,Maze 2TDM,,,,,,,,,,,,,,,,,,,,,,,
,152,,,,,,,7484728,Allan,https://imgur.com/a/VmbiiPb,Crossbow,2TDM,,,,,,,,,,,,,,,,,,,,,,,
,153,,,,,,,7475910,Jess,https://cdn.discordapp.com/attachments/856614995802325032/1086420393402847312/screenshot_-_2023-03-17T183840.081.png,Overlord,2TDM,,,,,,,,,,,,,,,,,,,,,,,
,154,,,,,,,7462122,ascending,https://imgur.com/a/tTrCUcB,Auto Assassin,2TDM,,,,,,,,,,,,,,,,,,,,,,,
,155,,,,,,,7461189,Roman,https://imgur.com/a/Fd94BBt,Triplet,4TDM,,,,,,,,,,,,,,,,,,,,,,,
,156,,,,,,,7447385,asd,https://imgur.com/gallery/F5FT8Dm,Landmine,4TDM,,,,,,,,,,,,,,,,,,,,,,,
,157,,,,,,,7443093,Chris3773,https://cdn.discordapp.com/attachments/928174021592383489/1130607330841595935/screenshot_-_2023-07-17T170803.348.png,Single,2TDM,,,,,,,,,,,,,,,,,,,,,,,
,158,,,,,,,7399397,√ñ.,https://imgur.com/a/a3PP6ce,Gunner Trapper,2TDM,,,,,,,,,,,,,,,,,,,,,,,
,159,,,,,,,7399044,asd,https://imgur.com/gallery/Fb8K4hx,Spike,4TDM,,,,,,,,,,,,,,,,,,,,,,,
,160,,,,,,,7386144,rela üê£,https://imgur.com/gallery/NBxOvsQ,Overdrive,Open TDM,,,,,,,,,,,,,,,,,,,,,,,
,161,,,,,,,7355978,Para,https://imgur.com/gallery/8MLlYep,Streamliner,2TDM,,,,,,,,,,,,,,,,,,,,,,,
,162,,,,,,,7350509,z,https://imgur.com/a/GR8fJpE,Overlord,4TDM,,,,,,,,,,,,,,,,,,,,,,,
,163,,,,,,,7347899,ŒπŒ±,https://www.youtube.com/watch?v=qDHZWdz_a6M,Auto Spawner,4TDM,,,,,,,,,,,,,,,,,,,,,,,
,164,,,,,,,7336187,Colon,https://imgur.com/a/i7bjjnX,Overgunner,2TDM,,,,,,,,,,,,,,,,,,,,,,,
,165,,,,,,,7328693,Anto,https://imgur.com/a/Q2AJHfb,Smasher,2TDM,,,,,,,,,,,,,,,,,,,,,,,
,166,,,,,,,7323227,ascending,https://imgur.com/a/Kyd3JMy,Banshee,Portal TDM,,,,,,,,,,,,,,,,,,,,,,,
,167,,,,,,,7309124,Quad,https://imgur.com/a/L1246Ro,Sniper,4TDM,,,,,,,,,,,,,,,,,,,,,,,
,168,,,,,,,7303346,Nyrox,https://imgur.com/a/8roOPif,Auto Overseer,2TDM,,,,,,,,,,,,,,,,,,,,,,,
,169,,,,,,,7296766,Chris3773,https://cdn.discordapp.com/attachments/1138529019541868686/1144476145539108864/screenshot_-_2023-08-24T230412.315.png,Necromancer,2TDM,,,,,,,,,,,,,,,,,,,,,,,
,170,,,,,,,7296093,ŒπŒ±,https://imgur.com/gallery/68vV8gq,Bent Double,4TDM,,,,,,,,,,,,,,,,,,,,,,,
,171,,,,,,,7277072,ŒπŒ±,https://imgur.com/gallery/73fxyH8,Landmine,4TDM,,,,,,,,,,,,,,,,,,,,,,,
,172,,,,,,,7272710,Templar,https://cdn.discordapp.com/attachments/866023322529955870/1139202565146411038/image.png,Auto Overseer,Maze 2TDM,,,,,,,,,,,,,,,,,,,,,,,
,173,,,,,,,7271725,√ñ.,https://imgur.com/a/PsBbWxk,Gunner Trapper,4TDM,,,,,,,,,,,,,,,,,,,,,,,
,174,,,,,,,7269160,X...,https://imgur.com/a/LonZ3nv,Auto Builder,2TDM,,,,,,,,,,,,,,,,,,,,,,,
,175,,,,,,,7259127,Jess,https://cdn.discordapp.com/attachments/856614995802325032/1031276060815396985/screenshot_99.png,Manager,2TDM,,,,,,,,,,,,,,,,,,,,,,,
,176,,,,,,,7258999,Quad,https://imgur.com/a/V5ReyDx,Bulwark,Squads,,,,,,,,,,,,,,,,,,,,,,,
,177,,,,,,,7252148,Skrialik,https://imgur.com/a/zgEeIdk,Overlord,2TDM,,,,,,,,,,,,,,,,,,,,,,,
,178,,,,,,,7222569,Marcus,https://imgur.com/a/7YPiqau,Necromancer,2TDM,,,,,,,,,,,,,,,,,,,,,,,
,179,,,,,,,7219950,Allan,https://imgur.com/a/iwBnXB6,Auto Tri-Angle,2TDM,,,,,,,,,,,,,,,,,,,,,,,
,180,,,,,,,7215745,Skrialik,https://cdn.discordapp.com/attachments/928174021592383489/1141524709318606898/screenshot_-_2023-08-09T211331.png,Overlord,Maze 2TDM,,,,,,,,,,,,,,,,,,,,,,,
,181,,,,,,,7203440,Quad,https://imgur.com/a/izc5CcM,Bent Hybrid,Duos,,,,,,,,,,,,,,,,,,,,,,,
,182,,,,,,,7191839,ZeZo,https://imgur.com/a/1ezge3c,Flank Guard,Portal TDM,,,,,,,,,,,,,,,,,,,,,,,
,183,,,,,,,7152618,Mr.Hacker YT,https://imgur.com/gallery/MTZxZtT,Overdrive,2TDM,,,,,,,,,,,,,,,,,,,,,,,
,184,,,,,,,7151032,Slade,https://cdn.discordapp.com/attachments/928174021592383489/1141523475358568449/screenshot_-_2023-08-16T174400.578.png,Octo Tank,2TDM,,,,,,,,,,,,,,,,,,,,,,,
,185,,,,,,,7142853,üå∑|retnuH,https://imgur.com/gallery/IouGVsb,Auto Assassin,2TDM,,,,,,,,,,,,,,,,,,,,,,,
,186,,,,,,,7141605,Ussnub,https://cdn.discordapp.com/attachments/1125564247275999282/1157811234616389733/screenshot_65.png?ex=651bf17d&is=651a9ffd&hm=2a4e4f011a9860892a968670a3cadf52d7bd073445fe4f2a924fb403b26314f7&,Carrier,2TDM,,,,,,,,,,,,,,,,,,,,,,,
,187,,,,,,,7130429,asd,https://imgur.com/gallery/Ip86Nys,Auto Smasher,2TDM,,,,,,,,,,,,,,,,,,,,,,,
,188,,,,,,,7124716,Stormy,https://cdn.discordapp.com/attachments/395646588682240020/1097999543821414400/scrnli_4_18_2023_4-36-09_PM.png,Sniper,2TDM,,,,,,,,,,,,,,,,,,,,,,,
,189,,,,,,,7118526,ExC,https://imgur.com/a/RxNQy8h,Auto Smasher,4TDM,,,,,,,,,,,,,,,,,,,,,,,
,190,,,,,,,7095055,Roman,https://imgur.com/a/VtN2eUH,Necromancer,4TDM,,,,,,,,,,,,,,,,,,,,,,,
,191,,,,,,,7092907,Rog456,https://cdn.discordapp.com/attachments/928174021592383489/1135765816206426143/904D39D7-AC2D-430B-8967-30999F81E9A5.png,Basic,2TDM,,,,,,,,,,,,,,,,,,,,,,,
,192,,,,,,,7090036,Corrupt Y,https://cdn.discordapp.com/attachments/866023322529955870/1094021490791420015/image.png,Spreadshot,2TDM,,,,,,,,,,,,,,,,,,,,,,,
,193,,,,,,,7084337,ZeZo,https://imgur.com/a/B3CMf5c,Auto Overseer,4TDM,,,,,,,,,,,,,,,,,,,,,,,
,194,,,,,,,7060288,bum,https://imgur.com/a/SUzNNYd,Spike,2TDM,,,,,,,,,,,,,,,,,,,,,,,
,195,,,,,,,7059952,Mine,https://imgur.com/a/K4TUup2,Mortar,2TDM,,,,,,,,,,,,,,,,,,,,,,,
,196,,,,,,,7055567,Smiley,https://imgur.com/a/IEY9Uk3,Smasher,Maze 2TDM,,,,,,,,,,,,,,,,,,,,,,,
,197,,,,,,,7046628,zo,https://imgur.com/a/JvEFryu,Auto Spawner,2TDM,,,,,,,,,,,,,,,,,,,,,,,
,198,,,,,,,7045215,ü•ïCrazy Carrotü•ï,https://media.discordapp.net/attachments/875751690765226044/893609531047829514/7.045m_Octo.png?width=1249&height=655,Octo Tank,4TDM,,,,,,,,,,,,,,,,,,,,,,,
,199,,,,,,,7035565,UK,https://cdn.discordapp.com/attachments/1103393068125802537/1148391222562537552/78de19c4-f2ff-42e8-82dc-978ad0faa162.png,Auto Overseer,2TDM,,,,,,,,,,,,,,,,,,,,,,,
,200,,,,,,,7032477,√ñ.,https://imgur.com/a/OdANkqX,Smasher,4TDM,,,,,,,,,,,,,,,,,,,,,,,
,201,,,,,,,7025812,chewy pies,https://cdn.discordapp.com/attachments/395646588682240020/1120509436558069891/Screenshot_851.png,Auto Assassin,2TDM,,,,,,,,,,,,,,,,,,,,,,,
,202,,,,,,,7021334,Oganesson 118,https://imgur.com/gallery/9saovWK,Crop Duster,FFA,,,,,,,,,,,,,,,,,,,,,,,
,203,,,,,,,7000860,Thx m8,https://imgur.com/a/E9FEIS6,Overlord,2TDM,,,,,,,,,,,,,,,,,,,,,,,
,204,,,,,,,6999083,rela üê£,https://imgur.com/gallery/g7L8W8l,Flank Guard,Squads,,,,,,,,,,,,,,,,,,,,,,,
,205,,,,,,,6987025,Ender,https://cdn.discordapp.com/attachments/803352420117774377/847950593041498143/screenshot_-_2021-05-28T233002.198.png,Overlord,4TDM,,,,,,,,,,,,,,,,,,,,,,,
,206,,,,,,,6974882,Quad,https://i.imgur.com/GwHNogC.png,Predator,2TDM,,,,,,,,,,,,,,,,,,,,,,,
,207,,,,,,,6917096,üéã,https://cdn.discordapp.com/attachments/1119046479055691808/1147975063891611658/screenshot_-_2023-09-03T140717.png,Infestor,2TDM,,,,,,,,,,,,,,,,,,,,,,,
,208,,,,,,,6916194,Askatasuna,https://imgur.com/a/u86Ok84,Overlord,4TDM,,,,,,,,,,,,,,,,,,,,,,,
,209,,,,,,,6910714,Mr.Hacker YT,https://media.discordapp.net/attachments/1136619020100059146/1143468207735312444/screenshot_-_2023-08-22T015041.215.png?width=810&height=456,Hexa Tank,Maze,,,,,,,,,,,,,,,,,,,,,,,
,210,,,,,,,6901999,Slade,https://cdn.discordapp.com/attachments/559793341143711767/1118664416179802273/missing_evidence2.png,Hexa Tank,Squads,,,,,,,,,,,,,,,,,,,,,,,
,211,,,,,,,6888942,Endless,https://imgur.com/gallery/PJziRUu,Artillery,FFA,,,,,,,,,,,,,,,,,,,,,,,
,212,,,,,,,6847834,Skrialik,https://imgur.com/a/Y3QPrsp,Overseer,Squads,,,,,,,,,,,,,,,,,,,,,,,
,213,,,,,,,6847212,Thing,https://imgur.com/a/z6ssqnS,Annihilator,2TDM,,,,,,,,,,,,,,,,,,,,,,,
,214,,,,,,,6846306,Rog456,https://cdn.discordapp.com/attachments/1066451260611506236/1097336750654890024/AF5FD7FB-36BC-4D48-96AE-4444070EAF26.png,Octo Tank,4TDM,,,,,,,,,,,,,,,,,,,,,,,
,215,,,,,,,6844707,Rog456,https://imgur.com/a/N4Oc25M,Sidewinder,4TDM,,,,,,,,,,,,,,,,,,,,,,,
,216,,,,,,,6840775,Ender,https://imgur.com/gallery/oOgXAtC,Mortar,4TDM,,,,,,,,,,,,,,,,,,,,,,,
,217,,,,,,,6836778,Mine,https://imgur.com/a/roNCtVR,Streamliner,Open Maze TDM,,,,,,,,,,,,,,,,,,,,,,,
,218,,,,,,,6835983,ZeZo,https://imgur.com/a/Q9hboTE,Hybrid,Portal TDM,,,,,,,,,,,,,,,,,,,,,,,
,219,,,,,,,6816604,Harry,https://imgur.com/a/N9tb1Wb,Auto Overseer,Portal TDM,,,,,,,,,,,,,,,,,,,,,,,
,220,,,,,,,6812006,Lamp,https://imgur.com/a/LZAtUwv,Overseer,2TDM,,,,,,,,,,,,,,,,,,,,,,,
,221,,,,,,,6791158,Jess,https://cdn.discordapp.com/attachments/928174021592383489/1144275940696936468/screenshot112.png,Single,2TDM,,,,,,,,,,,,,,,,,,,,,,,
,222,,,,,,,6783359,byekc,https://cdn.discordapp.com/attachments/1051941840863113327/1058464984633442426/Ekran_Goruntusu_4075.png,Skimmer,4TDM,,,,,,,,,,,,,,,,,,,,,,,
,223,,,,,,,6780645,Stradpult,https://imgur.com/gallery/sntRDmQ,Necromancer,2TDM,,,,,,,,,,,,,,,,,,,,,,,
,224,,,,,,,6771510,huy vn :D,https://imgur.com/a/7q5wPkO,Spike,2TDM,,,,,,,,,,,,,,,,,,,,,,,
,225,,,,,,,6762011,jax,https://cdn.discordapp.com/attachments/928174021592383489/1141807896246628373/Screenshot_2023-08-16_2.png,Sniper,Maze 4TDM,,,,,,,,,,,,,,,,,,,,,,,
,226,,,,,,,6761530,breaking good,https://cdn.discordapp.com/attachments/866023322529955870/1094177459949289512/screenshot.png,Overlord,2TDM,,,,,,,,,,,,,,,,,,,,,,,
,227,,,,,,,6757462,Roman,https://imgur.com/a/4l7WZ5a,Necromancer,2TDM,,,,,,,,,,,,,,,,,,,,,,,
,228,,,,,,,6752722,Mr.Hacker YT,https://imgur.com/gallery/2IDESB4,Auto Spawner,2TDM,,,,,,,,,,,,,,,,,,,,,,,
,229,,,,,,,6749757,ZeZo,https://imgur.com/a/sVgZHpd,Overlord,Portal TDM,,,,,,,,,,,,,,,,,,,,,,,
,230,,,,,,,6735630,Askatasuna,https://imgur.com/a/Qzy0chW,Maleficitor,2TDM,,,,,,,,,,,,,,,,,,,,,,,
,231,,,,,,,6731619,Marcus,https://imgur.com/a/NcdCT2t,Overlord,4TDM,,,,,,,,,,,,,,,,,,,,,,,
,232,,,,,,,6731429,Marcus,https://cdn.discordapp.com/attachments/1095472648886165704/1137949723983106069/screenshot_-_2023-08-07T052547.389.png,Hexa Tank,Maze,,,,,,,,,,,,,,,,,,,,,,,
,233,,,,,,,6689621,Para,https://imgur.com/gallery/45DSSao,Streamliner,2TDM,,,,,,,,,,,,,,,,,,,,,,,
,234,,,,,,,6682979,cute sus,https://imgur.com/a/fFrOFCK,Auto Overseer,2TDM,,,,,,,,,,,,,,,,,,,,,,,
,235,,,,,,,6682164,Jess,https://imgur.com/a/5gE1jAM,Auto Overseer,2TDM,,,,,,,,,,,,,,,,,,,,,,,
,236,,,,,,,6663824,WL9,https://imgur.com/gallery/egM5fds,Necromancer,2TDM,,,,,,,,,,,,,,,,,,,,,,,
,237,,,,,,,6646470,Nyrox,https://imgur.com/a/LvBdGHe,Manager,2TDM,,,,,,,,,,,,,,,,,,,,,,,
,238,,,,,,,6632297,Colon,https://cdn.discordapp.com/attachments/1135707353325518958/1142240053758791771/image.png,Minigun,2TDM,,,,,,,,,,,,,,,,,,,,,,,
,239,,,,,,,6612329,Jess,https://cdn.discordapp.com/attachments/856614995802325032/1071962521575108648/screenshot_-_2023-02-05T200729.902.png,Auto Overseer,2TDM,,,,,,,,,,,,,,,,,,,,,,,
,240,,,,,,,6611050,ü•ïCrazy Carrotü•ï,https://imgur.com/a/15vAhcx,Overlord,4TDM,,,,,,,,,,,,,,,,,,,,,,,
,241,,,,,,,6601572,√ñ.,https://imgur.com/a/JWeDlf1,Annihilator,Maze 4TDM,,,,,,,,,,,,,,,,,,,,,,,
,242,,,,,,,6592286,Skrialik,https://imgur.com/a/gkGCW3n,Artillery,Portal TDM,,,,,,,,,,,,,,,,,,,,,,,
,243,,,,,,,6583355,ASkib,https://imgur.com/a/Na3ydbW,Predator,2TDM,,,,,,,,,,,,,,,,,,,,,,,
,244,,,,,,,6582927,Roman,https://imgur.com/a/n02zxZh,Overlord,Squads,,,,,,,,,,,,,,,,,,,,,,,
,245,,,,,,,6580399,Nyrox,https://imgur.com/a/d318aYq,Annihilator,Portal TDM,,,,,,,,,,,,,,,,,,,,,,,
,246,,,,,,,6576051,Vangu,https://imgur.com/a/F1uheRk,Banshee,2TDM,,,,,,,,,,,,,,,,,,,,,,,
,247,,,,,,,6560796,bum,https://cdn.discordapp.com/attachments/1044121536656850967/1068959321993519155/image.png,Constructor,4TDM,,,,,,,,,,,,,,,,,,,,,,,
,248,,,,,,,6551825,‚ò† ü·¥Ä…¢ –º·¥Äs—Ç·¥á Ä‚ò†,https://imgur.com/a/KRBVvop,Overseer,2TDM,,,,,,,,,,,,,,,,,,,,,,,
,249,,,,,,,6544491,ŒπŒ±,https://imgur.com/gallery/vX1UXOk,Rifle,4TDM,,,,,,,,,,,,,,,,,,,,,,,
,250,,,,,,,6540888,ZeZo,https://imgur.com/a/Pyfml3q,Annihilator,2TDM,,,,,,,,,,,,,,,,,,,,,,,
,251,,,,,,,6539093,Corrupt X,https://imgur.com/a/NLtfHb4,Streamliner,2TDM,,,,,,,,,,,,,,,,,,,,,,,
,252,,,,,,,6530341,Allan,https://imgur.com/a/fBwMqFC,Commander,Maze 2TDM,,,,,,,,,,,,,,,,,,,,,,,
,253,,,,,,,6517292,Crazoodles,https://media.discordapp.net/attachments/718399206603227136/768205343032999936/unknown.png?,Hybrid,Portal TDM,,,,,,,,,,,,,,,,,,,,,,,
,254,,,,,,,6516562,zo,https://imgur.com/a/YuZHxjj,Boomer,2TDM,,,,,,,,,,,,,,,,,,,,,,,
,255,,,,,,,6511640,Skrialik,https://imgur.com/a/5BxfCBK,Overseer,2TDM,,,,,,,,,,,,,,,,,,,,,,,
,256,,,,,,,6501421,Colon,https://imgur.com/a/IIjSNvU,Fortress,4TDM,,,,,,,,,,,,,,,,,,,,,,,
,257,,,,,,,6495247,pedal,https://cdn.discordapp.com/attachments/395646588682240020/581902564216406017/unknown.png,Spike,2TDM,,,,,,,,,,,,,,,,,,,,,,,
,258,,,,,,,6468494,Para,https://media.discordapp.net/attachments/889688731668336640/1009630931641966602/screenshot_-_2022-08-17T143123.517.png?width=1521&height=855,Streamliner,Squads,,,,,,,,,,,,,,,,,,,,,,,
,259,,,,,,,6461922,byekc,https://imgur.com/a/pzIYtDP,Overdrive,2TDM,,,,,,,,,,,,,,,,,,,,,,,
,260,,,,,,,6461352,ŒπŒ±,https://imgur.com/gallery/s0BNy6A,Manager,4TDM,,,,,,,,,,,,,,,,,,,,,,,
,261,,,,,,,6441866,OnyxD,https://imgur.com/a/xY26tCU,Auto Overseer,2TDM,,,,,,,,,,,,,,,,,,,,,,,
,262,,,,,,,6412305,noscore,https://cdn.discordapp.com/attachments/866023322529955870/1115628614424207461/screenshot_-_2023-06-06T115534.606.png,Auto Spawner,Squads,,,,,,,,,,,,,,,,,,,,,,,
,263,,,,,,,6408598,ü•ïCrazy Carrotü•ï,https://imgur.com/a/OLV2ouU,Auto Overseer,Portal TDM,,,,,,,,,,,,,,,,,,,,,,,
,264,,,,,,,6408085,Harry,https://imgur.com/a/ei70RC0,Bent Hybrid,Portal TDM,,,,,,,,,,,,,,,,,,,,,,,
,265,,,,,,,6407240,i am terenec,https://cdn.discordapp.com/attachments/866023322529955870/1143798672665092116/screenshot_22.png,Ranger,2TDM,,,,,,,,,,,,,,,,,,,,,,,
,266,,,,,,,6396753,Colon,https://imgur.com/a/LKjRDKd,Auto Overseer,2TDM,,,,,,,,,,,,,,,,,,,,,,,
,267,,,,,,,6381585,Sprunk,https://imgur.com/gallery/PZI6SMO,Booster,4TDM,,,,,,,,,,,,,,,,,,,,,,,
,268,,,,,,,6370973,YT=GLITCHER TM,https://cdn.discordapp.com/attachments/1062306642898735186/1124412883472752771/Screenshot_2023-06-30_at_14.13.07.png,Auto Overseer,2TDM,,,,,,,,,,,,,,,,,,,,,,,
,269,,,,,,,6367556,byekc,https://cdn.discordapp.com/attachments/920837868543438878/951965256844984370/Ekran_Goruntusu_1033.png,Banshee,4TDM,,,,,,,,,,,,,,,,,,,,,,,
,270,,,,,,,6356579,zo,https://imgur.com/a/yLuqmE3,Manager,2TDM,,,,,,,,,,,,,,,,,,,,,,,
,271,,,,,,,6353349,Slade,https://cdn.discordapp.com/attachments/559793341143711767/1118664416179802273/missing_evidence2.png,Overlord,4TDM,,,,,,,,,,,,,,,,,,,,,,,
,272,,,,,,,6349278,Armin,https://imgur.com/a/YQosB9s,Sniper,Portal TDM,,,,,,,,,,,,,,,,,,,,,,,
,273,,,,,,,6349079,„Å≠„Åì„Åç„Çì,https://imgur.com/a/XspMgzj,Auto Spawner,4TDM,,,,,,,,,,,,,,,,,,,,,,,
,274,,,,,,,6342356,Marcus,https://cdn.discordapp.com/attachments/1070857541602508812/1117600612687806575/screenshot_-_2023-06-12T014508.128.png,Auto Spawner,MULTIPLE,,,,,,,,,,,,,,,,,,,,,,,
,275,,,,,,,6328022,Slade,https://imgur.com/hpKmxFp,Octo Tank,2TDM,,,,,,,,,,,,,,,,,,,,,,,
,276,,,,,,,6323686,ŒπŒ±,https://imgur.com/gallery/umI7rCX,Streamliner,4TDM,,,,,,,,,,,,,,,,,,,,,,,
,277,,,,,,,6322021,Quad,https://imgur.com/a/L9nhdMF,Auto Overseer,4TDM,,,,,,,,,,,,,,,,,,,,,,,
,278,,,,,,,6307262,Thx m8,https://imgur.com/a/gA8MviK,Smasher,Maze 4TDM,,,,,,,,,,,,,,,,,,,,,,,
,279,,,,,,,6296224,Jess,https://cdn.discordapp.com/attachments/856614995802325032/1058460824890507324/screenshot_-_2022-12-30T140345.444.png,Auto Gunner,2TDM,,,,,,,,,,,,,,,,,,,,,,,
,280,,,,,,,6295510,nonisback,https://cdn.discordapp.com/attachments/1138529019541868686/1143640245313732618/screenshot_-_2023-08-22T124924.962.png,Auto Overseer,4TDM,,,,,,,,,,,,,,,,,,,,,,,
,281,,,,,,,6286852,zo,https://imgur.com/a/npkAX82,Manager,2TDM,,,,,,,,,,,,,,,,,,,,,,,
,282,,,,,,,6282160,Colon,https://imgur.com/a/wdNW8fN,Overtrapper,2TDM,,,,,,,,,,,,,,,,,,,,,,,
,283,,,,,,,6272906,Skrialik,https://cdn.discordapp.com/attachments/1141733611599577189/1146546660588130495/screenshot_76.png,Destroyer,2TDM,,,,,,,,,,,,,,,,,,,,,,,
,284,,,,,,,6268213,Eternity,https://imgur.com/a/g4RaV2G,Auto Smasher,4TDM,,,,,,,,,,,,,,,,,,,,,,,
,285,,,,,,,6261561,ZeZo,https://imgur.com/a/m60MiVi,Single,Portal TDM,,,,,,,,,,,,,,,,,,,,,,,
,286,,,,,,,6260000,Smiley,https://www.youtube.com/watch?v=jcVvMD0tIFk,Annihilator,Maze 2TDM,,,,,,,,,,,,,,,,,,,,,,,
,287,,,,,,,6229908,Skrialik,https://cdn.discordapp.com/attachments/1066451260611506236/1134727613257101352/screenshot_-_2023-07-29T015803.547.png,Octo Tank,4TDM,,,,,,,,,,,,,,,,,,,,,,,
,288,,,,,,,6224389,2not1üåπ,https://imgur.com/a/u86XFnb,Smasher,4TDM,,,,,,,,,,,,,,,,,,,,,,,
,289,,,,,,,6217638,Roman,https://imgur.com/a/c4JjDth,Barricade,FFA,,,,,,,,,,,,,,,,,,,,,,,
,290,,,,,,,6217536,Ussnub,https://cdn.discordapp.com/attachments/1125564247275999282/1125876611602985062/6.21_mil.png,Bent Double,Open Maze TDM,,,,,,,,,,,,,,,,,,,,,,,
,291,,,,,,,6213230,AstRatJP,https://imgur.com/a/Jxw2VDR,Auto Cruiser,2TDM,,,,,,,,,,,,,,,,,,,,,,,
,292,,,,,,,6203522,WL9,https://imgur.com/a/gXeCk43,Annihilator,2TDM,,,,,,,,,,,,,,,,,,,,,,,
,293,,,,,,,6199971,CX has cute feet,https://imgur.com/a/BdjKLeG,Assassin,2TDM,,,,,,,,,,,,,,,,,,,,,,,
,294,,,,,,,6193777,Hydra,https://imgur.com/a/EdSAm5d,Annihilator,4TDM,,,,,,,,,,,,,,,,,,,,,,,
,295,,,,,,,6188081,Heatherly,https://cdn.discordapp.com/attachments/1107781230138753114/1108523371991412887/screenshot_-_2022-11-01T211827.959-2.png,Carrier,2TDM,,,,,,,,,,,,,,,,,,,,,,,
,296,,,,,,,6187712,Ender,https://imgur.com/a/QYuOCUi,Shotgun,4TDM,,,,,,,,,,,,,,,,,,,,,,,
,297,,,,,,,6178648,ŒπŒ±,https://imgur.com/a/wlY5qbf,Streamliner,2TDM,,,,,,,,,,,,,,,,,,,,,,,
,298,,,,,,,6172520,Marcus,https://imgur.com/a/t4cf0ID,Auto Assassin,4TDM,,,,,,,,,,,,,,,,,,,,,,,
,299,,,,,,,6161771,poly,https://cdn.discordapp.com/attachments/433431402613309440/1096555411684987022/image.png,Auto Assassin,2TDM,,,,,,,,,,,,,,,,,,,,,,,
,300,,,,,,,6161480,OnyxD,https://imgur.com/a/hNhRDTr,Nailgun,2TDM,,,,,,,,,,,,,,,,,,,,,,,
,301,,,,,,,6161139,ŒπŒ±,https://imgur.com/a/M7NiX5T,Overdrive,4TDM,,,,,,,,,,,,,,,,,,,,,,,
,302,,,,,,,6157317,Marcus,https://imgur.com/a/b7Ep3zd,Ranger,2TDM,,,,,,,,,,,,,,,,,,,,,,,
,303,,,,,,,6142439,TJL,https://imgur.com/gallery/IkvkAL6,Machine Gunner,2TDM,,,,,,,,,,,,,,,,,,,,,,,
,304,,,,,,,6141595,Slade,https://cdn.discordapp.com/attachments/559793341143711767/1118664416179802273/missing_evidence2.png,Predator,4TDM,,,,,,,,,,,,,,,,,,,,,,,
,305,,,,,,,6139047,Athu,https://imgur.com/a/FlZca6E,Auto Assassin,Duos,,,,,,,,,,,,,,,,,,,,,,,
,306,,,,,,,6134722,Denied,https://cdn.discordapp.com/attachments/395646588682240020/557215209727459339/arras.io_-_Google_Chrome_18_03_2019_14_51_35.png,Sniper,2TDM,,,,,,,,,,,,,,,,,,,,,,,
,307,,,,,,,6124339,ŒπŒ±,https://imgur.com/gallery/4xgvAXo,Auto Overseer,2TDM,,,,,,,,,,,,,,,,,,,,,,,
,308,,,,,,,6123848,Askatasuna,https://imgur.com/a/RosVNII,Machine Gunner,2TDM,,,,,,,,,,,,,,,,,,,,,,,
,309,,,,,,,6119927,Askatasuna,https://imgur.com/a/YGO8cqe,Predator,2TDM,,,,,,,,,,,,,,,,,,,,,,,
,310,,,,,,,6119505,ascending,https://imgur.com/a/jZGC6lz,Stalker,4TDM,,,,,,,,,,,,,,,,,,,,,,,
,311,,,,,,,6117158,ü•ïCrazy Carrotü•ï,https://media.discordapp.net/attachments/479724623093694476/856449841231560723/6.117m_Male.png?,Maleficitor,4TDM,,,,,,,,,,,,,,,,,,,,,,,
,312,,,,,,,6116243,ŒπŒ±,https://imgur.com/gallery/XPAg66T,Mega Smasher,4TDM,,,,,,,,,,,,,,,,,,,,,,,
,313,,,,,,,6089463,ZeZo,https://imgur.com/a/Z2FQEh3,Bulwark,FFA,,,,,,,,,,,,,,,,,,,,,,,
,314,,,,,,,6089103,Corrupt Y,https://cdn.discordapp.com/attachments/395646588682240020/1072429975552131122/pkFuR6I.png,Builder,2TDM,,,,,,,,,,,,,,,,,,,,,,,
,315,,,,,,,6088555,<‚ùÇ> ‚Ç≠«ør…áa,https://imgur.com/gallery/pMSq9sW,Octo Tank,2TDM,,,,,,,,,,,,,,,,,,,,,,,
,316,,,,,,,6080527,ŒπŒ±,https://media.discordapp.net/attachments/1058518265489522771/1099185390889488435/image.png,Gunner Trapper,Portal TDM,,,,,,,,,,,,,,,,,,,,,,,
,317,,,,,,,6072617,jax,https://media.discordapp.net/attachments/1130195688093913188/1142538254097322065/YmQW3CU.png?width=810&height=455,Auto Builder,2TDM,,,,,,,,,,,,,,,,,,,,,,,
,318,,,,,,,6069052,üéã,https://imgur.com/a/vZ7ly5U,Auto Overseer,4TDM,,,,,,,,,,,,,,,,,,,,,,,
,319,,,,,,,6066987,ŒπŒ±,https://imgur.com/gallery/LPqFBUd,Auto Overseer,Open TDM,,,,,,,,,,,,,,,,,,,,,,,
,320,,,,,,,6061391,Nyrox,https://imgur.com/a/MkVmWi1,Overlord,2TDM,,,,,,,,,,,,,,,,,,,,,,,
,321,,,,,,,6056772,Nyrox,https://imgur.com/a/nHPqKDV,Bent Double,Duos,,,,,,,,,,,,,,,,,,,,,,,
,322,,,,,,,6052919,Rog456,https://imgur.com/a/FTIVvxa,Spike,FFA,,,,,,,,,,,,,,,,,,,,,,,
,323,,,,,,,6040108,OnyxD,https://imgur.com/a/U5qT0ed,Auto Overseer,2TDM,,,,,,,,,,,,,,,,,,,,,,,
,324,,,,,,,6034415,Skrialik,https://cdn.discordapp.com/attachments/1066451260611506236/1126708775940800583/screenshot_-_2023-07-06T212313.png,Auto-5,4TDM,,,,,,,,,,,,,,,,,,,,,,,
,325,,,,,,,6032980,üå∑|retnuH,https://media.discordapp.net/attachments/1139190161482207273/1139190335482896384/screenshot_-_2023-08-10T162832.229.png?width=810&height=455,Destroyer,Maze 2TDM,,,,,,,,,,,,,,,,,,,,,,,
,326,,,,,,,6032850,üå∑|retnuH,https://imgur.com/gallery/R78EfkS,Auto Overseer,2TDM,,,,,,,,,,,,,,,,,,,,,,,
,327,,,,,,,6031607,Askatasuna,https://imgur.com/a/dZPTWjc,Predator,Portal TDM,,,,,,,,,,,,,,,,,,,,,,,
,328,,,,,,,6023075,Para,https://cdn.discordapp.com/attachments/866023322529955870/988279828681723904/unknown.png,Auto Double,Duos,,,,,,,,,,,,,,,,,,,,,,,
,329,,,,,,,6016456,Heir,https://imgur.com/a/MQGCAxP,Smasher,Portal TDM,,,,,,,,,,,,,,,,,,,,,,,
,330,,,,,,,6015880,chewy pies,https://cdn.discordapp.com/attachments/1129175491253911684/1129213327155933255/image.png,Auto Spawner,MULTIPLE,,,,,,,,,,,,,,,,,,,,,,,
,331,,,,,,,6011922,Jess,https://imgur.com/a/UraMA7j,Auto Assassin,2TDM,,,,,,,,,,,,,,,,,,,,,,,
,332,,,,,,,6008179,Jess,https://imgur.com/a/29xgu28,Triplet,FFA,,,,,,,,,,,,,,,,,,,,,,,
,333,,,,,,,6007478,Para,https://imgur.com/gallery/PP0Wazl,Rifle,2TDM,,,,,,,,,,,,,,,,,,,,,,,
,334,,,,,,,6006210,Thx m8,https://imgur.com/a/RmJPAtE,Battleship,4TDM,,,,,,,,,,,,,,,,,,,,,,,
,335,,,,,,,6005872,Mine,https://imgur.com/a/L75mZfX,Streamliner,Portal TDM,,,,,,,,,,,,,,,,,,,,,,,
,336,,,,,,,6004224,Legenda,https://imgur.com/a/OVZmUnJ,Triplet,4TDM,,,,,,,,,,,,,,,,,,,,,,,
,337,,,,,,,6002391,Jess,https://cdn.discordapp.com/attachments/395646588682240020/1081654724807360675/image.png,Overlord,2TDM,,,,,,,,,,,,,,,,,,,,,,,
,338,,,,,,,6001350,rela üê£,https://imgur.com/gallery/0erVnX0,Overdrive,Maze 4TDM,,,,,,,,,,,,,,,,,,,,,,,
,339,,,,,,,6000339,Corrupt Y,https://imgur.com/a/gTtXX3T,Gunner,2TDM,,,,,,,,,,,,,,,,,,,,,,,
,340,,,,,,,5996656,cyan,https://media.discordapp.net/attachments/1064783692578426901/1120262852293443594/image.png,Auto Spawner,2TDM,,,,,,,,,,,,,,,,,,,,,,,
,341,,,,,,,5983746,lamita,https://imgur.com/gallery/GNUFWj3,Triplet,2TDM,,,,,,,,,,,,,,,,,,,,,,,
,342,,,,,,,5974860,Quad,https://i.imgur.com/BFgGgPl.png,Spawner,4TDM,,,,,,,,,,,,,,,,,,,,,,,
,343,,,,,,,5969107,Buddy_Dog,https://imgur.com/gallery/8aputKI,Auto Assassin,2TDM,,,,,,,,,,,,,,,,,,,,,,,
,344,,,,,,,5964844,Crazoodles,https://imgur.com/gallery/oQcDzZi,Dual,4TDM,,,,,,,,,,,,,,,,,,,,,,,
,345,,,,,,,5963579,ŒπŒ±,https://www.youtube.com/watch?v=6KjlVnekVMQ,Stalker,2TDM,,,,,,,,,,,,,,,,,,,,,,,
,346,,,,,,,5961895,ZeZo,https://imgur.com/a/MUl6vW9,Triplet,4TDM,,,,,,,,,,,,,,,,,,,,,,,
,347,,,,,,,5950538,üéã,https://imgur.com/a/Lv3HAWn,Focal,2TDM,,,,,,,,,,,,,,,,,,,,,,,
,348,,,,,,,5948273,Legit Developer,https://imgur.com/a/P2Xepne,Landmine,2TDM,,,,,,,,,,,,,,,,,,,,,,,
,349,,,,,,,5923344,Rog456,https://cdn.discordapp.com/attachments/756551564868583516/1120032929280700478/7DF71ACB-E08D-4539-925A-873AFAC31790.png,Penta Shot,2TDM,,,,,,,,,,,,,,,,,,,,,,,
,350,,,,,,,5905446,Mythical,https://imgur.com/a/hv4bGjk,Overdrive,4TDM,,,,,,,,,,,,,,,,,,,,,,,
,351,,,,,,,5886332,Skrialik,https://imgur.com/a/BbuhV4X,Sniper,4TDM,,,,,,,,,,,,,,,,,,,,,,,
,352,,,,,,,5884155,‚ò† ü·¥Ä…¢ –º·¥Äs—Ç·¥á Ä‚ò†,https://imgur.com/a/RyekXXO,Auto Overseer,4TDM,,,,,,,,,,,,,,,,,,,,,,,
,353,,,,,,,5881966,Tommy,https://imgur.com/a/WpMP67P,Bent Double,FFA,,,,,,,,,,,,,,,,,,,,,,,
,354,,,,,,,5879617,byekc,https://imgur.com/a/uV9goB2,Auto Spawner,4TDM,,,,,,,,,,,,,,,,,,,,,,,
,355,,,,,,,5873890,toxic,https://imgur.com/a/WHum9B4,Auto Assassin,2TDM,,,,,,,,,,,,,,,,,,,,,,,
,356,,,,,,,5863283,Roman,https://imgur.com/a/nND8PFf,Necromancer,4TDM,,,,,,,,,,,,,,,,,,,,,,,
,357,,,,,,,5856275,Rog456,https://cdn.discordapp.com/attachments/790127153223434240/791297225849569300/unknown.png,Auto Smasher,4TDM,,,,,,,,,,,,,,,,,,,,,,,
,358,,,,,,,5847826,Allan,https://imgur.com/a/HsucXJv,Predator,Duos,,,,,,,,,,,,,,,,,,,,,,,
,359,,,,,,,5846357,rela üê£,https://cdn.discordapp.com/attachments/981241581044637696/1135192893334757377/image_9.png,Fighter,4TDM,,,,,,,,,,,,,,,,,,,,,,,
,360,,,,,,,5843597,üå∑|retnuH,https://cdn.discordapp.com/attachments/1139190161482207273/1140668232148209715/screenshot_-_2023-08-14T181811.769.png,Hexa Trapper,2TDM,,,,,,,,,,,,,,,,,,,,,,,
,361,,,,,,,5836425,rela üê£,https://media.discordapp.net/attachments/725995383800594488/845603400895823882/unknown.png,Auto Spawner,Squads,,,,,,,,,,,,,,,,,,,,,,,
,362,,,,,,,5829852,√ñ.,https://imgur.com/a/cqaEH5b,Overtrapper,4TDM,,,,,,,,,,,,,,,,,,,,,,,
,363,,,,,,,5821096,OnyxD,https://imgur.com/a/pyBABD5,Falcon,2TDM,,,,,,,,,,,,,,,,,,,,,,,
,364,,,,,,,5819366,Vangu,https://imgur.com/gallery/t51tKNK,Overlord,4TDM,,,,,,,,,,,,,,,,,,,,,,,
,365,,,,,,,5813629,<‚ùÇ> ‚Ç≠«ør…áa,https://imgur.com/gallery/5auaT4L,Triple Shot,Squads,,,,,,,,,,,,,,,,,,,,,,,
,366,,,,,,,5802534,Hellitica,https://imgur.com/a/Eqptz9w,Streamliner,Maze 2TDM,,,,,,,,,,,,,,,,,,,,,,,
,367,,,,,,,5792024,Zeph,https://imgur.com/a/mmd4hTy,Auto Double,4TDM,,,,,,,,,,,,,,,,,,,,,,,
,368,,,,,,,5785500,Abience,https://cdn.discordapp.com/attachments/433431402613309440/1134726494783029300/screenshot.png,Overlord,2TDM,,,,,,,,,,,,,,,,,,,,,,,
,369,,,,,,,5778090,Jake,https://imgur.com/a/nYMCl04,Smasher,4TDM,,,,,,,,,,,,,,,,,,,,,,,
,370,,,,,,,5775516,Para,https://imgur.com/a/vWGcorK,Auto Double,4TDM,,,,,,,,,,,,,,,,,,,,,,,
,371,,,,,,,5775496,Chris3773,https://cdn.discordapp.com/attachments/866023322529955870/1138550291466289303/screenshot_-_2023-08-08T150811.591.png,Assembler,2TDM,,,,,,,,,,,,,,,,,,,,,,,
,372,,,,,,,5764475,Roman,https://imgur.com/a/bvpYU47,Triplet,Squads,,,,,,,,,,,,,,,,,,,,,,,
,373,,,,,,,5764446,asd,https://imgur.com/gallery/Oa7q1nx,Smasher,4TDM,,,,,,,,,,,,,,,,,,,,,,,
,374,,,,,,,5761622,Skrialik,https://imgur.com/a/TFitCep,Overseer,Maze 2TDM,,,,,,,,,,,,,,,,,,,,,,,
,375,,,,,,,5760350,Awootube,https://imgur.com/a/F9hkQfn,Auto Overseer,4TDM,,,,,,,,,,,,,,,,,,,,,,,
,376,,,,,,,5753120,√ñ.,https://imgur.com/a/WccOoCk,Cyclone,FFA,,,,,,,,,,,,,,,,,,,,,,,
,377,,,,,,,5752590,Roman,https://imgur.com/a/HB54PUa,Manager,Duos,,,,,,,,,,,,,,,,,,,,,,,
,378,,,,,,,5749515,asd,https://imgur.com/a/t7Z08BS,Smasher,4TDM,,,,,,,,,,,,,,,,,,,,,,,
,379,,,,,,,5748908,byekc,https://cdn.discordapp.com/attachments/842760500571537419/1070065913476436170/Ekran_Goruntusu_4865.png,Landmine,2TDM,,,,,,,,,,,,,,,,,,,,,,,
,380,,,,,,,5745327,Jess,https://imgur.com/a/srOF9Yd,Overlord,4TDM,,,,,,,,,,,,,,,,,,,,,,,
,381,,,,,,,5743999,CX has cute feet,https://imgur.com/a/0zPMi1T,Assassin,2TDM,,,,,,,,,,,,,,,,,,,,,,,
,382,,,,,,,5740746,Colon,https://imgur.com/a/eSHe9oU,Auto Overseer,4TDM,,,,,,,,,,,,,,,,,,,,,,,
,383,,,,,,,5732405,chewy pies,https://imgur.com/a/NCI0r8z,Boomer,4TDM,,,,,,,,,,,,,,,,,,,,,,,
,384,,,,,,,5713176,Ussnub,https://cdn.discordapp.com/attachments/1125564247275999282/1125852686210834503/5.71_mil.png,Carrier,2TDM,,,,,,,,,,,,,,,,,,,,,,,
,385,,,,,,,5712588,Colon,https://imgur.com/a/ocUFZKr,Overdrive,Portal TDM,,,,,,,,,,,,,,,,,,,,,,,
,386,,,,,,,5705847,breaking good,https://media.discordapp.net/attachments/731498658276835398/1056156894844166144/screenshot.png,Auto Cruiser,2TDM,,,,,,,,,,,,,,,,,,,,,,,
,387,,,,,,,5699224,Chris3773,https://cdn.discordapp.com/attachments/928174021592383489/1145063599409205248/screenshot_-_2023-08-16T145752.png,Carrier,2TDM,,,,,,,,,,,,,,,,,,,,,,,
,388,,,,,,,5685298,bean,https://cdn.discordapp.com/attachments/395646588682240020/1127167220477329440/screenshot_61.png,Necromancer,2TDM,,,,,,,,,,,,,,,,,,,,,,,
,389,,,,,,,5683540,ŒπŒ±,https://cdn.discordapp.com/attachments/866023322529955870/1099848790015475814/screenshot_-_2023-04-23T170009.png,Auto Smasher,Open TDM,,,,,,,,,,,,,,,,,,,,,,,
,390,,,,,,,5682299,byekc,https://cdn.discordapp.com/attachments/1080480829001695302/1096955858090463252/image.png,Predator,4TDM,,,,,,,,,,,,,,,,,,,,,,,
,391,,,,,,,5679922,Stradpult,https://media.discordapp.net/attachments/454578417745133580/818586541759791124/unknown.png,Overlord,4TDM,,,,,,,,,,,,,,,,,,,,,,,
,392,,,,,,,5679479,132,https://cdn.discordapp.com/attachments/559793341143711767/1114337259790008361/screenshot_25.png,Architect,Squads,,,,,,,,,,,,,,,,,,,,,,,
,393,,,,,,,5670000,Darky,https://media.discordapp.net/attachments/559793341143711767/1138843389408858202/image.png?width=1193&height=671,Commander,2TDM,,,,,,,,,,,,,,,,,,,,,,,
,394,,,,,,,5661615,ŒπŒ±,https://cdn.discordapp.com/attachments/928174021592383489/1141470314539270256/screenshot_-_2023-08-16T133120.420.png,Necromancer,2TDM,,,,,,,,,,,,,,,,,,,,,,,
,395,,,,,,,5660964,Marcus,https://imgur.com/a/iyMOApn,Bulwark,2TDM,,,,,,,,,,,,,,,,,,,,,,,
,396,,,,,,,5656830,Crazoodles,https://imgur.com/gallery/sVbxrQt,Auto Double,4TDM,,,,,,,,,,,,,,,,,,,,,,,
,397,,,,,,,5655616,zo,https://imgur.com/a/ERun9aK,Overlord,2TDM,,,,,,,,,,,,,,,,,,,,,,,
,398,,,,,,,5655265,Septerion,https://imgur.com/gallery/z5lWEt5,Auto Overseer,4TDM,,,,,,,,,,,,,,,,,,,,,,,
,399,,,,,,,5647610,√ñ.,https://imgur.com/a/xKSiDIm,Smasher,4TDM,,,,,,,,,,,,,,,,,,,,,,,
,400,,,,,,,5646029,Dard√∏ ÂØù„Çã,https://imgur.com/a/alVp9fB,Overgunner,2TDM,,,,,,,,,,,,,,,,,,,,,,,
,401,,,,,,,5644179,fortune,https://cdn.discordapp.com/attachments/790127153223434240/818007186902351912/unknown.png,Triplet,4TDM,,,,,,,,,,,,,,,,,,,,,,,
,402,,,,,,,5642050,Quad,https://imgur.com/a/m9DY4r7,Necromancer,4TDM,,,,,,,,,,,,,,,,,,,,,,,
,403,,,,,,,5628469,Corrupt Y,https://imgur.com/a/7DFCVE7,Musket,2TDM,,,,,,,,,,,,,,,,,,,,,,,
,404,,,,,,,5624235,üå∑|retnuH,https://cdn.discordapp.com/attachments/1107730040151609418/1109776983962943598/screenshot_-_2023-05-21T123511.971.png,Auto Overseer,2TDM,,,,,,,,,,,,,,,,,,,,,,,
,405,,,,,,,5620307,Slade,https://cdn.discordapp.com/attachments/559793341143711767/1118664416179802273/missing_evidence2.png,Streamliner,Portal TDM,,,,,,,,,,,,,,,,,,,,,,,
,406,,,,,,,5617577,ExC,https://imgur.com/a/9yvoUuo,Pounder,4TDM,,,,,,,,,,,,,,,,,,,,,,,
,407,,,,,,,5612202,OnyxD,https://cdn.discordapp.com/attachments/866023322529955870/1097629769543196786/screenshot_-_2023-04-17T160830.240.png,Overtrapper,2TDM,,,,,,,,,,,,,,,,,,,,,,,
,408,,,,,,,5611907,zo,https://cdn.discordapp.com/attachments/866023322529955870/1150226276406276126/IMG_0054.png,Whirl Guard,2TDM,,,,,,,,,,,,,,,,,,,,,,,
,409,,,,,,,5610574,rela üê£,https://imgur.com/gallery/vmtO4ha,Twin,Squads,,,,,,,,,,,,,,,,,,,,,,,
,410,,,,,,,5610404,Quad,https://imgur.com/a/Ld0MHcV,Artillery,Squads,,,,,,,,,,,,,,,,,,,,,,,
,411,,,,,,,5606270,Jess,https://cdn.discordapp.com/attachments/856614995802325032/1014280822037160067/unknown.png,Landmine,2TDM,,,,,,,,,,,,,,,,,,,,,,,
,412,,,,,,,5603241,ascending,https://imgur.io/a/5Rcz5e4,Director,4TDM,,,,,,,,,,,,,,,,,,,,,,,
,413,,,,,,,5599703,Lamp,https://imgur.com/a/OPHKKnF,Landmine,2TDM,,,,,,,,,,,,,,,,,,,,,,,
,414,,,,,,,5598975,Quad,https://i.imgur.com/f96drL8.png,Overlord,4TDM,,,,,,,,,,,,,,,,,,,,,,,
,415,,,,,,,5595848,Skrialik,https://imgur.com/a/hbosxz1,Swarmer,Open TDM,,,,,,,,,,,,,,,,,,,,,,,
,416,,,,,,,5594392,Slade,https://cdn.discordapp.com/attachments/1044121536656850967/1048852645869269102/NZz5YFD.png,Boomer,Squads,,,,,,,,,,,,,,,,,,,,,,,
,417,,,,,,,5591142,ŒπŒ±,https://imgur.com/gallery/cDWX1Ax,Bent Double,Squads,,,,,,,,,,,,,,,,,,,,,,,
,418,,,,,,,5589310,Colon,https://cdn.discordapp.com/attachments/1115076826809769986/1116130855031681124/IMG_1592.png,Overdrive,2TDM,,,,,,,,,,,,,,,,,,,,,,,
,419,,,,,,,5582016,Broken,https://imgur.com/a/KTTA0aJ,Streamliner,2TDM,,,,,,,,,,,,,,,,,,,,,,,
,420,,,,,,,5569343,Colon,https://cdn.discordapp.com/attachments/866023322529955870/1106304462865322105/screenshot_-_2023-03-25T195025.783.png,Auto Overseer,4TDM,,,,,,,,,,,,,,,,,,,,,,,
,421,,,,,,,5565542,Jess,https://imgur.com/a/AQOle8x,Overlord,2TDM,,,,,,,,,,,,,,,,,,,,,,,
,422,,,,,,,5557653,Slade,https://cdn.discordapp.com/attachments/1044131085463851028/1045212268452921385/screenshot_-_2022-11-24T003836.449.png,Director,2TDM,,,,,,,,,,,,,,,,,,,,,,,
,423,,,,,,,5552585,Lamp,https://imgur.com/a/hBz8uwk,Overlord,2TDM,,,,,,,,,,,,,,,,,,,,,,,
,424,,,,,,,5551649,Marcus,https://cdn.discordapp.com/attachments/1093666415946506250/1113897619652092075/screenshot_-_2023-06-01T202755.252.png,Manager,2TDM,,,,,,,,,,,,,,,,,,,,,,,
,425,,,,,,,5550000,ExC,https://cdn.discordapp.com/attachments/928174021592383489/1123815878706864169/image.png,Hunter,2TDM,,,,,,,,,,,,,,,,,,,,,,,
,426,,,,,,,5540402,Vangu,https://imgur.com/gallery/C0GxK5U,Overlord,4TDM,,,,,,,,,,,,,,,,,,,,,,,
,427,,,,,,,5539762,Corrupt Y,https://imgur.com/a/DAz2HEd,Necromancer,2TDM,,,,,,,,,,,,,,,,,,,,,,,
,428,,,,,,,5539118,JellySnk,https://imgur.com/a/hjwd7OZ,Basic,FFA,,,,,,,,,,,,,,,,,,,,,,,
,429,,,,,,,5534395,Quad,https://imgur.com/a/AlSObdY,Overseer,2TDM,,,,,,,,,,,,,,,,,,,,,,,
,430,,,,,,,5528445,Sprunk,https://imgbb.com/GTT9NkJ,Machine Gun,2TDM,,,,,,,,,,,,,,,,,,,,,,,
,431,,,,,,,5518998,Colon,https://cdn.discordapp.com/attachments/1115076826809769986/1116130701213970504/IMG_1591.png,Auto Assassin,2TDM,,,,,,,,,,,,,,,,,,,,,,,
,432,,,,,,,5518921,mq,https://imgur.com/a/hPqyU7i,Bent Hybrid,FFA,,,,,,,,,,,,,,,,,,,,,,,
,433,,,,,,,5517601,Nyrox,https://imgur.com/a/yQfndMY,Stalker,2TDM,,,,,,,,,,,,,,,,,,,,,,,
,434,,,,,,,5517223,Skrialik,https://imgur.com/a/2mpGT7d,Auto-5,Squads,,,,,,,,,,,,,,,,,,,,,,,
,435,,,,,,,5511556,Mine,https://imgur.com/a/NqgM6SU,Smasher,4TDM,,,,,,,,,,,,,,,,,,,,,,,
,436,,,,,,,5508883,OnyxD,https://imgur.com/a/pqiyDuh,Sprayer,2TDM,,,,,,,,,,,,,,,,,,,,,,,
,437,,,,,,,5507442,Skrialik,https://imgur.com/a/3JdoNT2,Auto-5,FFA,,,,,,,,,,,,,,,,,,,,,,,
,438,,,,,,,5506615,Slade,https://cdn.discordapp.com/attachments/559793341143711767/1118664416179802273/missing_evidence2.png,Beekeeper,Squads,,,,,,,,,,,,,,,,,,,,,,,
,439,,,,,,,5505789,Smiley,https://imgur.com/a/oI2w1qu,Constructor,4TDM,,,,,,,,,,,,,,,,,,,,,,,
,440,,,,,,,5503364,Nyrox,https://imgur.com/a/YgqAZCB,Auto Gunner,Portal TDM,,,,,,,,,,,,,,,,,,,,,,,
,441,,,,,,,5501606,rela üê£,https://imgur.com/gallery/XK8LFwK,Bent Hybrid,Squads,,,,,,,,,,,,,,,,,,,,,,,
,442,,,,,,,5496410,Mr.Hacker YT,https://cdn.discordapp.com/attachments/981241581044637696/1129883527660449952/screenshot_-_2023-07-14T030713.991.png,Overlord,2TDM,,,,,,,,,,,,,,,,,,,,,,,
,443,,,,,,,5495167,ŒπŒ±,https://imgur.com/gallery/1uCwB1C,Smasher,2TDM,,,,,,,,,,,,,,,,,,,,,,,
,444,,,,,,,5492122,Thing,https://imgur.com/a/1MxK9Gy,Fighter,4TDM,,,,,,,,,,,,,,,,,,,,,,,
,445,,,,,,,5491359,Septerion,https://imgur.com/oBgS5e5,Auto Overseer,2TDM,,,,,,,,,,,,,,,,,,,,,,,
,446,,,,,,,5488702,sleepy_tired_user,https://cdn.discordapp.com/attachments/866023322529955870/1156032661450653737/screenshot_17.png?ex=65137ed0&is=65122d50&hm=518188936b596d9f94571655c776efe0097979e5705bd037f488e56340a4a07d&,Auto Spawner,2TDM,,,,,,,,,,,,,,,,,,,,,,,
,447,,,,,,,5485864,Stradpult,https://media.discordapp.net/attachments/360882315200823297/551463467199234049/unknown.png,Spike,FFA,,,,,,,,,,,,,,,,,,,,,,,
,448,,,,,,,5481322,Anto,https://imgur.com/a/MamNhGa,Hybrid,Maze 2TDM,,,,,,,,,,,,,,,,,,,,,,,
,449,,,,,,,5478109,Quad,https://imgur.com/a/docOyVN,Constructor,Squads,,,,,,,,,,,,,,,,,,,,,,,
,450,,,,,,,5470925,Nyrox,https://imgur.com/a/jzSqG7k,Overdrive,4TDM,,,,,,,,,,,,,,,,,,,,,,,
,451,,,,,,,5469041,jah,https://cdn.discordapp.com/attachments/433431402613309440/877136691188604948/unknown.png,Gunner Trapper,2TDM,,,,,,,,,,,,,,,,,,,,,,,
,452,,,,,,,5455578,Athu,https://cdn.discordapp.com/attachments/1089763071788072980/1111650170166317167/screenshot_-_2023-05-26T190739.740.png,Factory,Maze 2TDM,,,,,,,,,,,,,,,,,,,,,,,
,453,,,,,,,5449715,pedal,https://imgur.com/a/4Tf07e3,Single,2TDM,,,,,,,,,,,,,,,,,,,,,,,
,454,,,,,,,5445594,OnyxD,https://cdn.discordapp.com/attachments/866023322529955870/1105983091312431114/IMG_0081.png,Auto Spawner,2TDM,,,,,,,,,,,,,,,,,,,,,,,
,455,,,,,,,5445546,Jess,https://cdn.discordapp.com/attachments/856614995802325032/1087099261512061048/screenshot_-_2023-03-19T152913.171.png,Overlord,2TDM,,,,,,,,,,,,,,,,,,,,,,,
,456,,,,,,,5432375,Stradpult,https://imgur.com/a/6d4Qted,Assassin,2TDM,,,,,,,,,,,,,,,,,,,,,,,
,457,,,,,,,5428182,ascending,https://imgur.com/a/w2Y0fX8,Sniper,4TDM,,,,,,,,,,,,,,,,,,,,,,,
,458,,,,,,,5422667,ü•ïCrazy Carrotü•ï,https://imgur.com/a/KJy2g6R,Overlord,FFA,,,,,,,,,,,,,,,,,,,,,,,
,459,,,,,,,5407640,Roman,https://cdn.discordapp.com/attachments/800406212700012544/841396980386234428/image0.png,Necromancer,2TDM,,,,,,,,,,,,,,,,,,,,,,,
,460,,,,,,,5398486,Corrupt Y,https://imgur.com/a/rgbgopb,Auto Overseer,Portal TDM,,,,,,,,,,,,,,,,,,,,,,,
,461,,,,,,,5393246,IXIII,https://i.imgur.com/cJMqta7.png,Spike,4TDM,,,,,,,,,,,,,,,,,,,,,,,
,462,,,,,,,5388510,Allan,https://imgur.com/a/kDyvcW1,Banshee,Squads,,,,,,,,,,,,,,,,,,,,,,,
,463,,,,,,,5387359,fortune,https://imgur.com/a/NjqlomY,Triplet,4TDM,,,,,,,,,,,,,,,,,,,,,,,
,464,,,,,,,5387149,Slade,https://cdn.discordapp.com/attachments/559793341143711767/1118664416179802273/missing_evidence2.png,Streamliner,Duos,,,,,,,,,,,,,,,,,,,,,,,
,465,,,,,,,5381607,Rog456,https://cdn.discordapp.com/attachments/756551564868583516/1120032930786443315/5AF1FFB3-1DC3-45B6-82F7-F7B07FA68FC6.png,Hexa Tank,4TDM,,,,,,,,,,,,,,,,,,,,,,,
,466,,,,,,,5370528,rela üê£,https://imgur.com/gallery/KzjQVbi,Destroyer,Squads,,,,,,,,,,,,,,,,,,,,,,,
,467,,,,,,,5366278,Lamp,https://imgur.com/a/1gtY0u8,Overtrapper,2TDM,,,,,,,,,,,,,,,,,,,,,,,
,468,,,,,,,5363276,cute sus,https://imgur.com/a/VokB7qL,Auto Assassin,2TDM,,,,,,,,,,,,,,,,,,,,,,,
,469,,,,,,,5362789,Askatasuna,https://imgur.com/a/LhwiWU1,Battleship,Portal TDM,,,,,,,,,,,,,,,,,,,,,,,
,470,,,,,,,5362586,ŒπŒ±,https://imgur.com/gallery/gwa1PQC,Auto Tri-Angle,4TDM,,,,,,,,,,,,,,,,,,,,,,,
,471,,,,,,,5359741,Allan,https://imgur.com/a/Gu091ns,Overdrive,Duos,,,,,,,,,,,,,,,,,,,,,,,
,472,,,,,,,5358534,byekc,https://imgur.com/a/Oa347JF,Overdrive,4TDM,,,,,,,,,,,,,,,,,,,,,,,
,473,,,,,,,5355888,Mr.Hacker YT,https://imgur.com/gallery/7bTomXS,Auto Assassin,Squads,,,,,,,,,,,,,,,,,,,,,,,
,474,,,,,,,5350000,noscore,https://cdn.discordapp.com/attachments/928174021592383489/1137013079503286403/image.png,Fighter,4TDM,,,,,,,,,,,,,,,,,,,,,,,
,475,,,,,,,5340891,Stormy,https://cdn.discordapp.com/attachments/866023322529955870/1094096159863214120/arras.png,Auto Assassin,2TDM,,,,,,,,,,,,,,,,,,,,,,,
,476,,,,,,,5339820,safuez,https://imgur.com/gallery/3qR1rou,Armsman,Squads,,,,,,,,,,,,,,,,,,,,,,,
,477,,,,,,,5334915,ExC,https://imgur.com/a/ccT9sMd,Annihilator,FFA,,,,,,,,,,,,,,,,,,,,,,,
,478,,,,,,,5333629,ZeZo,https://imgur.com/a/aFpSMbR,Octo Tank,FFA,,,,,,,,,,,,,,,,,,,,,,,
,479,,,,,,,5326134,Lamp,https://imgur.com/a/kXmZgQc,Overseer,2TDM,,,,,,,,,,,,,,,,,,,,,,,
,480,,,,,,,5324015,üéã,https://imgur.com/a/P8CjD55,Manager,4TDM,,,,,,,,,,,,,,,,,,,,,,,
,481,,,,,,,5323051,Mine,https://imgur.com/a/eGL3oVk,Mega Smasher,Maze 2TDM,,,,,,,,,,,,,,,,,,,,,,,
,482,,,,,,,5317223,jugg,https://imgur.com/gallery/aJG6Ecg,Mega-3,Squads,,,,,,,,,,,,,,,,,,,,,,,
,483,,,,,,,5316503,Mr.Hacker YT,https://media.discordapp.net/attachments/1064026218527207564/1137778979244347563/screenshot_-_2023-08-05T220755.959.png?width=810&height=456,Auto Assassin,2TDM,,,,,,,,,,,,,,,,,,,,,,,
,484,,,,,,,5316202,Vangu,https://imgur.com/gallery/zqKaD69,Overlord,4TDM,,,,,,,,,,,,,,,,,,,,,,,
,485,,,,,,,5315542,ejv,https://imgur.com/gallery/IegJwb7,Hewn Double,Squads,,,,,,,,,,,,,,,,,,,,,,,
,486,,,,,,,5310765,asd,https://imgur.com/a/4WF66wo,Smasher,4TDM,,,,,,,,,,,,,,,,,,,,,,,
,487,,,,,,,5310738,Stradpult,https://imgur.com/gallery/X1fkZdU,Landmine,4TDM,,,,,,,,,,,,,,,,,,,,,,,
,488,,,,,,,5302524,Quad,https://imgur.com/a/pgtBKXX,Overlord,Open TDM,,,,,,,,,,,,,,,,,,,,,,,
,489,,,,,,,5299725,cute sus,https://imgur.com/a/pp6VoQZ,Spawner,2TDM,,,,,,,,,,,,,,,,,,,,,,,
,490,,,,,,,5297132,Slade,https://cdn.discordapp.com/attachments/559793341143711767/1118664416179802273/missing_evidence2.png,Swarmer,4TDM,,,,,,,,,,,,,,,,,,,,,,,
,491,,,,,,,5289792,IXIII,https://i.imgur.com/yg5NUMA.png,Spike,4TDM,,,,,,,,,,,,,,,,,,,,,,,
,492,,,,,,,5285506,Skrialik,https://imgur.com/a/YeXUiEg,Trap Guard,Squads,,,,,,,,,,,,,,,,,,,,,,,
,493,,,,,,,5280550,PQD[VN](DVN),https://imgur.com/a/EuLkelN,Gunner Trapper,Squads,,,,,,,,,,,,,,,,,,,,,,,
,494,,,,,,,5280000,Colon,https://cdn.discordapp.com/attachments/559793341143711767/1116134893852835861/colon5maspproof.png,Auto Spawner,Squads,,,,,,,,,,,,,,,,,,,,,,,
,495,,,,,,,5279384,Skrialik,https://imgur.com/a/V4lyoWF,Auto Double,Squads,,,,,,,,,,,,,,,,,,,,,,,
,496,,,,,,,5278410,Psychlow,https://media.discordapp.net/attachments/412402908462710784/560882900124434460/Screen_Shot_2019-03-28_at_1.47.25_PM.png?,Overdrive,2TDM,,,,,,,,,,,,,,,,,,,,,,,
,497,,,,,,,5276420,ŒπŒ±,https://imgur.com/gallery/JCbDiYn,Manager,2TDM,,,,,,,,,,,,,,,,,,,,,,,
,498,,,,,,,5273964,Mr.Hacker YT,https://imgur.com/gallery/ArJsh5t,Nailgun,Squads,,,,,,,,,,,,,,,,,,,,,,,
,499,,,,,,,5269394,ZeZo,https://imgur.com/a/0wBIgc4,Hexa Tank,FFA,,,,,,,,,,,,,,,,,,,,,,,
,500,,,,,,,5268130,ASkib,https://cdn.discordapp.com/attachments/981241581044637696/1118588854434275339/image.png,Auto Spawner,2TDM,,,,,,,,,,,,,,,,,,,,,,,
,501,,,,,,,5266848,ZeZo,https://imgur.com/a/MgRXM1w,Shotgun,FFA,,,,,,,,,,,,,,,,,,,,,,,
,502,,,,,,,5264445,Marcus,https://imgur.com/a/O21GRKU,Annihilator,2TDM,,,,,,,,,,,,,,,,,,,,,,,
,503,,,,,,,5259589,Quad,https://imgur.com/a/KNxXuHG,Landmine,2TDM,,,,,,,,,,,,,,,,,,,,,,,
,504,,,,,,,5257189,Slade,https://cdn.discordapp.com/attachments/928174021592383489/1144107143117688892/dYhMlHk.png,Twin,Squads,,,,,,,,,,,,,,,,,,,,,,,
,505,,,,,,,5255637,Marcus,https://imgur.com/a/nfKuyXK,Streamliner,4TDM,,,,,,,,,,,,,,,,,,,,,,,
,506,,,,,,,5255050,Colon,https://cdn.discordapp.com/attachments/559793341143711767/1116184674394456165/screenshot_-_2023-06-07T215513.png,Manager,4TDM,,,,,,,,,,,,,,,,,,,,,,,
,507,,,,,,,5254626,Mr.Hacker YT,https://cdn.discordapp.com/attachments/981241581044637696/1116094851960799296/screenshot_-_2023-01-17T204838.095.png,Stalker,Open TDM,,,,,,,,,,,,,,,,,,,,,,,
,508,,,,,,,5253566,Quad,https://i.imgur.com/jfUP22F.png,Bent Hybrid,FFA,,,,,,,,,,,,,,,,,,,,,,,
,509,,,,,,,5250819,Nyrox,https://i.imgur.com/YnuUQEt.png,Overlord,4TDM,,,,,,,,,,,,,,,,,,,,,,,
,510,,,,,,,5250579,ZeZo,https://imgur.com/a/42aQCaz,Skimmer,2TDM,,,,,,,,,,,,,,,,,,,,,,,
,511,,,,,,,5249935,jugg,https://imgur.com/gallery/gVmGx97,Battleship,Open TDM,,,,,,,,,,,,,,,,,,,,,,,
,512,,,,,,,5247509,EB,https://imgur.com/a/NZZIImh,Minigun,FFA,,,,,,,,,,,,,,,,,,,,,,,
,513,,,,,,,5247505,Chaos,https://imgur.com/a/PUe3YPW,Destroyer,Duos,,,,,,,,,,,,,,,,,,,,,,,
,514,,,,,,,5243099,Smiley,https://imgur.com/a/isl3Shd,Smasher,2TDM,,,,,,,,,,,,,,,,,,,,,,,
,515,,,,,,,5243074,Thing,https://imgur.com/a/YVxSyQH,Commander,4TDM,,,,,,,,,,,,,,,,,,,,,,,
,516,,,,,,,5240655,Slade,https://cdn.discordapp.com/attachments/559793341143711767/1118664416179802273/missing_evidence2.png,Overseer,2TDM,,,,,,,,,,,,,,,,,,,,,,,
,517,,,,,,,5233002,Hope,https://imgur.com/a/NCATxbu,Manager,4TDM,,,,,,,,,,,,,,,,,,,,,,,
,518,,,,,,,5231535,Otobus,https://imgur.com/a/mZ654Tc,Mortar,Squads,,,,,,,,,,,,,,,,,,,,,,,
,519,,,,,,,5229041,Para,https://imgur.com/gallery/fiqYjba,Streamliner,4TDM,,,,,,,,,,,,,,,,,,,,,,,
,520,,,,,,,5228513,Jess,https://cdn.discordapp.com/attachments/856614995802325032/1028731350808789063/unknown.png,Manager,2TDM,,,,,,,,,,,,,,,,,,,,,,,
,521,,,,,,,5224008,asd,https://imgur.com/gallery/UuDS6Xr,Landmine,4TDM,,,,,,,,,,,,,,,,,,,,,,,
,522,,,,,,,5223205,Colon,https://cdn.discordapp.com/attachments/1115076826809769986/1116130927572176996/IMG_1593.png,Overlord,4TDM,,,,,,,,,,,,,,,,,,,,,,,
,523,,,,,,,5220128,WL9,https://imgur.com/gallery/NGuu8Ot,Streamliner,2TDM,,,,,,,,,,,,,,,,,,,,,,,
,524,,,,,,,5219397,Askatasuna,https://imgur.com/a/NZeNI2o,Auto Overseer,2TDM,,,,,,,,,,,,,,,,,,,,,,,
,525,,,,,,,5219062,From Asia,https://imgur.com/a/wWkG8m2,Manager,4TDM,,,,,,,,,,,,,,,,,,,,,,,
,526,,,,,,,5214030,Anto,https://imgur.com/a/eS87qcI,Smasher,2TDM,,,,,,,,,,,,,,,,,,,,,,,
,527,,,,,,,5213429,Smiley,https://imgur.com/a/DKfSuzN,Factory,2TDM,,,,,,,,,,,,,,,,,,,,,,,
,528,,,,,,,5212543,Mine,https://imgur.com/a/GOdj6mr,Eagle,2TDM,,,,,,,,,,,,,,,,,,,,,,,
,529,,,,,,,5206773,Roman,https://imgur.com/a/gwbOwor,Auto Overseer,4TDM,,,,,,,,,,,,,,,,,,,,,,,
,530,,,,,,,5205121,ü•ïCrazy Carrotü•ï,https://media.discordapp.net/attachments/579412094986878976/857211834372063242/screenshot_22.png?,Necromancer,4TDM,,,,,,,,,,,,,,,,,,,,,,,
,531,,,,,,,5201563,Skrialik,https://imgur.com/a/mGasGO0,Falcon,4TDM,,,,,,,,,,,,,,,,,,,,,,,
,532,,,,,,,5198845,ZeZo,https://imgur.com/a/kAXpOb7,Machine Gun,FFA,,,,,,,,,,,,,,,,,,,,,,,
,533,,,,,,,5197859,EB,https://imgur.com/a/yiKmIFM,Barricade,FFA,,,,,,,,,,,,,,,,,,,,,,,
,534,,,,,,,5195666,MR SEX,https://cdn.discordapp.com/attachments/866023322529955870/1134449243747274813/crossbow_5m.jpg,Crossbow,2TDM,,,,,,,,,,,,,,,,,,,,,,,
,535,,,,,,,5194668,bean,https://imgur.com/a/E6LnBse,Booster,Portal TDM,,,,,,,,,,,,,,,,,,,,,,,
,536,,,,,,,5193245,Nyrox,https://imgur.com/a/VDG19hN,Constructor,4TDM,,,,,,,,,,,,,,,,,,,,,,,
,537,,,,,,,5190544,cyan,https://cdn.discordapp.com/attachments/866023322529955870/1024988774612078692/unknown.png,Auto Builder,4TDM,,,,,,,,,,,,,,,,,,,,,,,
,538,,,,,,,5189255,pedal,https://imgur.com/a/67G4fsY,Gunner Trapper,4TDM,,,,,,,,,,,,,,,,,,,,,,,
,539,,,,,,,5188911,byekc,https://cdn.discordapp.com/attachments/1080480829001695302/1096955896556433530/image.png,Auto Smasher,4TDM,,,,,,,,,,,,,,,,,,,,,,,
,540,,,,,,,5186480,ŒπŒ±,https://imgur.com/gallery/GWEErve,Falcon,Squads,,,,,,,,,,,,,,,,,,,,,,,
,541,,,,,,,5184695,Jess,https://cdn.discordapp.com/attachments/866023322529955870/1123737607403212840/screenshot25.png,Ranger,2TDM,,,,,,,,,,,,,,,,,,,,,,,
,542,,,,,,,5184219,OnyxD,https://cdn.discordapp.com/attachments/866023322529955870/1094501601558937650/screenshot_-_2023-04-09T005733.311.png,Auto Overseer,4TDM,,,,,,,,,,,,,,,,,,,,,,,
,543,,,,,,,5182341,ŒπŒ±,https://cdn.discordapp.com/attachments/559793341143711767/1101789256709578752/screenshot_-_2023-04-28T181707.837.png,Overlord,Duos,,,,,,,,,,,,,,,,,,,,,,,
,544,,,,,,,5173703,Darky,https://imgur.com/a/DOXrXAo,Smasher,2TDM,,,,,,,,,,,,,,,,,,,,,,,
,545,,,,,,,5170878,lamita,https://imgur.com/gallery/OVj29Es,Manager,2TDM,,,,,,,,,,,,,,,,,,,,,,,
,546,,,,,,,5160051,x,https://imgur.com/a/pQ1EhWp,Spreadshot,FFA,,,,,,,,,,,,,,,,,,,,,,,
,547,,,,,,,5159493,Anto,https://imgur.com/a/0A3kOh6,Annihilator,2TDM,,,,,,,,,,,,,,,,,,,,,,,
,548,,,,,,,5157999,cyan,https://cdn.discordapp.com/attachments/866023322529955870/1027574491238379551/screenshot_34.png,Double Twin,2TDM,,,,,,,,,,,,,,,,,,,,,,,
,549,,,,,,,5156872,Marcus,https://cdn.discordapp.com/attachments/1095472648886165704/1112072939681099997/screenshot_-_2023-05-27T194014.242.png,Stalker,2TDM,,,,,,,,,,,,,,,,,,,,,,,
,550,,,,,,,5152982,asd,https://imgur.com/a/WdOawJi,Mega Smasher,2TDM,,,,,,,,,,,,,,,,,,,,,,,
,551,,,,,,,5149655,Slade,https://cdn.discordapp.com/attachments/1044121536656850967/1044681468565258381/unknown.png,Streamliner,Open TDM,,,,,,,,,,,,,,,,,,,,,,,
,552,,,,,,,5149414,Vangu,https://imgur.com/gallery/zexf44W,Overlord,4TDM,,,,,,,,,,,,,,,,,,,,,,,
,553,,,,,,,5148474,Slade,https://cdn.discordapp.com/attachments/1044131085463851028/1049047879383273532/screenshot_-_2022-12-04T144111.721.png,Builder,2TDM,,,,,,,,,,,,,,,,,,,,,,,
,554,,,,,,,5147699,Toy Maker,https://imgur.com/a/TbbhnQL,Penta Shot,Portal TDM,,,,,,,,,,,,,,,,,,,,,,,
,555,,,,,,,5144449,Quad,https://www.youtube.com/watch?v=KslP0ot4Hvs,Surfer,FFA,,,,,,,,,,,,,,,,,,,,,,,
,556,,,,,,,5142688,Templar,https://cdn.discordapp.com/attachments/1062306642898735186/1123316860109197442/image.png,Hunter,2TDM,,,,,,,,,,,,,,,,,,,,,,,
,557,,,,,,,5142434,Skrialik,https://imgur.com/a/9AOeff8,Overlord,Squads,,,,,,,,,,,,,,,,,,,,,,,
,558,,,,,,,5142391,Endless,https://imgur.com/gallery/Hzwgl1T,Overtrapper,FFA,,,,,,,,,,,,,,,,,,,,,,,
,559,,,,,,,5141762,OnyxD,https://imgur.com/a/E9TFG8Y,Manager,2TDM,,,,,,,,,,,,,,,,,,,,,,,
,560,,,,,,,5139341,ŒπŒ±,https://cdn.discordapp.com/attachments/928174021592383489/1126230665910825031/screenshot_-_2022-12-04T135347.png,Auto Spawner,2TDM,,,,,,,,,,,,,,,,,,,,,,,
,561,,,,,,,5138172,pedal,https://cdn.discordapp.com/attachments/395646588682240020/588454856642002945/unknown.png,Smasher,2TDM,,,,,,,,,,,,,,,,,,,,,,,
,562,,,,,,,5137737,Salla,https://cdn.discordapp.com/attachments/1110695177498144872/1111581633674498098/ol_pm4_dead.png,Overlord,Portal TDM,,,,,,,,,,,,,,,,,,,,,,,
,563,,,,,,,5137326,Tommy,https://imgur.com/a/OUCW68Z,Mortar,FFA,,,,,,,,,,,,,,,,,,,,,,,
,564,,,,,,,5136614,Mine,https://imgur.com/a/FbNV9WK,Smasher,4TDM,,,,,,,,,,,,,,,,,,,,,,,
,565,,,,,,,5133513,Slade,https://cdn.discordapp.com/attachments/1044121536656850967/1057216390962102272/6n96o3j.png,Auto Assassin,Squads,,,,,,,,,,,,,,,,,,,,,,,
,566,,,,,,,5126388,Smiley,https://media.discordapp.net/attachments/811691694231781386/1028346840426496050/unknown.png,Destroyer,4TDM,,,,,,,,,,,,,,,,,,,,,,,
,567,,,,,,,5124969,Smiley,https://imgur.com/a/VIJi4HN,Basic,4TDM,,,,,,,,,,,,,,,,,,,,,,,
,568,,,,,,,5123974,√ñ.,https://imgur.com/a/upRGyCD,Overtrapper,Portal TDM,,,,,,,,,,,,,,,,,,,,,,,
,569,,,,,,,5121877,IXIII,https://i.imgur.com/rLouBTh.png,Smasher,4TDM,,,,,,,,,,,,,,,,,,,,,,,
,570,,,,,,,5121068,zo,https://imgur.com/a/uALKLq1,Overlord,2TDM,,,,,,,,,,,,,,,,,,,,,,,
,571,,,,,,,5119333,bum,https://i.imgur.com/BjjMQiX.png,Auto Double,2TDM,,,,,,,,,,,,,,,,,,,,,,,
,572,,,,,,,5115310,Ditine,https://imgur.com/a/tj14X8X,Auto Smasher,2TDM,,,,,,,,,,,,,,,,,,,,,,,
,573,,,,,,,5111579,Icewalk,https://imgur.com/gallery/lL5wK67,Penta Shot,FFA,,,,,,,,,,,,,,,,,,,,,,,
,574,,,,,,,5109796,132,https://imgur.com/gallery/xr61AmQ,Architect,4TDM,,,,,,,,,,,,,,,,,,,,,,,
,575,,,,,,,5107133,Stradpult,https://media.discordapp.net/attachments/454578417745133580/762070289047355392/unknown.png,Overlord,2TDM,,,,,,,,,,,,,,,,,,,,,,,
,576,,,,,,,5105669,<‚ùÇ> ‚Ç≠«ør…áa,https://imgur.com/gallery/boXiZCr,Builder,Maze 4TDM,,,,,,,,,,,,,,,,,,,,,,,
,577,,,,,,,5105491,Corrupt X,https://imgur.com/a/s8NUJe0,Dual,Portal TDM,,,,,,,,,,,,,,,,,,,,,,,
,578,,,,,,,5104307,Slade,https://cdn.discordapp.com/attachments/559793341143711767/1118664416179802273/missing_evidence2.png,Triplet,Duos,,,,,,,,,,,,,,,,,,,,,,,
,579,,,,,,,5103475,Dark,https://imgur.com/a/1hj5h4P,Hybrid,4TDM,,,,,,,,,,,,,,,,,,,,,,,
,580,,,,,,,5102807,ŒπŒ±,https://cdn.discordapp.com/attachments/1044131085463851028/1058595247862579260/screenshot_-_2022-12-30T185929.png,Auto Spawner,2TDM,,,,,,,,,,,,,,,,,,,,,,,
,581,,,,,,,5101532,Marcus,https://imgur.com/a/Tjictar,Crop Duster,Squads,,,,,,,,,,,,,,,,,,,,,,,
,582,,,,,,,5100330,ExC,https://imgur.com/a/DaHPhMK,Streamliner,Maze,,,,,,,,,,,,,,,,,,,,,,,
,583,,,,,,,5097500,„Å≠„Åì„Åç„Çì,https://cdn.discordapp.com/attachments/981241581044637696/1116097759527841833/IMG_8655.jpg,Auto Assassin,2TDM,,,,,,,,,,,,,,,,,,,,,,,
,584,,,,,,,5094405,132,https://imgur.com/a/luva5uJ,Architect,Open TDM,,,,,,,,,,,,,,,,,,,,,,,
,585,,,,,,,5092767,Smiley,https://imgur.com/a/YXPiRaA,Twin,Portal TDM,,,,,,,,,,,,,,,,,,,,,,,
,586,,,,,,,5092587,Thing,https://imgur.com/a/hOBBbcP,Overlord,4TDM,,,,,,,,,,,,,,,,,,,,,,,
,587,,,,,,,5091589,Para,https://imgur.com/gallery/69HEoCD,Triple Twin,Squads,,,,,,,,,,,,,,,,,,,,,,,
,588,,,,,,,5090471,Marcus,https://imgur.com/a/LcNRt2e,Eagle,2TDM,,,,,,,,,,,,,,,,,,,,,,,
,589,,,,,,,5083845,ŒπŒ±,https://imgur.com/gallery/6S2dTda,Armsman,Duos,,,,,,,,,,,,,,,,,,,,,,,
,590,,,,,,,5083826,Darky,https://imgur.com/a/WhImc9w,Landmine,2TDM,,,,,,,,,,,,,,,,,,,,,,,
,591,,,,,,,5082670,Catto,https://imgur.com/a/nVAJBhK,Overlord,Squads,,,,,,,,,,,,,,,,,,,,,,,
,592,,,,,,,5082304,√ñ.,https://imgur.com/a/SYGOKNV,Overtrapper,Maze 4TDM,,,,,,,,,,,,,,,,,,,,,,,
,593,,,,,,,5080620,Heir,https://imgur.com/a/Mag0H1Q,Smasher,4TDM,,,,,,,,,,,,,,,,,,,,,,,
,594,,,,,,,5073405,Thing,https://imgur.com/a/XJy80bJ,Hybrid,Maze 4TDM,,,,,,,,,,,,,,,,,,,,,,,
,595,,,,,,,5069397,Mythical,https://media.discordapp.net/attachments/847194037353316402/847194206698602566/Screenshot_2021-05-26_15.07.40.png?,Annihilator,Open Maze TDM,,,,,,,,,,,,,,,,,,,,,,,
,596,,,,,,,5069043,bob,https://imgur.com/a/aJ9pcJp,Bushwhacker,4TDM,,,,,,,,,,,,,,,,,,,,,,,
,597,,,,,,,5066170,Nyrox,https://imgur.com/a/DGmnyIy,Hewn Double,FFA,,,,,,,,,,,,,,,,,,,,,,,
,598,,,,,,,5065243,Ditine,https://imgur.com/a/B9cYhVA,Overseer,Squads,,,,,,,,,,,,,,,,,,,,,,,
,599,,,,,,,5058793,ŒπŒ±,https://imgur.com/a/9xrD383,Overdrive,4TDM,,,,,,,,,,,,,,,,,,,,,,,
,600,,,,,,,5058112,Nyrox,https://imgur.com/a/n1Ttyf8,Bent Double,Maze,,,,,,,,,,,,,,,,,,,,,,,
,601,,,,,,,5057253,asd,https://imgur.com/gallery/caU6R9t,Spike,4TDM,,,,,,,,,,,,,,,,,,,,,,,
,602,,,,,,,5055926,ŒπŒ±,https://imgur.com/a/zVcX79R,Streamliner,Squads,,,,,,,,,,,,,,,,,,,,,,,
,603,,,,,,,5055894,Smiley,https://imgur.com/a/fxqgWKz,Auto Gunner,4TDM,,,,,,,,,,,,,,,,,,,,,,,
,604,,,,,,,5055724,Zeph,https://imgur.com/a/N5JdBVp,Annihilator,4TDM,,,,,,,,,,,,,,,,,,,,,,,
,605,,,,,,,5055583,Slade,https://cdn.discordapp.com/attachments/559793341143711767/1118664416179802273/missing_evidence2.png,Hexa Trapper,Squads,,,,,,,,,,,,,,,,,,,,,,,
,606,,,,,,,5054572,Slade,https://cdn.discordapp.com/attachments/395646588682240020/814907379786973194/DGJRaZu.png,Auto Gunner,2TDM,,,,,,,,,,,,,,,,,,,,,,,
,607,,,,,,,5053686,rela üê£,https://media.discordapp.net/attachments/725995383800594488/840874079270731776/unknown.png,Overlord,4TDM,,,,,,,,,,,,,,,,,,,,,,,
,608,,,,,,,5053349,pancake,https://imgur.com/a/UAdZQ88,Auto Overseer,4TDM,,,,,,,,,,,,,,,,,,,,,,,
,609,,,,,,,5049815,Athu,https://cdn.discordapp.com/attachments/731498658276835398/895963033657024522/screenshot_-_2021-10-08T143840.563.png,Skimmer,Open TDM,,,,,,,,,,,,,,,,,,,,,,,
,610,,,,,,,5048016,ŒπŒ±,https://imgur.com/gallery/ZmQqfny,Spreadshot,Squads,,,,,,,,,,,,,,,,,,,,,,,
,611,,,,,,,5043850,Ussnub,https://cdn.discordapp.com/attachments/1125564247275999282/1125970790853120030/5.04_mil.png,Predator,Open TDM,,,,,,,,,,,,,,,,,,,,,,,
,612,,,,,,,5039129,Ussnub,https://cdn.discordapp.com/attachments/1125564247275999282/1128839986700103800/5.03_mil_0_bs.png,Annihilator,Maze 2TDM,,,,,,,,,,,,,,,,,,,,,,,
,613,,,,,,,5036784,bum,https://imgur.com/a/MevNfgT,Hexa Tank,4TDM,,,,,,,,,,,,,,,,,,,,,,,
,614,,,,,,,5036732,Quad,https://imgur.com/a/VJIQ84b,Triplet,Maze,,,,,,,,,,,,,,,,,,,,,,,
,615,,,,,,,5035839,Marcus,https://cdn.discordapp.com/attachments/1062306642898735186/1119306775540269106/screenshot_-_2023-06-16T184412.734.png,Triple Twin,2TDM,,,,,,,,,,,,,,,,,,,,,,,
,616,,,,,,,5035117,Slade,https://cdn.discordapp.com/attachments/1044121536656850967/1044673746297954334/unknown.png,Fighter,2TDM,,,,,,,,,,,,,,,,,,,,,,,
,617,,,,,,,5033619,Smiley,https://imgur.com/a/cKdR0p9,Annihilator,2TDM,,,,,,,,,,,,,,,,,,,,,,,
,618,,,,,,,5031778,Skrialik,https://imgur.com/a/zABngJ1,Predator,Squads,,,,,,,,,,,,,,,,,,,,,,,
,619,,,,,,,5030690,Buddy_Dog,https://imgur.com/gallery/kYpGPp1,Triple Shot,FFA,,,,,,,,,,,,,,,,,,,,,,,
,620,,,,,,,5028305,duc,https://imgur.com/a/jEndHRi,Falcon,Portal TDM,,,,,,,,,,,,,,,,,,,,,,,
,621,,,,,,,5028132,Sprunk,https://www.youtube.com/watch?v=B0PpuZtq2HI,Booster,2TDM,,,,,,,,,,,,,,,,,,,,,,,
,622,,,,,,,5026681,Thing,https://imgur.com/a/wBUt34e,Hexa Tank,4TDM,,,,,,,,,,,,,,,,,,,,,,,
,623,,,,,,,5025699,Rog456,https://imgur.com/gallery/iPluFIV,Bent Hybrid,4TDM,,,,,,,,,,,,,,,,,,,,,,,
,624,,,,,,,5024955,Mine,https://imgur.com/a/eyrXoNo,Boomer,Portal TDM,,,,,,,,,,,,,,,,,,,,,,,
,625,,,,,,,5020880,O'Chunks,https://imgur.com/gallery/c12rYqY,Nailgun,2TDM,,,,,,,,,,,,,,,,,,,,,,,
,626,,,,,,,5019942,Jess,https://cdn.discordapp.com/attachments/856614995802325032/1090761128621121586/image.png,Auto Tri-Angle,Open TDM,,,,,,,,,,,,,,,,,,,,,,,
,627,,,,,,,5018263,fortune,https://imgur.com/a/8GH6oNW,Triplet,FFA,,,,,,,,,,,,,,,,,,,,,,,
,628,,,,,,,5015942,Roman,https://imgur.com/a/CyiJAjg,Auto Assassin,Squads,,,,,,,,,,,,,,,,,,,,,,,
,629,,,,,,,5014661,Skrialik,https://media.discordapp.net/attachments/803352420117774377/822361980219555880/screenshot_-_2021-03-19T025120.474.png?,Overseer,4TDM,,,,,,,,,,,,,,,,,,,,,,,
,630,,,,,,,5011690,TJL,https://i.imgur.com/ytigHwv.png,Spike,2TDM,,,,,,,,,,,,,,,,,,,,,,,
,631,,,,,,,5010380,ŒπŒ±,https://imgur.com/a/47F1S6F,Annihilator,2TDM,,,,,,,,,,,,,,,,,,,,,,,
,632,,,,,,,5008424,Jormungander,https://imgur.com/gallery/5sZGOhT,Overlord,2TDM,,,,,,,,,,,,,,,,,,,,,,,
,633,,,,,,,5008377,Thx m8,https://imgur.com/a/jvG70A8,Banshee,Portal TDM,,,,,,,,,,,,,,,,,,,,,,,
,634,,,,,,,5007674,bean,https://imgur.com/a/UURkFQ0,Annihilator,4TDM,,,,,,,,,,,,,,,,,,,,,,,
,635,,,,,,,5007433,Slade,https://cdn.discordapp.com/attachments/559793341143711767/1118664416179802273/missing_evidence2.png,Necromancer,2TDM,,,,,,,,,,,,,,,,,,,,,,,
,636,,,,,,,5006808,Quad,https://imgur.com/a/mvoTIvj,Ranger,Open TDM,,,,,,,,,,,,,,,,,,,,,,,
,637,,,,,,,5005414,bum,https://imgur.com/a/DOpQwrf,Destroyer,2TDM,,,,,,,,,,,,,,,,,,,,,,,
,638,,,,,,,5004167,Para,https://cdn.discordapp.com/attachments/934213763480031252/1141910913256009809/image.png,Overlord,2TDM,,,,,,,,,,,,,,,,,,,,,,,
,639,,,,,,,5003255,Slade,https://cdn.discordapp.com/attachments/559793341143711767/1118664416179802273/missing_evidence2.png,Streamliner,FFA,,,,,,,,,,,,,,,,,,,,,,,
,640,,,,,,,5002974,TJL,https://media.discordapp.net/attachments/803352420117774377/890060790537801818/screenshot_-_2021-09-21T222221.301.png,Auto Assassin,Squads,,,,,,,,,,,,,,,,,,,,,,,
,641,,,,,,,5001105,Salla,https://cdn.discordapp.com/attachments/1110695177498144872/1111581523360100392/screenshot_-_2022-04-24T195518.png,Auto Overseer,Squads,,,,,,,,,,,,,,,,,,,,,,,
,642,,,,,,,5000628,Para,https://imgur.com/gallery/TwkW5IF,Stalker,2TDM,,,,,,,,,,,,,,,,,,,,,,,