CellImage,,Top 250 Arras Scores of All Time       ,,,,,,,,,,,,,,,,,,
,Rank,Score,Name,Tank,,Gamemode,Info,Proof,working on it...,,,,,,,,,,Date,Server
,CellImage,44215098,Jess,CellImage,Auto Overseer,2TDM,,https://www.youtube.com/watch?v=wAPi4qf1_Vk,2,3,9,7,7,7,1,6,0,0,21st April 2023,USA
,CellImage,27537009,Skrialik,CellImage,Overseer,4TDM,,https://cdn.discordapp.com/attachments/928174021592383489/1130948964045291540/000__aHR0cHM6Ly9pLmltZ3VyLmNvbS9pVDNpYlFpLnBuZw3D3D.png,2,3,7,7,7,7,2,7,0,0,26th September 2021,USA
,CellImage,25003315,Marcus,CellImage,Commander,2TDM,,https://cdn.discordapp.com/attachments/866023322529955870/1079438475922784317/death_ss.png,2,2,9,7,7,7,2,6,0,0,26th February 2023,EUROPE
,4,22483433,Jess,CellImage,Auto Overseer,2TDM,,https://imgur.com/a/AWezhf3,2,2,9,7,8,7,1,6,0,0,16th February 2023,USA
,5,20052585,Colon,CellImage,Crossbow,2TDM,,https://cdn.discordapp.com/attachments/1135707353325518958/1142942079765450813/image.png,2,2,4,8,6,8,6,6,0,0,20th August 2023,USA
,6,20021586,Roman,CellImage,Auto Overseer,4TDM,,https://imgur.com/a/cMumfGB,3,3,7,7,7,7,1,7,0,0,18th April 2021,EUROPE
,7,19435506,Quad,CellImage,Necromancer,2TDM,,https://imgur.com/gallery/xSRaodY,1,2,9,8,6,7,2,7,0,0,29th July 2023,USA
,8,17770864,ExC,CellImage,Gunner Trapper,2TDM,,https://imgur.com/gallery/qoopBka,2,3,5,6,7,7,6,6,0,0,17th October 2022,USA
,9,17241238,noscore,CellImage,Predator,2TDM,,https://cdn.discordapp.com/attachments/395646588682240020/1093846736130277376/screenshot_-_2023-04-07T102640.387.png,2,2,4,7,8,7,6,6,0,0,7th April 2023,ASIA
,10,16776260,Jess,CellImage,Overlord,4TDM,,https://imgur.com/a/K8web3M,2,3,8,7,7,7,1,7,0,0,17th February 2023,USA
,11,16378462,Jess,CellImage,Overlord,2TDM,,https://youtu.be/9dAJn-ReCwU,2,2,9,7,7,7,1,7,0,0,19th April 2023,USA
,12,16051959,ExC,CellImage,Bushwhacker,2TDM,,https://cdn.discordapp.com/attachments/928174021592383489/1136731726886998066/image.png,2,2,5,8,5,8,6,6,0,0,3rd August 2023,USA
,13,16014752,ŒπŒ±,CellImage,Auto Overseer,2TDM,TBR,https://cdn.discordapp.com/attachments/1101493904542535791/1101982346535776326/d.png,2,2,9,7,6,9,1,6,0,0,21st April 2023,USA
,14,15694505,Corrupt Y,CellImage,Carrier,2TDM,,https://cdn.discordapp.com/attachments/928174021592383489/1148278272195559474/image.png,2,3,6,7,5,7,6,6,0,0,4th September 2023,USA
,15,15615614,Skrialik,CellImage,Overlord,4TDM,,https://imgur.com/a/t92Wf2h,3,3,7,7,7,7,1,7,0,0,April 14th 2021,EUROPE
,16,15117515,zo,CellImage,Manager,2TDM,TBR,https://cdn.discordapp.com/attachments/866023322529955870/1153544609939603466/screenshot_-_2023-09-18T221037.067.png,3,3,7,7,7,8,0,7,0,0,21st April 2023,USA
,17,15079276,rela üê£,CellImage,Auto Assassin,2TDM,,https://imgur.com/a/iWPAC7N,2,2,4,7,6,8,6,7,0,0,2nd May 2023,ASIA
,18,14606671,„Å≠„Åì„Åç„Çì,CellImage,Auto Assassin,2TDM,,https://cdn.discordapp.com/attachments/981241581044637696/1116097212749991936/IMG_8649.jpg,2,2,4,7,6,7,6,8,0,0,7th April 2023,USA
,19,14467190,Drokert el LaTaTa,CellImage,Overlord,2TDM,,https://cdn.discordapp.com/attachments/1009229141859643462/1147983130230263848/14.46m_Overlord_restore_2_2-tdm_3hr_10m_34s.PNG,2,3,9,7,6,8,0,7,0,0,3rd August 2023,USA
,20,14245593,Rog456,CellImage,Single,2TDM,,https://cdn.discordapp.com/attachments/928174021592383489/1132126443841781870/D7F4759C-D69D-4688-AA68-6CC41239BFB2.png,2,3,4,8,5,8,6,6,0,0,22nd July 2023,USA
,21,14076885,Marcus,CellImage,Overlord,4TDM,TBR,https://cdn.discordapp.com/attachments/1146204878331461642/1150402565029232702/screenshot_-_2023-09-10T140844.463.png,2,2,9,7,6,8,1,7,0,0,7th September 2023,EUROPE
,22,13960825,ü•ïCrazy Carrotü•ï,CellImage,Overlord,4TDM,,https://imgur.com/a/wzNDW95,3,3,6,7,8,8,1,6,0,0,1st April 2021,EUROPE
,23,13779227,Mr.Hacker YT,CellImage,Manager,2TDM,TBR,https://cdn.discordapp.com/attachments/928174021592383489/1142312196664201297/screenshot_-_2023-08-18T212029.154.png,2,3,9,8,5,8,1,6,0,0,19th August 2023,USA
,24,13550218,Thx m8,CellImage,Overlord,4TDM,,https://imgur.com/a/KnlDnhf,3,3,7,7,7,7,1,7,0,0,1st May 2022,ASIA
,25,13524688,byekc,CellImage,Falcon,2TDM,,https://cdn.discordapp.com/attachments/866023322529955870/1109055950607876166/Ekran_Goruntusu_6828.png,2,3,4,7,8,7,6,5,0,0,18th May 2023,EUROPE
,26,13092858,Mr.Hacker YT,CellImage,Overlord,2TDM,,https://imgur.com/gallery/VNGW62S,2,2,9,7,7,7,1,7,0,0,18th October 2022,USA
,27,13005049,Harry,CellImage,Overlord,2TDM,TBR,https://imgur.com/a/8c1B2EI,,,,,,,,,,,April 5 2022,ASIA
,28,12732303,ŒπŒ±,CellImage,Fortress,2TDM,,https://cdn.discordapp.com/attachments/928174021592383489/1127655238711640186/screenshot_-_2023-03-19T103357.png,2,2,5,7,7,7,6,6,0,0,19th March 2023,USA
,29,12345678,Skrialik,CellImage,Predator,Squads,Legacy,https://imgur.com/a/7b0FnkI,2,2,5,7,7,7,6,6,0,0,15th June 2021,USA
,30,12292585,Marcus,CellImage,Auto Overseer,2TDM,,https://cdn.discordapp.com/attachments/1095472648886165704/1136667850166247484/screenshot_-_2023-08-03T163157.926.png,2,2,9,7,6,8,1,7,0,0,3rd August 2023,EUROPE
,31,12033305,Mr.Hacker YT,CellImage,Hexa Tank,4TDM,TBR,https://cdn.discordapp.com/attachments/1146049737494114356/1147847776961577000/screenshot_-_2023-09-03T035609.930.png,2,2,4,8,6,8,7,5,0,0,3rd September 2023,EUROPE
,32,11912075,Jess,CellImage,Streamliner,2TDM,,https://imgur.com/a/Dvb3Txy,2,2,4,7,8,7,6,6,0,0,13th April 2022,USA
,33,11720549,Slade,CellImage,Streamliner,Maze 4TDM,,https://cdn.discordapp.com/attachments/1093983574065156216/1106673054903451658/screenshot_-_2021-05-14T152049.png,1,2,5,7,8,7,6,6,0,0,14th May 2021,USA
,34,11633647,rela üê£,CellImage,Overseer,4TDM,,https://imgur.com/gallery/1ahw5PA,2,2,6,7,8,7,3,7,0,0,19th February 2021,ASIA
,35,11600008,Chris3773,CellImage,Commander,2TDM,TBR,https://imgur.com/gallery/juN6tqq,,,,,,,,,,,,
,36,11508414,üå∑|retnuH,CellImage,Commander,4TDM,TBR,https://imgur.com/a/JEjlMeV,2,2,9,7,7,7,1,7,0,0,10th September 2023,EUROPE
,37,11243342,Jess,CellImage,Overlord,2TDM,,https://cdn.discordapp.com/attachments/928174021592383489/1149090926380191814/screenshot160.png,2,2,9,8,5,8,1,7,0,0,6th September 2023,USA
,38,11201217,rela üê£,CellImage,Overlord,2TDM,,https://imgur.com/gallery/8BGbaGo,2,3,8,7,7,7,1,7,0,0,2nd May 2023,ASIA
,39,11147953,Skrialik,CellImage,Overlord,Open TDM,,https://imgur.com/a/8trHyPr,2,2,8,7,7,7,1,8,0,0,19th March 2022,USA
,40,11078883,Marcus,CellImage,Necromancer,2TDM,,https://cdn.discordapp.com/attachments/1093666415946506250/1114944856276615198/screenshot_-_2023-06-04T175227.670.png,0,1,9,7,6,8,4,7,0,0,4th June 2023,EUROPE
,41,11046961,Rog456,CellImage,Machine Gun,2TDM,,https://cdn.discordapp.com/attachments/928174021592383489/1137122826776756264/14616ADC-6178-4713-8858-3F6C2F8934F1.png,2,3,4,8,5,8,7,5,0,0,4th August 2023,USA
,42,11042230,Slade,CellImage,Spreadshot,2TDM,TBR,https://cdn.discordapp.com/attachments/928174021592383489/1147385394606915664/screenshot_-_2023-09-02T001036.540.png,3,4,0,8,6,8,6,7,0,0,2nd September 2023,USA
,43,10864836,Zeph,CellImage,Overlord,4TDM,,https://cdn.discordapp.com/attachments/803352420117774377/853718954018865173/D17EE8D3-E572-4A95-B4B9-37A33F5FE5F3.jpeg,,,,,,,,,,,/,EUROPE
,44,10814596,Slade,CellImage,Overgunner,Squads,,https://cdn.discordapp.com/attachments/866023322529955870/1042980358037180416/unknown.png,2,2,7,7,7,7,5,5,0,0,18th November 2022,USA
,45,10774524,Skrialik,CellImage,Flank Guard,2TDM,,https://cdn.discordapp.com/attachments/928174021592383489/1141520991323947038/screenshot_-_2023-08-16T154513.919.png,2,3,4,8,6,8,6,5,0,0,16th August 2023,USA
,46,10732143,Chris3773,CellImage,Octo Tank,2TDM,,https://imgur.com/gallery/mhm5BgI,3,3,0,7,7,7,9,6,0,0,12th September 2023,USA
,47,10693117,zo,CellImage,Manager,2TDM,TBR,https://imgur.com/a/mwyiF17,3,3,7,7,7,7,1,7,0,0,8th April 2022,USA
,48,10613360,Marcus,CellImage,Banshee,2TDM,,https://cdn.discordapp.com/attachments/866023322529955870/1108805936379867196/screenshot_-_2023-05-18T191043.084.png,2,2,9,7,8,7,1,6,0,0,18th May 2023,EUROPE
,49,10555678,Mine,CellImage,Mega Smasher,2TDM,,https://imgur.com/a/ovD4LLK,10,11,,,,,4,11,2,4,30th June 2022,USA
,50,10542978,√ñ.,CellImage,Overdrive,2TDM,TBR,https://cdn.discordapp.com/attachments/395646588682240020/1083340118187843614/screenshot_-_2023-03-08T183620.241.png,2,3,9,7,7,7,1,6,0,0,8th March 2023,EUROPE
,51,10540849,byekc,CellImage,Overdrive,4TDM,,https://cdn.discordapp.com/attachments/866023322529955870/1099325381804298290/image.png,2,3,9,7,7,7,1,6,0,0,22th April 2023,EUROPE
,52,10530060,Slade,CellImage,Streamliner,Squads,,https://imgur.com/DIQXtmQ,2,2,5,7,8,7,6,5,0,0,/,USA
,53,10471679,OnyxD,CellImage,Overlord,2TDM,,https://imgur.com/a/iOWO8A8,2,2,9,7,7,7,1,7,0,0,15th April 2023,USA
,54,10441465,ŒπŒ±,CellImage,Auto Assassin,4TDM,,https://cdn.discordapp.com/attachments/928174021592383489/1134341691927691334/Untitled_design_70.png,2,2,4,7,7,7,5,8,0,0,28th July 2023,USA
,55,10440114,noscore,CellImage,Auto Overseer,2TDM,,https://cdn.discordapp.com/attachments/866023322529955870/1107253745466757151/screenshot_-_2023-05-14T152604.008.png,2,2,9,7,6,8,1,7,0,0,14th May 2023,ASIA
,56,10342688,Tophat el LaTaTa,CellImage,Swarmer,2TDM,,https://cdn.discordapp.com/attachments/962519532872818719/1144124899628154930/Screenshot_2023-08-16_10.18.29_PM.png,2,3,4,7,5,8,5,8,0,0,17th August 2023,USA
,57,10334542,Slade,CellImage,Auto Cruiser,4TDM,,https://cdn.discordapp.com/attachments/1093983574065156216/1106673417345835109/unknown.png,2,2,5,7,7,7,6,6,0,0,26th September 2022,USA
,58,10312388,Skrialik,CellImage,Overgunner,2TDM,,https://cdn.discordapp.com/attachments/1066451260611506236/1102003416068276355/screenshot_-_2023-04-29T184128.645.png,2,3,7,7,6,8,3,6,0,0,29th April 2023,EUROPE
,59,10306354,Skrialik,CellImage,Bushwhacker,4TDM,,https://imgur.com/a/MIQdcL5,1,2,4,7,8,7,7,6,0,0,4th March 2021,USA
,60,10279160,ASkib,CellImage,Overlord,2TDM,,https://imgur.com/a/D5h8xQi,2,3,7,7,8,7,1,7,0,0,7th June 2022,ASIA
,61,10261698,ŒπŒ±,CellImage,Auto Builder,2TDM,,https://imgur.com/a/bfBLciK,3,4,6,5,6,6,3,9,0,0,2nd January 2023,USA
,62,10240666,byekc,CellImage,Overseer,2TDM,,https://cdn.discordapp.com/attachments/1044131085463851028/1076534086354620416/image.png,2,3,9,7,7,7,1,6,0,0,18th February 2023,EUROPE
,63,10220360,ŒπŒ±,CellImage,Overlord,2TDM,,https://www.youtube.com/watch?v=hJLJHmGx9hQ,3,3,7,7,7,7,1,7,0,0,/,USA
,64,10216461,Chris3773,CellImage,Penta Shot,2TDM,TBR,https://cdn.discordapp.com/attachments/928174021592383489/1137346623836540999/screenshot_-_2023-08-04T180103.942.png,2,2,4,7,7,7,8,5,0,0,4th August 2023,USA
,65,10191662,Corrupt X,CellImage,Overgunner,4TDM,,https://ibb.co/album/S4pcLJ,4,4,6,6,6,6,5,4,1,0,17th February 2021,EUROPE
,66,10176264,Rog456,CellImage,Penta Shot,4TDM,,https://imgur.com/a/KYyLnDz,2,3,4,7,7,7,7,5,0,0,20th January 2023,USA
,67,10147081,Slade,CellImage,Auto Spawner,Maze 2TDM,TBR,https://cdn.discordapp.com/attachments/928174021592383489/1141208541294768208/screenshot_-_2023-08-15T231358.256.png,2,3,4,8,5,8,6,6,0,0,16th August 2023,USA
,68,10143869,Lamp,CellImage,Auto Overseer,2TDM,,https://imgur.com/a/ODpToNM,2,2,9,7,7,7,1,7,0,0,22nd March 2023,USA
,69,10128996,ZeZo,CellImage,Overlord,4TDM,,https://imgur.com/a/BGPFnww,1,4,7,7,7,7,0,7,2,0,11th June 2020,EUROPE
,70,10115816,Thing,CellImage,Hybrid,2TDM,,https://imgur.com/a/TXNseEF,2,2,8,7,6,6,2,8,1,0,6th June 2020,USA
,71,10114098,Awootube,CellImage,Auto Assassin,2TDM,,https://imgur.com/a/2nx5L2W,2,2,5,7,7,7,6,6,0,0,11th March 2023,USA
,72,10102087,Corrupt Y,CellImage,Auto Assassin,2TDM,,https://cdn.discordapp.com/attachments/866023322529955870/1037903160318119996/unknown.png,2,2,5,6,7,7,5,8,0,0,4th November 2022,USA
,73,10100386,Nyrox,CellImage,Manager,4TDM,,https://imgur.com/a/0wjdGvs,2,3,7,7,7,7,2,7,0,0,16th April 2022,EUROPE
,74,10070753,Stradpult,CellImage,Fighter,FFA,Legacy,https://imgur.com/gallery/uljVxNX,2,2,2,7,8,8,7,6,0,0,8th May 2019,EUROPE
,75,10065712,√ñ.,CellImage,Overtrapper,Maze 2TDM,,https://imgur.com/a/ndpbcEb,2,3,8,7,7,7,2,6,0,0,27th March 2023,EUROPE
,76,10062282,noscore,CellImage,Overlord,2TDM,,https://cdn.discordapp.com/attachments/866023322529955870/1098156128078143538/screenshot_-_2023-04-19T125832.471.png,2,2,9,7,7,7,1,7,0,0,19th April 2023,ASIA
,77,10059466,Slade,CellImage,Ranger,4TDM,,https://cdn.discordapp.com/attachments/866023322529955870/896235033591967794/screenshot_-_2021-10-08T231624.254.png,2,2,4,7,8,7,6,6,0,0,8th October 2021,USA
,78,10038902,Jess,CellImage,Overlord,4TDM,,https://cdn.discordapp.com/attachments/856614995802325032/1097349236338728970/screenshot_-_2023-04-16T223236.669.png,2,2,9,7,7,7,1,7,0,0,17th April 2023,USA
,79,10038528,Jess,CellImage,Carrier,4TDM,TBR,https://cdn.discordapp.com/attachments/928174021592383489/1127078236749312040/screenshot54.png,2,2,5,7,7,7,6,6,0,0,8th July 2023,USA
,80,10037643,Salla,CellImage,Overlord,Portal TDM,,https://cdn.discordapp.com/attachments/1110695177498144872/1111235959120461885/ol_pm4_lastscore.png,2,2,7,7,6,7,3,7,1,0,25th May 2023,USA
,81,10035502,Colon,CellImage,Overlord,2TDM,,https://cdn.discordapp.com/attachments/1089763071788072980/1129791314020552804/screenshot_-_2023-07-15T061327.png,2,2,9,7,6,8,1,7,0,0,15th July 2023,EUROPE
,82,10023367,Thing,CellImage,Streamliner,4TDM,,https://imgur.com/a/c8e7R3d,,,,,,,,,,,,
,83,10022818,ŒπŒ±,CellImage,Manager,2TDM,,https://cdn.discordapp.com/attachments/928174021592383489/1142342051107713154/screenshot_-_2023-08-18T231603.628.png,2,2,9,8,5,8,2,6,0,0,19th August 2023,USA
,84,10020000,Marcus,CellImage,Overlord,4TDM,,https://cdn.discordapp.com/attachments/559793341143711767/1116115305358426173/marcus10moverlordproof.png,,,,,,,,,,,,
,85,10019396,cyan,CellImage,Banshee,2TDM,TBR,https://cdn.discordapp.com/attachments/866023322529955870/1153712845284974592/screenshot_-_2023-09-19T215349.963.png,,,,,,,,,,,,
,86,10015851,Corrupt Y,CellImage,Underseer,2TDM,TBR,https://cdn.discordapp.com/attachments/928174021592383489/1147683639736418334/image.png,2,2,9,7,7,7,0,8,0,0,3rd September 2023,USA
,87,10014240,Para,CellImage,Ordnance,2TDM,,https://cdn.discordapp.com/attachments/1070469925765926952/1086529767156756541/screenshot_-_2023-03-18T000119.479.png,,,,,,,,,,,,
,88,10011112,bum,CellImage,Crossbow,2TDM,,https://imgur.com/a/svSdvVH,2,2,4,7,8,7,6,6,0,0,4th October 2022,EUROPE
,89,10010810,Harry,CellImage,Overseer,2TDM,TBR,https://cdn.discordapp.com/attachments/867893054689247252/1118450232380899358/screenshot_-_2023-05-28T214114.png,,,,,,,,,,,,
,90,10009654,Smiley,CellImage,Overlord,2TDM,,https://imgur.com/a/diNokDG,2,3,7,7,7,7,1,8,0,0,1st August 2022,EUROPE
,91,10008164,Mr.Hacker YT,CellImage,Machine Gunner,4TDM,TBR,https://cdn.discordapp.com/attachments/928174021592383489/1144031021646483527/screenshot_-_2023-08-23T150754.258.png,,,,,,,,,,,,
,92,10006325,Mr.Hacker YT,CellImage,Auto Overseer,2TDM,TBR,https://cdn.discordapp.com/attachments/1146049737494114356/1147760083908964372/screenshot_-_2023-09-02T220812.419.png,2,3,9,8,5,8,1,6,0,0,3rd September 2023,ASIA
,93,10004882,Slade,CellImage,Beekeeper,4TDM,TBR,https://cdn.discordapp.com/attachments/928174021592383489/1138137339810562118/WeQ1hzP.png,,,,,,,,,,,,
,94,10000379,Mr.Hacker YT,CellImage,Predator,2TDM,TBR,https://cdn.discordapp.com/attachments/928174021592383489/1147380776699187220/screenshot_-_2023-09-01T210030.895.png,,,,,,,,,,,,
,95,10000104,ExC,CellImage,Predator,2TDM,TBR,https://cdn.discordapp.com/attachments/928174021592383489/1148470403216462004/image.png,2,2,4,8,6,8,6,6,0,0,5th September 2023,USA
,96,10000013,ŒπŒ±,CellImage,Battleship,2TDM,,https://cdn.discordapp.com/attachments/887171000171642900/1089013948789031014/screenshot_-_2023-03-24T192312.161.png,,,,,,,,,,,,
,97,9976326,Rog456,CellImage,Basic,2TDM,,https://cdn.discordapp.com/attachments/928174021592383489/1129933583176433704/EE8D1080-DE44-46C3-A8E8-62CDB194F7BD.png,2,3,4,8,5,8,6,6,0,0,16th July 2023,USA
,98,9930000,Ussnub,CellImage,Carrier,2TDM,,https://cdn.discordapp.com/attachments/1125564247275999282/1125564937784275034/9.93_mil.png,,,,,,,,,,,,
,99,9900126,Nyrox,CellImage,Auto Overseer,2TDM,,https://imgur.com/a/tqHAmsH,2,3,7,7,7,7,1,8,0,0,31th May 2022,EUROPE
,100,9787467,Harry,CellImage,Auto Assassin,2TDM,,https://imgur.com/a/X6iIVv3,,,,,,,,,,,,
,101,9770955,Jess,CellImage,Overlord,2TDM,,https://cdn.discordapp.com/attachments/928174021592383489/1146814825079517265/image.png,2,2,9,8,5,8,1,7,0,0,31st August 2023,USA
,102,9696999,Para,CellImage,Rifle,4TDM,,https://imgur.com/gallery/NHaWUgK,,,,,,,,,,,,
,103,9676123,Corrupt Y,CellImage,Spawner,2TDM,Legacy,https://cdn.discordapp.com/attachments/866023322529955870/1038164717597904946/Screenshot_711.png,4,4,3,7,7,7,2,7,0,2,4th November 2022,USA
,104,9639305,Despair,CellImage,Auto Overseer,2TDM,,https://cdn.discordapp.com/attachments/1145412502625206422/1148621625818886214/image.png,,,,,,,,,,,,
,105,9617577,crong,CellImage,Landmine,Portal TDM,,https://imgur.com/a/SDRZ7MI,4,12,,,,,2,12,12,0,3rd September 2020,USA
,106,9595755,√ñ.,CellImage,Stalker,2TDM,TBR,https://cdn.discordapp.com/attachments/395646588682240020/1083082112195907615/screenshot_-_2023-03-08T184043.916.png,,,,,,,,,,,,
,107,9586016,Stradpult,CellImage,Auto-5,FFA,Legacy,https://imgur.com/gallery/oH1wsYj,2,2,5,7,7,7,5,7,0,0,27th July 2019,EUROPE
,108,9533746,Thing,CellImage,Auto Assassin,4TDM,,https://imgur.com/a/3tyXdPH,,,,,,,,,,,,
,109,9482940,Marcus,CellImage,Assassin,4TDM,,https://imgur.com/a/SFTFxTX,2,3,4,7,7,7,4,8,0,0,18th March 2023,EUROPE
,110,9445629,√ñ.,CellImage,Flank Guard,4TDM,,https://cdn.discordapp.com/attachments/1066451260611506236/1098356746847789136/screenshot_-_2023-04-19T225209.608.png,,,,,,,,,,,,
,111,9424047,Rog456,CellImage,Poacher,2TDM,,https://cdn.discordapp.com/attachments/928174021592383489/1138561175936848005/0B9F2B52-9F0D-4299-BA24-E0BD9829D665.png,2,2,5,8,5,8,6,6,0,0,8th August 2023,USA
,112,9421794,Smiley,CellImage,Hybrid,4TDM,,https://imgur.com/a/YRsldB4,,,,,,,,,,,,
,113,9352891,pedal,CellImage,Trap Guard,4TDM,,https://imgur.com/a/3AK5MJI,9,9,0,0,0,0,9,9,6,0,February 10th 2020,USA
,114,9340186,Endless,CellImage,Artillery,FFA,Legacy,https://imgur.com/gallery/FHxsqvn,,,,,,,,,,,,
,115,9197040,byekc,CellImage,Auto Overseer,2TDM,,https://cdn.discordapp.com/attachments/1062306642898735186/1144981230048264312/image.png,2,3,9,7,7,7,1,6,0,0,26th August 2023,EUROPE
,116,9166223,OnyxD,CellImage,Manager,2TDM,,https://imgur.com/a/r9Aq35B,,,,,,,,,,,,
,117,9101585,ExC,CellImage,Surfer,Open TDM,Legacy,https://imgur.com/a/gMCl59z,2,2,2,7,8,8,8,5,0,0,23rd April 2021,USA
,118,9068051,safuez,CellImage,Auto Spawner,2TDM,Legacy,https://cdn.discordapp.com/attachments/928174021592383489/1137072081096425483/safuez.png,,,,,,,,,,,,
,119,9028737,Mr.Hacker YT,CellImage,Hexa Tank,2TDM,,https://cdn.discordapp.com/attachments/928174021592383489/1144948480629018687/screenshot_-_2023-08-26T035047.271.png,2,2,4,8,6,8,7,5,0,0,26th August 2023,USA
,120,8893606,√ñ.,CellImage,Overtrapper,2TDM,,https://imgur.com/a/gHsKWpQ,,,,,,,,,,,,
,121,8890000,Marcus,CellImage,Hexa Tank,2TDM,TBR,https://cdn.discordapp.com/attachments/559793341143711767/1144659755747512380/image.png,2,2,4,8,6,8,7,5,0,0,/,EUROPE
,122,8860000,Marcus,CellImage,Hexa Tank,Maze,,https://cdn.discordapp.com/attachments/1095472648886165704/1137949723983106069/screenshot_-_2023-08-07T052547.389.png,2,2,4,8,6,8,7,5,0,0,7th August 2023,EUROPE
,123,8859683,ascending,CellImage,Ranger,2TDM,,https://imgur.com/a/IxcjRdj,,,,,,,,,,,,
,124,8858460,Quad,CellImage,Falcon,2TDM,,https://imgur.com/a/RKECd8Y,7,8,3,3,4,3,3,9,0,0,19th October 2022,USA
,125,8766383,ŒπŒ±,CellImage,Streamliner,4TDM,,https://imgur.com/a/QOBnWh5,,,,,,,,,,,,
,126,8757742,byekc,CellImage,Auto Builder,2TDM,,https://cdn.discordapp.com/attachments/1044131085463851028/1059885110880645180/Ekran_Goruntusu_4214.png,2,3,4,7,7,7,4,8,0,0,3rd January 2023,EUROPE
,127,8708932,Stradpult,CellImage,Surfer,FFA,Legacy,https://media.discordapp.net/attachments/454578417745133580/764495802529087498/unknown.png?width=1204&height=677,,,,,,,,,,,,
,128,8685803,byekc,CellImage,Overlord,4TDM,,https://cdn.discordapp.com/attachments/904322106207121448/977276527479771226/unknown.png,2,3,9,7,7,7,0,7,0,0,11th May 2022,EUROPE
,129,8643569,Marcus,CellImage,Overlord,2TDM,,https://imgur.com/a/90HdDrY,,,,,,,,,,,,
,130,8631304,Skrialik,CellImage,Auto Overseer,4TDM,,https://imgur.com/a/ab0WZDx,,,,,,,,,,,,
,131,8619700,Smiley,CellImage,Destroyer,4TDM,,https://imgur.com/a/aEKAbjg,,,,,,,,,,,,
,132,8604466,Nyrox,CellImage,Auto Smasher,2TDM,,https://imgur.com/a/Q20RDf1,,,,,,,,,,,,
,133,8523960,ExC,CellImage,Shotgun,2TDM,TBR,https://media.discordapp.net/attachments/1146076487875821578/1149111728546779206/image.png,,,,,,,,,,,,
,134,8505828,üéã,CellImage,Landmine,2TDM,,https://media.discordapp.net/attachments/1119046479055691808/1142394110511165532/d4a2abf6-09ec-4f56-96be-2e8f0cce4440.png,,,,,,,,,,,,
,135,8498114,Lamp,CellImage,Manager,2TDM,,https://imgur.com/a/RagDDus,,,,,,,,,,,,
,136,8463785,Mr.Hacker YT,CellImage,Ranger,2TDM,,https://imgur.com/gallery/wtYZgfh,,,,,,,,,,,,
,137,8440849,Vangu,CellImage,Bomber,4TDM,,https://imgur.com/a/V04ayJi,,,,,,,,,,,,
,138,8432982,Corrupt Y,CellImage,Bent Double,2TDM,,https://cdn.discordapp.com/attachments/866023322529955870/1022725741626015764/Screenshot_423.png,,,,,,,,,,,,
,139,8425280,Para,CellImage,Armsman,2TDM,,https://imgur.com/gallery/wpfro1Q,,,,,,,,,,,,
,140,8398505,bean,CellImage,Fighter,4TDM,Legacy,https://imgur.com/a/fl82NLN,,,,,,,,,,,,
,141,8384128,Awootube,CellImage,Manager,Portal TDM,,https://cdn.discordapp.com/attachments/866023322529955870/1099093084307988550/screenshot_-_2023-04-21T174616.253.png,,,,,,,,,,,,
,142,8377046,Skrialik,CellImage,Overdrive,4TDM,,https://imgur.com/a/TLLyeD0,,,,,,,,,,,,
,143,8344968,√ñ.,CellImage,Mega Smasher,4TDM,Legacy,https://imgur.com/a/un0HoEd,,,,,,,,,,,,
,144,8333724,zo,CellImage,Streamliner,4TDM,,https://imgur.com/a/JHXjzF9,,,,,,,,,,,,
,145,8268140,Skrialik,CellImage,Auto Overseer,4TDM,,https://imgur.com/a/Q7cXao1,,,,,,,,,,,,
,146,8261135,ŒπŒ±,CellImage,Auto Overseer,2TDM,,https://imgur.com/gallery/TwABFHF,,,,,,,,,,,,
,147,8253075,bum,CellImage,Predator,2TDM,,https://imgur.com/a/DefXlhW,,,,,,,,,,,,
,148,8217163,Heatherly,CellImage,Auto Cruiser,2TDM,,https://imgur.com/a/L8fSwkK,,,,,,,,,,,,
,149,8204253,Roman,CellImage,Manager,2TDM,,https://imgur.com/a/zicLKBH,,,,,,,,,,,,
,150,8183444,duc,CellImage,Manager,2TDM,,https://cdn.discordapp.com/attachments/559793341143711767/1113845667840933918/8.18m_manager_proof.png,,,,,,,,,,,,
,151,8182540,Slade,CellImage,Fortress,Squads,,https://cdn.discordapp.com/attachments/928174021592383489/1127068247846563860/screenshot_-_2022-10-19T210321.png,,,,,,,,,,,,
,152,8163828,lamita,CellImage,Annihilator,2TDM,,https://media.discordapp.net/attachments/1064783692578426901/1103270636878569472/image.png?width=1202&height=676,,,,,,,,,,,,
,153,8159703,Colon,CellImage,Auto Overseer,4TDM,,https://cdn.discordapp.com/attachments/1115076826809769986/1116131581057306774/IMG_1595.png,,,,,,,,,,,,
,154,8152846,ExC,CellImage,Fighter,FFA,Legacy,https://imgur.com/a/dLvBQfH,,,,,,,,,,,,
,155,8151530,Jess,CellImage,Auto Double,Squads,,https://imgur.com/a/1scHNcj,,,,,,,,,,,,
,156,8140358,Para,CellImage,Stalker,2TDM,,https://imgur.com/gallery/AG5tGNV,,,,,,,,,,,,
,157,8120500,Slade,CellImage,Bushwhacker,2TDM,TBR,https://cdn.discordapp.com/attachments/950121196870062131/1147753275463053402/screenshot_-_2023-09-02T204656.277.png,,,,,,,,,,,,
,158,8112668,byekc,CellImage,Auto Spawner,4TDM,,https://cdn.discordapp.com/attachments/1051941840863113327/1068961161950793931/Ekran_Goruntusu_4668.png,,,,,,,,,,,,
,159,8108770,√ñ.,CellImage,Musket,2TDM,TBR,https://imgur.com/a/KQMk8mU,,,,,,,,,,,,
,160,8106587,Skrialik,CellImage,Manager,4TDM,,https://imgur.com/a/AjSdAYS,,,,,,,,,,,,
,161,8102741,Corrupt X,CellImage,Surfer,Portal TDM,Legacy,https://imgur.com/a/gMw8tR8,,,,,,,,,,,,
,162,8069915,pedal,CellImage,Bushwhacker,2TDM,,https://imgur.com/a/0gc4KaW,,,,,,,,,,,,
,163,8063415,OnyxD,CellImage,Manager,2TDM,,https://imgur.com/a/BxSYBCw,,,,,,,,,,,,
,164,8044462,Askatasuna,CellImage,Overlord,2TDM,,https://imgur.com/a/zw98bGp,,,,,,,,,,,,
,165,8035714,Corrupt Y,CellImage,Octo Tank,2TDM,,https://imgur.com/a/BCTrVBl,,,,,,,,,,,,
,166,8027941,zo,CellImage,Overlord,2TDM,,https://imgur.com/a/q1rJLCg,,,,,,,,,,,,
,167,8010399,OnyxD,CellImage,Streamliner,4TDM,,https://imgur.com/a/ACbP2HO,,,,,,,,,,,,
,168,8010030,Slade,CellImage,Gunner Trapper,4TDM,TBR,https://cdn.discordapp.com/attachments/928174021592383489/1141016525936009298/screenshot_-_2023-08-14T225010.png,,,,,,,,,,,,
,169,8007042,Quad,CellImage,Machine Gun,Duos,,https://imgur.com/gmbUiUr,,,,,,,,,,,,
,170,8006279,Marcus,CellImage,Necromancer,2TDM,TBR,https://media.discordapp.net/attachments/1095472648886165704/1142860464716521574/screenshot_-_2023-08-20T183918.172.png,,,,,,,,,,,,
,171,8002776,Awootube,CellImage,Auto Overseer,2TDM,,https://cdn.discordapp.com/attachments/866023322529955870/1109683291633766410/screenshot_-_2023-05-20T213628.506.png,,,,,,,,,,,,
,172,7995818,Drokert el LaTaTa,CellImage,Penta Shot,2TDM,,https://cdn.discordapp.com/attachments/1009229141859643462/1147995505771679794/7.99m_Penta_Shot_2-tdm_6hr_6m_35s.PNG,,,,,,,,,,,,
,173,7909167,Mr.Hacker YT,CellImage,Overseer,2TDM,,https://cdn.discordapp.com/attachments/981241581044637696/1116094539392897054/screenshot_-_2023-03-04T214208.320.png,,,,,,,,,,,,
,174,7894354,Nyrox,CellImage,Auto Overseer,4TDM,,https://imgur.com/a/cipwQuI,,,,,,,,,,,,
,175,7865891,Jess,CellImage,Manager,2TDM,,https://cdn.discordapp.com/attachments/866023322529955870/1120858523455205416/screenshot_-_2023-06-20T170807.983.png,,,,,,,,,,,,
,176,7861288,Marcus,CellImage,Annihilator,Maze 2TDM,,https://cdn.discordapp.com/attachments/1104777239725346876/1113552873536622713/screenshot_-_2023-05-31T194719.246.png,,,,,,,,,,,,
,177,7806019,OnyxD,CellImage,Auto Overseer,2TDM,,https://imgur.com/a/UI8Hls5,,,,,,,,,,,,
,178,7788766,Salla,CellImage,Auto Assassin,4TDM,,https://cdn.discordapp.com/attachments/866023322529955870/1096926557408342136/screenshot_39.png,,,,,,,,,,,,
,179,7760751,Mr.Hacker YT,CellImage,Hexa Tank,Maze,,https://media.discordapp.net/attachments/1136619020100059146/1143468207735312444/screenshot_-_2023-08-22T015041.215.png?width=810&height=456,,,,,,,,,,,,
,180,7741098,Mr.Hacker YT,CellImage,Auto Assassin,4TDM,,https://cdn.discordapp.com/attachments/981241581044637696/1116094851646230671/screenshot_-_2023-01-06T174702.473.png,,,,,,,,,,,,
,181,7726758,Chris3773,CellImage,Auto Assassin,Maze 2TDM,,https://cdn.discordapp.com/attachments/559793341143711767/1116505608443666502/screenshot_-_2023-06-08T183631.png,,,,,,,,,,,,
,182,7704078,ExC,CellImage,Hybrid,Maze 4TDM,,https://imgur.com/a/0ojm0vn,,,,,,,,,,,,
,183,7684917,noscore,CellImage,Landmine,4TDM,,https://cdn.discordapp.com/attachments/866023322529955870/1064812862138220574/screenshot_31.png,,,,,,,,,,,,
,184,7670200,Harry,CellImage,Overlord,Portal TDM,,https://i.imgur.com/Zu0imcQh.jpg,,,,,,,,,,,,
,185,7651107,Templar,CellImage,Hunter,2TDM,,https://cdn.discordapp.com/attachments/1063098062819577927/1143892293988917351/image.png,,,,,,,,,,,,
,186,7625281,Jess,CellImage,Gunner Trapper,Squads,,https://imgur.com/a/SzBDnyh,,,,,,,,,,,,
,187,7586478,ŒπŒ±,CellImage,Auto Spawner,2TDM,,https://cdn.discordapp.com/attachments/928174021592383489/1133836903058247750/screenshot_-_2023-07-25T214346.747.png,,,,,,,,,,,,
,188,7583001,Smiley,CellImage,Overseer,2TDM,,https://imgur.com/a/y3G1z7g,,,,,,,,,,,,
,189,7526608,Smiley,CellImage,Spike,4TDM,,https://imgur.com/a/VnYtt5S,,,,,,,,,,,,
,190,7523323,üå∑|retnuH,CellImage,Gunner Trapper,2TDM,,https://imgur.com/gallery/UUrVgm8,,,,,,,,,,,,
,191,7497088,zo,CellImage,Predator,2TDM,,https://imgur.com/a/VdqzY9c,,,,,,,,,,,,
,192,7494683,Jess,CellImage,Smasher,4TDM,,https://cdn.discordapp.com/attachments/866023322529955870/1127024494037438594/screenshot49.png,,,,,,,,,,,,
,193,7489909,byekc,CellImage,Rocketeer,Maze 2TDM,,https://cdn.discordapp.com/attachments/920837868543438878/951964758423273482/unknown_2021.png,,,,,,,,,,,,
,194,7484728,Allan,CellImage,Crossbow,2TDM,,https://imgur.com/a/VmbiiPb,,,,,,,,,,,,
,195,7475910,Jess,CellImage,Overlord,2TDM,,https://cdn.discordapp.com/attachments/856614995802325032/1086420393402847312/screenshot_-_2023-03-17T183840.081.png,,,,,,,,,,,,
,196,7462122,ascending,CellImage,Auto Assassin,2TDM,,https://imgur.com/a/tTrCUcB,,,,,,,,,,,,
,197,7461189,Roman,CellImage,Triplet,4TDM,,https://imgur.com/a/Fd94BBt,,,,,,,,,,,,
,198,7447385,asd,CellImage,Landmine,4TDM,,https://imgur.com/gallery/F5FT8Dm,,,,,,,,,,,,
,199,7443093,Chris3773,CellImage,Single,2TDM,,https://cdn.discordapp.com/attachments/928174021592383489/1130607330841595935/screenshot_-_2023-07-17T170803.348.png,,,,,,,,,,,,
,200,7407179,Stradpult,CellImage,Fighter,FFA,Legacy,https://media.discordapp.net/attachments/454578417745133580/579267259894333440/unknown.png,,,,,,,,,,,,
,201,7403118,Stradpult,CellImage,Surfer,FFA,Legacy,https://imgur.com/gallery/NPw1Hfj,,,,,,,,,,,,
,202,7399397,√ñ.,CellImage,Gunner Trapper,2TDM,,https://imgur.com/a/a3PP6ce,,,,,,,,,,,,
,203,7399044,asd,CellImage,Spike,4TDM,,https://imgur.com/gallery/Fb8K4hx,,,,,,,,,,,,
,204,7386278,ExC,CellImage,Bomber,FFA,Legacy,https://imgur.com/a/Ckq7LeM,,,,,,,,,,,,
,205,7386144,rela üê£,CellImage,Overdrive,Open TDM,,https://imgur.com/gallery/NBxOvsQ,,,,,,,,,,,,
,206,7355978,Para,CellImage,Streamliner,2TDM,,https://imgur.com/gallery/8MLlYep,,,,,,,,,,,,
,207,7355346,Damocles,CellImage,Mortar,2TDM,Legacy,https://imgur.com/a/p2g4PTm,,,,,,,,,,,,
,208,7350509,z,CellImage,Overlord,4TDM,,https://imgur.com/a/GR8fJpE,,,,,,,,,,,,
,209,7347899,ŒπŒ±,CellImage,Auto Spawner,4TDM,,https://www.youtube.com/watch?v=qDHZWdz_a6M,,,,,,,,,,,,
,210,7336187,Colon,CellImage,Overgunner,2TDM,,https://imgur.com/a/i7bjjnX,,,,,,,,,,,,
,211,7328693,Anto,CellImage,Smasher,2TDM,,https://imgur.com/a/Q2AJHfb,,,,,,,,,,,,
,212,7323227,ascending,CellImage,Banshee,Portal TDM,,https://imgur.com/a/Kyd3JMy,,,,,,,,,,,,
,213,7309124,Quad,CellImage,Sniper,4TDM,,https://imgur.com/a/L1246Ro,,,,,,,,,,,,
,214,7303346,Nyrox,CellImage,Auto Overseer,2TDM,,https://imgur.com/a/8roOPif,,,,,,,,,,,,
,215,7296766,Chris3773,CellImage,Necromancer,2TDM,,https://cdn.discordapp.com/attachments/1138529019541868686/1144476145539108864/screenshot_-_2023-08-24T230412.315.png,,,,,,,,,,,,
,216,7296093,ŒπŒ±,CellImage,Bent Double,4TDM,,https://imgur.com/gallery/68vV8gq,,,,,,,,,,,,
,217,7277072,ŒπŒ±,CellImage,Landmine,4TDM,,https://imgur.com/gallery/73fxyH8,,,,,,,,,,,,
,218,7275547,Stradpult,CellImage,Fighter,FFA,Legacy,https://imgur.com/gallery/I3ip2El,,,,,,,,,,,,
,219,7272710,Templar,CellImage,Auto Overseer,Maze 2TDM,,https://cdn.discordapp.com/attachments/866023322529955870/1139202565146411038/image.png,,,,,,,,,,,,
,220,7271725,√ñ.,CellImage,Gunner Trapper,4TDM,,https://imgur.com/a/PsBbWxk,,,,,,,,,,,,
,221,7269160,X...,CellImage,Auto Builder,2TDM,,https://imgur.com/a/LonZ3nv,,,,,,,,,,,,
,222,7264097,Mr.Hacker YT,CellImage,Manager,Maze 4TDM,TBR,https://media.discordapp.net/attachments/1064026177108443180/1143615199006441582/screenshot_-_2023-08-19T221115.565.png?width=1193&height=671,,,,,,,,,,,,
,223,7259127,Jess,CellImage,Manager,2TDM,,https://cdn.discordapp.com/attachments/856614995802325032/1031276060815396985/screenshot_99.png,,,,,,,,,,,,
,224,7258999,Quad,CellImage,Bulwark,Squads,,https://imgur.com/a/V5ReyDx,,,,,,,,,,,,
,225,7252148,Skrialik,CellImage,Overlord,2TDM,,https://imgur.com/a/zgEeIdk,,,,,,,,,,,,
,226,7246079,Skrialik,CellImage,Fighter,4TDM,Legacy,https://imgur.com/a/8mnE7oY,,,,,,,,,,,,
,227,7222569,Marcus,CellImage,Necromancer,2TDM,,https://imgur.com/a/7YPiqau,,,,,,,,,,,,
,228,7219950,Allan,CellImage,Auto Tri-Angle,2TDM,,https://imgur.com/a/iwBnXB6,,,,,,,,,,,,
,229,7215745,Skrialik,CellImage,Overlord,Maze 2TDM,,https://cdn.discordapp.com/attachments/928174021592383489/1141524709318606898/screenshot_-_2023-08-09T211331.png,,,,,,,,,,,,
,230,7203440,Quad,CellImage,Bent Hybrid,Duos,,https://imgur.com/a/izc5CcM,,,,,,,,,,,,
,231,7191839,ZeZo,CellImage,Flank Guard,Portal TDM,,https://imgur.com/a/1ezge3c,,,,,,,,,,,,
,232,7152618,Mr.Hacker YT,CellImage,Overdrive,2TDM,,https://imgur.com/gallery/MTZxZtT,,,,,,,,,,,,
,233,7151032,Slade,CellImage,Octo Tank,2TDM,,https://cdn.discordapp.com/attachments/928174021592383489/1141523475358568449/screenshot_-_2023-08-16T174400.578.png,,,,,,,,,,,,
,234,7142853,üå∑|retnuH,CellImage,Auto Assassin,2TDM,,https://imgur.com/gallery/IouGVsb,,,,,,,,,,,,
,235,7141605,Ussnub,CellImage,Carrier,2TDM,,https://cdn.discordapp.com/attachments/1125564247275999282/1157811234616389733/screenshot_65.png?ex=651bf17d&is=651a9ffd&hm=2a4e4f011a9860892a968670a3cadf52d7bd073445fe4f2a924fb403b26314f7&,,,,,,,,,,,,
,236,7130528,safuez,CellImage,Factory,Maze 4TDM,TBR,https://cdn.discordapp.com/attachments/941221820810543155/941338879687000064/8tzTqyr_d.png,,,,,,,,,,,,
,237,7130429,asd,CellImage,Auto Smasher,2TDM,,https://imgur.com/gallery/Ip86Nys,,,,,,,,,,,,
,238,7124716,Stormy,CellImage,Sniper,2TDM,,https://cdn.discordapp.com/attachments/395646588682240020/1097999543821414400/scrnli_4_18_2023_4-36-09_PM.png,,,,,,,,,,,,
,239,7118526,ExC,CellImage,Auto Smasher,4TDM,,https://imgur.com/a/RxNQy8h,,,,,,,,,,,,
,240,7109184,Rog456,CellImage,X-Hunter,4TDM,TBR,https://cdn.discordapp.com/attachments/928174021592383489/1144851786033795142/4255A84D-E373-4283-83D2-6191C63A60BA.png,,,,,,,,,,,,
,241,7105063,Chris3773,CellImage,Auto Overseer,2TDM,TBR,https://imgur.com/gallery/sDl4fwW,,,,,,,,,,,,
,242,7095055,Roman,CellImage,Necromancer,4TDM,,https://imgur.com/a/VtN2eUH,,,,,,,,,,,,
,243,7092907,Rog456,CellImage,Basic,2TDM,,https://cdn.discordapp.com/attachments/928174021592383489/1135765816206426143/904D39D7-AC2D-430B-8967-30999F81E9A5.png,,,,,,,,,,,,
,244,7091375,Chris3773,CellImage,Overgunner,2TDM,TBR,https://cdn.discordapp.com/attachments/1139282331602002081/1139328885402632283/screenshot_-_2023-08-10T184545.240.png,,,,,,,,,,,,
,245,7090036,Corrupt Y,CellImage,Spreadshot,2TDM,,https://cdn.discordapp.com/attachments/866023322529955870/1094021490791420015/image.png,,,,,,,,,,,,
,246,7084337,ZeZo,CellImage,Auto Overseer,4TDM,,https://imgur.com/a/B3CMf5c,,,,,,,,,,,,
,247,7060288,bum,CellImage,Spike,2TDM,,https://imgur.com/a/SUzNNYd,,,,,,,,,,,,
,248,7059952,Mine,CellImage,Mortar,2TDM,,https://imgur.com/a/K4TUup2,,,,,,,,,,,,
,249,7055567,Smiley,CellImage,Smasher,Maze 2TDM,,https://imgur.com/a/IEY9Uk3,,,,,,,,,,,,
,250,7049661,Tommy,CellImage,Fighter,FFA,Legacy,https://cdn.discordapp.com/attachments/801013894805323808/836523024157114468/screenshot_-_2021-04-27T103734.192.png,,,,,,,,,,,,