,Tank,Name,Score,Proof,Gamemode,Info,Build,,,,,,,,,,Date of Death,Server
,TOP 250 Scores,,,,,,,,,,,,,,,,,
,,,,,,,,,,,,,,,,,,
,Auto Overseer,Jess,44215098,https://www.youtube.com/watch?v=wAPi4qf1_Vk,2TDM,,2,3,9,7,7,7,1,6,0,0,21st April 2023,USA
,Overseer,Skrialik,27537009,https://cdn.discordapp.com/attachments/928174021592383489/1130948964045291540/000__aHR0cHM6Ly9pLmltZ3VyLmNvbS9pVDNpYlFpLnBuZw3D3D.png,4TDM,,2,3,7,7,7,7,2,7,0,0,26th September 2021,USA
,Commander,Marcus,25003315,https://cdn.discordapp.com/attachments/866023322529955870/1079438475922784317/death_ss.png,2TDM,,2,2,9,7,7,7,2,6,0,0,26th February 2023,EUROPE
,Auto Overseer,Jess,22483433,https://imgur.com/a/AWezhf3,2TDM,,2,2,9,7,8,7,1,6,0,0,16th February 2023,USA
,Crossbow,Colon,20052585,https://cdn.discordapp.com/attachments/1135707353325518958/1142942079765450813/image.png,2TDM,,2,2,4,8,6,8,6,6,0,0,20th August 2023,USA
,Auto Overseer,Roman,20021586,https://imgur.com/a/cMumfGB,4TDM,,3,3,7,7,7,7,1,7,0,0,18th April 2021,EUROPE
,Necromancer,Quad,19435506,https://imgur.com/gallery/xSRaodY,2TDM,,1,2,9,8,6,7,2,7,0,0,29th July 2023,USA
,Gunner Trapper,ExC,17770864,https://imgur.com/gallery/qoopBka,2TDM,,2,3,5,6,7,7,6,6,0,0,17th October 2022,USA
,Predator,noscore,17241238,https://cdn.discordapp.com/attachments/395646588682240020/1093846736130277376/screenshot_-_2023-04-07T102640.387.png,2TDM,,2,2,4,7,8,7,6,6,0,0,7th April 2023,ASIA
,Overlord,Jess,16776260,https://imgur.com/a/K8web3M,4TDM,,2,3,8,7,7,7,1,7,0,0,17th February 2023,USA
,Overlord,Jess,16378462,https://youtu.be/9dAJn-ReCwU,2TDM,,2,2,9,7,7,7,1,7,0,0,19th April 2023,USA
,Bushwhacker,ExC,16051959,https://cdn.discordapp.com/attachments/928174021592383489/1136731726886998066/image.png,2TDM,,2,2,5,8,5,8,6,6,0,0,3rd August 2023,USA
,Auto Overseer,ŒπŒ±,16014752,https://cdn.discordapp.com/attachments/1101493904542535791/1101982346535776326/d.png,2TDM,TBR,2,2,9,7,6,9,1,6,0,0,21st April 2023,USA
,Carrier,Corrupt Y,15694505,https://cdn.discordapp.com/attachments/928174021592383489/1148278272195559474/image.png,2TDM,,2,3,6,7,5,7,6,6,0,0,4th September 2023,USA
,Overlord,Skrialik,15615614,https://imgur.com/a/t92Wf2h,4TDM,,3,3,7,7,7,7,1,7,0,0,April 14th 2021,EUROPE
,Auto Assassin,rela üê£,15079276,https://imgur.com/a/iWPAC7N,2TDM,,2,2,4,7,6,8,6,7,0,0,2nd May 2023,ASIA
,Auto Assassin,„Å≠„Åì„Åç„Çì,14606671,https://cdn.discordapp.com/attachments/981241581044637696/1116097212749991936/IMG_8649.jpg,2TDM,,2,2,4,7,6,7,6,8,0,0,7th April 2023,USA
,Overlord,Drokert el LaTaTa,14467190,https://cdn.discordapp.com/attachments/1009229141859643462/1147983130230263848/14.46m_Overlord_restore_2_2-tdm_3hr_10m_34s.PNG,2TDM,,2,3,9,7,6,8,0,7,0,0,3rd August 2023,USA
,Single,Rog456,14245593,https://cdn.discordapp.com/attachments/928174021592383489/1132126443841781870/D7F4759C-D69D-4688-AA68-6CC41239BFB2.png,2TDM,,2,3,4,8,5,8,6,6,0,0,22nd July 2023,USA
,Overlord,ü•ïCrazy Carrotü•ï,13960825,https://imgur.com/a/wzNDW95,4TDM,,3,3,6,7,8,8,1,6,0,0,1st April 2021,EUROPE
,Manager,Mr.Hacker YT,13779227,https://cdn.discordapp.com/attachments/928174021592383489/1142312196664201297/screenshot_-_2023-08-18T212029.154.png,2TDM,TBR,2,3,9,8,5,8,1,6,0,0,19th August 2023,USA
,Overlord,Thx m8,13550218,https://imgur.com/a/KnlDnhf,4TDM,,3,3,7,7,7,7,1,7,0,0,1st May 2022,ASIA
,Falcon,byekc,13524688,https://cdn.discordapp.com/attachments/866023322529955870/1109055950607876166/Ekran_Goruntusu_6828.png,2TDM,,2,3,4,7,8,7,6,5,0,0,18th May 2023,EUROPE
,Overlord,Mr.Hacker YT,13092858,https://imgur.com/gallery/VNGW62S,2TDM,,2,2,9,7,7,7,1,7,0,0,18th October 2022,USA
,Overlord,Harry,13005049,https://imgur.com/a/8c1B2EI,2TDM,TBR,/,/,/,/,/,/,/,/,/,/,Tue Apr 05 2022 01:00:00 GMT-0400 (Eastern Daylight Time),ASIA
,Fortress,ŒπŒ±,12732303,https://cdn.discordapp.com/attachments/928174021592383489/1127655238711640186/screenshot_-_2023-03-19T103357.png,2TDM,,2,2,5,7,7,7,6,6,0,0,19th March 2023,USA
,Predator,Skrialik,12345678,https://imgur.com/a/7b0FnkI,Squads,Legacy,2,2,5,7,7,7,6,6,0,0,15th June 2021,USA
,Auto Overseer,Marcus,12292585,https://cdn.discordapp.com/attachments/1095472648886165704/1136667850166247484/screenshot_-_2023-08-03T163157.926.png,2TDM,,2,2,9,7,6,8,1,7,0,0,3rd August 2023,EUROPE
,Hexa Tank,Mr.Hacker YT,12033305,https://cdn.discordapp.com/attachments/1146049737494114356/1147847776961577000/screenshot_-_2023-09-03T035609.930.png,4TDM,TBR,2,2,4,8,6,8,7,5,0,0,3rd September 2023,EUROPE
,Streamliner,Jess,11912075,https://imgur.com/a/Dvb3Txy,2TDM,,2,2,4,7,8,7,6,6,0,0,13th April 2022,USA
,Hexa Tank,Marcus,8860000,https://cdn.discordapp.com/attachments/1095472648886165704/1137949723983106069/screenshot_-_2023-08-07T052547.389.png,Maze,,2,2,4,8,6,8,7,5,0,0,7th August 2023,EUROPE
,Streamliner,Slade,11720549,https://cdn.discordapp.com/attachments/1093983574065156216/1106673054903451658/screenshot_-_2021-05-14T152049.png,Maze 4TDM,,1,2,5,7,8,7,6,6,0,0,14th May 2021,USA
,Overseer,rela üê£,11633647,https://imgur.com/gallery/1ahw5PA,4TDM,,2,2,6,7,8,7,3,7,0,0,19th February 2021,ASIA
,Overlord,rela üê£,11201217,https://imgur.com/gallery/8BGbaGo,2TDM,,2,3,8,7,7,7,1,7,0,0,2nd May 2023,ASIA
,Overlord,Skrialik,11147953,https://imgur.com/a/8trHyPr,Open TDM,,2,2,8,7,7,7,1,8,0,0,19th March 2022,USA
,Necromancer,Marcus,11078883,https://cdn.discordapp.com/attachments/1093666415946506250/1114944856276615198/screenshot_-_2023-06-04T175227.670.png,2TDM,,0,1,9,7,6,8,4,7,0,0,4th June 2023,EUROPE
,Machine Gun,Rog456,11046961,https://cdn.discordapp.com/attachments/928174021592383489/1137122826776756264/14616ADC-6178-4713-8858-3F6C2F8934F1.png,2TDM,,2,3,4,8,5,8,7,5,0,0,4th August 2023,USA
,Spreadshot,Slade,11042230,https://cdn.discordapp.com/attachments/928174021592383489/1147385394606915664/screenshot_-_2023-09-02T001036.540.png,2TDM,TBR,3,4,0,8,6,8,6,7,0,0,2nd September 2023,USA
,Overlord,Zeph,10864836,https://cdn.discordapp.com/attachments/803352420117774377/853718954018865173/D17EE8D3-E572-4A95-B4B9-37A33F5FE5F3.jpeg,4TDM,,/,/,/,/,/,/,/,/,/,/,/,EUROPE
,Overgunner,Slade,10814596,https://cdn.discordapp.com/attachments/866023322529955870/1042980358037180416/unknown.png,Squads,,2,2,7,7,7,7,5,5,0,0,18th November 2022,USA
,Flank Guard,Skrialik,10774524,https://cdn.discordapp.com/attachments/928174021592383489/1141520991323947038/screenshot_-_2023-08-16T154513.919.png,2TDM,,2,3,4,8,6,8,6,5,0,0,16th August 2023,USA
,Manager,zo,10693117,https://imgur.com/a/mwyiF17,2TDM,TBR,3,3,7,7,7,7,1,7,0,0,8th April 2022,USA
,Banshee,Marcus,10613360,https://cdn.discordapp.com/attachments/866023322529955870/1108805936379867196/screenshot_-_2023-05-18T191043.084.png,2TDM,,2,2,9,7,8,7,1,6,0,0,18th May 2023,EUROPE
,Mega Smasher,Mine,10555678,https://imgur.com/a/ovD4LLK,2TDM,,10,11,,,,,4,11,2,4,30th June 2022,USA
,Overdrive,√ñ.,10542978,https://cdn.discordapp.com/attachments/395646588682240020/1083340118187843614/screenshot_-_2023-03-08T183620.241.png,2TDM,TBR,2,3,9,7,7,7,1,6,0,0,8th March 2023,EUROPE
,Overdrive,byekc,10540849,https://cdn.discordapp.com/attachments/866023322529955870/1099325381804298290/image.png,4TDM,,2,3,9,7,7,7,1,6,0,0,22th April 2023,EUROPE
,Streamliner,Slade,10530060,https://imgur.com/DIQXtmQ,Squads,,2,2,5,7,8,7,6,5,0,0,/,USA
,Overlord,OnyxD,10471679,https://imgur.com/a/iOWO8A8,2TDM,,2,2,9,7,7,7,1,7,0,0,15th April 2023,USA
,Auto Assassin,ŒπŒ±,10441465,https://cdn.discordapp.com/attachments/928174021592383489/1134341691927691334/Untitled_design_70.png,4TDM,,2,2,4,7,7,7,5,8,0,0,28th July 2023,USA
,Auto Overseer,noscore,10440114,https://cdn.discordapp.com/attachments/866023322529955870/1107253745466757151/screenshot_-_2023-05-14T152604.008.png,2TDM,,2,2,9,7,6,8,1,7,0,0,14th May 2023,ASIA
,Swarmer,Tophat el LaTaTa,10342688,https://cdn.discordapp.com/attachments/962519532872818719/1144124899628154930/Screenshot_2023-08-16_10.18.29_PM.png,2TDM,,2,3,4,7,5,8,5,8,0,0,17th August 2023,USA
,Auto Cruiser,Slade,10334542,https://cdn.discordapp.com/attachments/1093983574065156216/1106673417345835109/unknown.png,4TDM,,2,2,5,7,7,7,6,6,0,0,26th September 2022,USA
,Overgunner,Skrialik,10312388,https://cdn.discordapp.com/attachments/1066451260611506236/1102003416068276355/screenshot_-_2023-04-29T184128.645.png,2TDM,,2,3,7,7,6,8,3,6,0,0,29th April 2023,EUROPE
,Bushwhacker,Skrialik,10306354,https://imgur.com/a/MIQdcL5,4TDM,,1,2,4,7,8,7,7,6,0,0,4th March 2021,USA
,Overlord,ASkib,10279160,https://imgur.com/a/D5h8xQi,2TDM,,2,3,7,7,8,7,1,7,0,0,7th June 2022,ASIA
,Auto Builder,ŒπŒ±,10261698,https://imgur.com/a/bfBLciK,2TDM,,3,4,6,5,6,6,3,9,0,0,2nd January 2023,USA
,Overseer,byekc,10240666,https://cdn.discordapp.com/attachments/1044131085463851028/1076534086354620416/image.png,2TDM,,2,3,9,7,7,7,1,6,0,0,18th February 2023,EUROPE
,Overlord,ŒπŒ±,10220360,https://www.youtube.com/watch?v=hJLJHmGx9hQ,2TDM,,3,3,7,7,7,7,1,7,0,0,/,USA
,Penta Shot,Chris3773,10216461,https://cdn.discordapp.com/attachments/928174021592383489/1137346623836540999/screenshot_-_2023-08-04T180103.942.png,2TDM,TBR,2,2,4,7,7,7,8,5,0,0,4th August 2023,USA
,Overgunner,Corrupt X,10191662,https://ibb.co/album/S4pcLJ,4TDM,,4,4,6,6,6,6,5,4,1,0,17th February 2021,EUROPE
,Penta Shot,Rog456,10176264,https://imgur.com/a/KYyLnDz,4TDM,,2,3,4,7,7,7,7,5,0,0,20th January 2023,USA
,Auto Spawner,Slade,10147081,https://cdn.discordapp.com/attachments/928174021592383489/1141208541294768208/screenshot_-_2023-08-15T231358.256.png,Maze 2TDM,TBR,2,3,4,8,5,8,6,6,0,0,16th August 2023,USA
,Auto Overseer,Lamp,10143869,https://imgur.com/a/ODpToNM,2TDM,,2,2,9,7,7,7,1,7,0,0,22nd March 2023,USA
,Overlord,ZeZo,10128996,https://imgur.com/a/BGPFnww,4TDM,,1,4,7,7,7,7,0,7,2,0,11th June 2020,EUROPE
,Hybrid,Thing,10115816,https://imgur.com/a/TXNseEF,2TDM,,2,2,8,7,6,6,2,8,1,0,6th June 2020,USA
,Auto Assassin,Awootube,10114098,https://imgur.com/a/2nx5L2W,2TDM,,2,2,5,7,7,7,6,6,0,0,11th March 2023,USA
,Auto Assassin,Corrupt Y,10102087,https://cdn.discordapp.com/attachments/866023322529955870/1037903160318119996/unknown.png,2TDM,,2,2,5,6,7,7,5,8,0,0,4th November 2022,USA
,Manager,Nyrox,10100386,https://imgur.com/a/0wjdGvs,4TDM,,2,3,7,7,7,7,2,7,0,0,16th April 2022,EUROPE
,Fighter,Stradpult,10070753,https://imgur.com/gallery/uljVxNX,FFA,Legacy,2,2,2,7,8,8,7,6,0,0,8th May 2019,EUROPE
,Overtrapper,√ñ.,10065712,https://imgur.com/a/ndpbcEb,Maze 2TDM,,2,3,8,7,7,7,2,6,0,0,27th March 2023,EUROPE
,Overlord,noscore,10062282,https://cdn.discordapp.com/attachments/866023322529955870/1098156128078143538/screenshot_-_2023-04-19T125832.471.png,2TDM,,2,2,9,7,7,7,1,7,0,0,19th April 2023,ASIA
,Ranger,Slade,10059466,https://cdn.discordapp.com/attachments/866023322529955870/896235033591967794/screenshot_-_2021-10-08T231624.254.png,4TDM,,2,2,4,7,8,7,6,6,0,0,8th October 2021,USA
,Overlord,Jess,10038902,https://cdn.discordapp.com/attachments/856614995802325032/1097349236338728970/screenshot_-_2023-04-16T223236.669.png,4TDM,,2,2,9,7,7,7,1,7,0,0,17th April 2023,USA
,Carrier,Jess,10038528,https://cdn.discordapp.com/attachments/928174021592383489/1127078236749312040/screenshot54.png,4TDM,TBR,2,2,5,7,7,7,6,6,0,0,8th July 2023,USA
,Overlord,Salla,10037643,https://cdn.discordapp.com/attachments/1110695177498144872/1111235959120461885/ol_pm4_lastscore.png,Portal TDM,,2,2,7,7,6,7,3,7,1,0,25th May 2023,USA
,Overlord,Colon,10035502,https://cdn.discordapp.com/attachments/1089763071788072980/1129791314020552804/screenshot_-_2023-07-15T061327.png,2TDM,,2,2,9,7,6,8,1,7,0,0,15th July 2023,EUROPE
,Streamliner,Thing,10023367,https://imgur.com/a/c8e7R3d,4TDM,,,,,,,,,,,,,
,Manager,ŒπŒ±,10022818,https://cdn.discordapp.com/attachments/928174021592383489/1142342051107713154/screenshot_-_2023-08-18T231603.628.png,2TDM,,2,2,9,8,5,8,2,6,0,0,19th August 2023,USA
,Overlord,Marcus,10020000,https://cdn.discordapp.com/attachments/559793341143711767/1116115305358426173/marcus10moverlordproof.png,4TDM,,,,,,,,,,,,,
,Underseer,Corrupt Y,10015851,https://cdn.discordapp.com/attachments/928174021592383489/1147683639736418334/image.png,2TDM,TBR,2,2,9,7,7,7,0,8,0,0,3rd September 2023,USA
,Ordnance,Para,10014240,https://cdn.discordapp.com/attachments/1070469925765926952/1086529767156756541/screenshot_-_2023-03-18T000119.479.png,2TDM,,,,,,,,,,,,,
,Crossbow,bum,10011112,https://imgur.com/a/svSdvVH,2TDM,,2,2,4,7,8,7,6,6,0,0,4th October 2022,EUROPE
,Overseer,Harry,10010810,https://cdn.discordapp.com/attachments/867893054689247252/1118450232380899358/screenshot_-_2023-05-28T214114.png,2TDM,TBR,,,,,,,,,,,,
,Overlord,Smiley,10009654,https://imgur.com/a/diNokDG,2TDM,,2,3,7,7,7,7,1,8,0,0,1st August 2022,EUROPE
,Machine Gunner,Mr.Hacker YT,10008164,https://cdn.discordapp.com/attachments/928174021592383489/1144031021646483527/screenshot_-_2023-08-23T150754.258.png,4TDM,TBR,,,,,,,,,,,,
,Auto Overseer,Mr.Hacker YT,10006325,https://cdn.discordapp.com/attachments/1146049737494114356/1147760083908964372/screenshot_-_2023-09-02T220812.419.png,2TDM,TBR,2,3,9,8,5,8,1,6,0,0,3rd September 2023,ASIA
,Beekeeper,Slade,10004882,https://cdn.discordapp.com/attachments/928174021592383489/1138137339810562118/WeQ1hzP.png,4TDM,TBR,,,,,,,,,,,,
,Commander,üå∑|retnuH,11508414,https://imgur.com/a/JEjlMeV,4TDM,TBR,2,2,9,7,7,7,1,7,0,0,10th September 2023,EUROPE
,Predator,Mr.Hacker YT,10000379,https://cdn.discordapp.com/attachments/928174021592383489/1147380776699187220/screenshot_-_2023-09-01T210030.895.png,2TDM,TBR,,,,,,,,,,,,
,Predator,ExC,10000104,https://cdn.discordapp.com/attachments/928174021592383489/1148470403216462004/image.png,2TDM,TBR,2,2,4,8,6,8,6,6,0,0,5th September 2023,USA
,Battleship,ŒπŒ±,10000013,https://cdn.discordapp.com/attachments/887171000171642900/1089013948789031014/screenshot_-_2023-03-24T192312.161.png,2TDM,,,,,,,,,,,,,
,Basic,Rog456,9976326,https://cdn.discordapp.com/attachments/928174021592383489/1129933583176433704/EE8D1080-DE44-46C3-A8E8-62CDB194F7BD.png,2TDM,,2,3,4,8,5,8,6,6,0,0,16th July 2023,USA
,Carrier,Ussnub,9930000,https://cdn.discordapp.com/attachments/1125564247275999282/1125564937784275034/9.93_mil.png,2TDM,,,,,,,,,,,,,
,Auto Overseer,Nyrox,9900126,https://imgur.com/a/tqHAmsH,2TDM,,2,3,7,7,7,7,1,8,0,0,31th May 2022,EUROPE
,Auto Assassin,Harry,9787467,https://imgur.com/a/X6iIVv3,2TDM,,,,,,,,,,,,,
,Overlord,Jess,9770955,https://cdn.discordapp.com/attachments/928174021592383489/1146814825079517265/image.png,2TDM,,2,2,9,8,5,8,1,7,0,0,31st August 2023,USA
,Rifle,Para,9696999,https://imgur.com/gallery/NHaWUgK,4TDM,,,,,,,,,,,,,
,Spawner,Corrupt Y,9676123,https://cdn.discordapp.com/attachments/866023322529955870/1038164717597904946/Screenshot_711.png,2TDM,Legacy,4,4,3,7,7,7,2,7,0,2,4th November 2022,USA
,Auto Overseer,Despair,9639305,https://cdn.discordapp.com/attachments/1145412502625206422/1148621625818886214/image.png,2TDM,,,,jess 44m build,,,,,,,,,
,Landmine,crong,9617577,https://imgur.com/a/SDRZ7MI,Portal TDM,,4,12,,,,,2,12,12,0,3rd September 2020,USA
,Stalker,√ñ.,9595755,https://cdn.discordapp.com/attachments/395646588682240020/1083082112195907615/screenshot_-_2023-03-08T184043.916.png,2TDM,TBR,,,,,,,,,,,,
,Auto-5,Stradpult,9586016,https://imgur.com/gallery/oH1wsYj,FFA,Legacy,2,2,5,7,7,7,5,7,0,0,27th July 2019,EUROPE
,Auto Assassin,Thing,9533746,https://imgur.com/a/3tyXdPH,4TDM,,,,,,,,,,,,,
,Assassin,Marcus,9482940,https://imgur.com/a/SFTFxTX,4TDM,,2,3,4,7,7,7,4,8,0,0,18th March 2023,EUROPE
,Flank Guard,√ñ.,9445629,https://cdn.discordapp.com/attachments/1066451260611506236/1098356746847789136/screenshot_-_2023-04-19T225209.608.png,4TDM,,,,,,,,,,,,,
,Poacher,Rog456,9424047,https://cdn.discordapp.com/attachments/928174021592383489/1138561175936848005/0B9F2B52-9F0D-4299-BA24-E0BD9829D665.png,2TDM,,2,2,5,8,5,8,6,6,0,0,8th August 2023,USA
,Hybrid,Smiley,9421794,https://imgur.com/a/YRsldB4,4TDM,,,,,,,,,,,,,
,Trap Guard,pedal,9352891,https://imgur.com/a/3AK5MJI,4TDM,,9,9,0,0,0,0,9,9,6,0,February 10th 2020,USA
,Artillery,Endless,9340186,https://imgur.com/gallery/FHxsqvn,FFA,Legacy,,,,,,,,,,,,
,Auto Overseer,byekc,9197040,https://cdn.discordapp.com/attachments/1062306642898735186/1144981230048264312/image.png,2TDM,,2,3,9,7,7,7,1,6,0,0,26th August 2023,EUROPE
,Manager,OnyxD,9166223,https://imgur.com/a/r9Aq35B,2TDM,,,,,,,,,,,,,
,Surfer,ExC,9101585,https://imgur.com/a/gMCl59z,Open TDM,Legacy,2,2,2,7,8,8,8,5,0,0,23rd April 2021,USA
,Auto Spawner,safuez,9068051,https://cdn.discordapp.com/attachments/928174021592383489/1137072081096425483/safuez.png,2TDM,Legacy,,,,,,,,,,,,
,Hexa Tank,Mr.Hacker YT,9028737,https://cdn.discordapp.com/attachments/928174021592383489/1144948480629018687/screenshot_-_2023-08-26T035047.271.png,2TDM,,2,2,4,8,6,8,7,5,0,0,26th August 2023,USA
,Overtrapper,√ñ.,8893606,https://imgur.com/a/gHsKWpQ,2TDM,,,,,,,,,,,,,
,Hexa Tank,Marcus,8890000,https://cdn.discordapp.com/attachments/559793341143711767/1144659755747512380/image.png,2TDM,TBR,2,2,4,8,6,8,7,5,0,0,/,EUROPE
,Ranger,ascending,8859683,https://imgur.com/a/IxcjRdj,2TDM,,,,,,,,,,,,,
,Falcon,Quad,8858460,https://imgur.com/a/RKECd8Y,2TDM,,7,8,3,3,4,3,3,9,0,0,19th October 2022,USA
,Streamliner,ŒπŒ±,8766383,https://imgur.com/a/QOBnWh5,4TDM,,,,,,,,,,,,,
,Auto Builder,byekc,8757742,https://cdn.discordapp.com/attachments/1044131085463851028/1059885110880645180/Ekran_Goruntusu_4214.png,2TDM,,2,3,4,7,7,7,4,8,0,0,3rd January 2023,EUROPE
,Surfer,Stradpult,8708932,https://media.discordapp.net/attachments/454578417745133580/764495802529087498/unknown.png?width=1204&height=677,FFA,Legacy,,,,,,,,,,,,
,Overlord,byekc,8685803,https://cdn.discordapp.com/attachments/904322106207121448/977276527479771226/unknown.png,4TDM,,2,3,9,7,7,7,0,7,0,0,11th May 2022,EUROPE
,Overlord,Marcus,8643569,https://imgur.com/a/90HdDrY,2TDM,,,,,,,,,,,,,
,Auto Overseer,Skrialik,8631304,https://imgur.com/a/ab0WZDx,4TDM,,,,,,,,,,,,,
,Destroyer,Smiley,8619700,https://imgur.com/a/aEKAbjg,4TDM,,,,,,,,,,,,,
,Auto Smasher,Nyrox,8604466,https://imgur.com/a/Q20RDf1,2TDM,,,,,,,,,,,,,
,Landmine,üéã,8505828,https://media.discordapp.net/attachments/1119046479055691808/1142394110511165532/d4a2abf6-09ec-4f56-96be-2e8f0cce4440.png,2TDM,,,,,,,,,,,,,
,Manager,Lamp,8498114,https://imgur.com/a/RagDDus,2TDM,,,,,,,,,,,,,
,Ranger,Mr.Hacker YT,8463785,https://imgur.com/gallery/wtYZgfh,2TDM,,,,,,,,,,,,,
,Bomber,Vangu,8440849,https://imgur.com/a/V04ayJi,4TDM,,,,,,,,,,,,,
,Bent Double,Corrupt Y,8432982,https://cdn.discordapp.com/attachments/866023322529955870/1022725741626015764/Screenshot_423.png,2TDM,,,,,,,,,,,,,
,Armsman,Para,8425280,https://imgur.com/gallery/wpfro1Q,2TDM,,,,,,,,,,,,,
,Fighter,bean,8398505,https://imgur.com/a/fl82NLN,4TDM,Legacy,,,,,,,,,,,,
,Manager,Awootube,8384128,https://cdn.discordapp.com/attachments/866023322529955870/1099093084307988550/screenshot_-_2023-04-21T174616.253.png,Portal TDM,,,,,,,,,,,,,
,Overdrive,Skrialik,8377046,https://imgur.com/a/TLLyeD0,4TDM,,,,,,,,,,,,,
,Mega Smasher,√ñ.,8344968,https://imgur.com/a/un0HoEd,4TDM,Legacy,,,,,,,,,,,,
,Streamliner,zo,8333724,https://imgur.com/a/JHXjzF9,4TDM,,,,,,,,,,,,,
,Auto Overseer,Skrialik,8268140,https://imgur.com/a/Q7cXao1,4TDM,,,,,,,,,,,,,
,Auto Overseer,ŒπŒ±,8261135,https://imgur.com/gallery/TwABFHF,2TDM,,,,,,,,,,,,,
,Predator,bum,8253075,https://imgur.com/a/DefXlhW,2TDM,,,,,,,,,,,,,
,Auto Cruiser,Heatherly,8217163,https://imgur.com/a/L8fSwkK,2TDM,,,,,,,,,,,,,
,Manager,Roman,8204253,https://imgur.com/a/zicLKBH,2TDM,,,,,,,,,,,,,
,Manager,duc,8183444,https://cdn.discordapp.com/attachments/559793341143711767/1113845667840933918/8.18m_manager_proof.png,2TDM,,,,,,,,,,,,,
,Fortress,Slade,8182540,https://cdn.discordapp.com/attachments/928174021592383489/1127068247846563860/screenshot_-_2022-10-19T210321.png,Squads,,,,,,,,,,,,,
,Annihilator,lamita,8163828,https://media.discordapp.net/attachments/1064783692578426901/1103270636878569472/image.png?width=1202&height=676,2TDM,,,,,,,,,,,,,
,Auto Overseer,Colon,8159703,https://cdn.discordapp.com/attachments/1115076826809769986/1116131581057306774/IMG_1595.png,4TDM,,,,,,,,,,,,,
,Fighter,ExC,8152846,https://imgur.com/a/dLvBQfH,FFA,Legacy,,,,,,,,,,,,
,Auto Double,Jess,8151530,https://imgur.com/a/1scHNcj,Squads,,,,,,,,,,,,,
,Stalker,Para,8140358,https://imgur.com/gallery/AG5tGNV,2TDM,,,,,,,,,,,,,
,Bushwhacker,Slade,8120500,https://cdn.discordapp.com/attachments/950121196870062131/1147753275463053402/screenshot_-_2023-09-02T204656.277.png,2TDM,TBR,,,,,,,,,,,,
,Auto Spawner,byekc,8112668,https://cdn.discordapp.com/attachments/1051941840863113327/1068961161950793931/Ekran_Goruntusu_4668.png,4TDM,,,,,,,,,,,,,
,Musket,√ñ.,8108770,https://imgur.com/a/KQMk8mU,2TDM,TBR,,,,,,,,,,,,
,Manager,Skrialik,8106587,https://imgur.com/a/AjSdAYS,4TDM,,,,,,,,,,,,,
,Surfer,Corrupt X,8102741,https://imgur.com/a/gMw8tR8,Portal TDM,Legacy,,,,,,,,,,,,
,Bushwhacker,pedal,8069915,https://imgur.com/a/0gc4KaW,2TDM,,,,,,,,,,,,,
,Manager,OnyxD,8063415,https://imgur.com/a/BxSYBCw,2TDM,,,,,,,,,,,,,
,Overlord,Askatasuna,8044462,https://imgur.com/a/zw98bGp,2TDM,,,,,,,,,,,,,
,Overlord,zo,8027941,https://imgur.com/a/q1rJLCg,2TDM,,,,,,,,,,,,,
,Streamliner,OnyxD,8010399,https://imgur.com/a/ACbP2HO,4TDM,,,,,,,,,,,,,
,Gunner Trapper,Slade,8010030,https://cdn.discordapp.com/attachments/928174021592383489/1141016525936009298/screenshot_-_2023-08-14T225010.png,4TDM,TBR,,,,,,,,,,,,
,Machine Gun,Quad,8007042,https://imgur.com/gmbUiUr,Duos,,,,,,,,,,,,,
,Necromancer,Marcus,8006279,https://media.discordapp.net/attachments/1095472648886165704/1142860464716521574/screenshot_-_2023-08-20T183918.172.png,2TDM,TBR,,,,,,,,,,,,
,Auto Overseer,Awootube,8002776,https://cdn.discordapp.com/attachments/866023322529955870/1109683291633766410/screenshot_-_2023-05-20T213628.506.png,2TDM,,,,,,,,,,,,,
,Penta Shot,Drokert el LaTaTa,7995818,https://cdn.discordapp.com/attachments/1009229141859643462/1147995505771679794/7.99m_Penta_Shot_2-tdm_6hr_6m_35s.PNG,2TDM,,,,,,,,,,,,,
,Overseer,Mr.Hacker YT,7909167,https://cdn.discordapp.com/attachments/981241581044637696/1116094539392897054/screenshot_-_2023-03-04T214208.320.png,2TDM,,,,,,,,,,,,,
,Auto Overseer,Nyrox,7894354,https://imgur.com/a/cipwQuI,4TDM,,,,,,,,,,,,,
,Manager,Jess,7865891,https://cdn.discordapp.com/attachments/866023322529955870/1120858523455205416/screenshot_-_2023-06-20T170807.983.png,2TDM,,,,,,,,,,,,,
,Annihilator,Marcus,7861288,https://cdn.discordapp.com/attachments/1104777239725346876/1113552873536622713/screenshot_-_2023-05-31T194719.246.png,Maze 2TDM,,,,,,,,,,,,,
,Auto Overseer,OnyxD,7806019,https://imgur.com/a/UI8Hls5,2TDM,,,,,,,,,,,,,
,Auto Assassin,Salla,7788766,https://cdn.discordapp.com/attachments/866023322529955870/1096926557408342136/screenshot_39.png,4TDM,,,,,,,,,,,,,
,Hexa Tank,Mr.Hacker YT,7760751,https://media.discordapp.net/attachments/1136619020100059146/1143468207735312444/screenshot_-_2023-08-22T015041.215.png?width=810&height=456,Maze,,,,,,,,,,,,,
,Auto Assassin,Mr.Hacker YT,7741098,https://cdn.discordapp.com/attachments/981241581044637696/1116094851646230671/screenshot_-_2023-01-06T174702.473.png,4TDM,,,,,,,,,,,,,
,Auto Assassin,Chris3773,7726758,https://cdn.discordapp.com/attachments/559793341143711767/1116505608443666502/screenshot_-_2023-06-08T183631.png,Maze 2TDM,,,,,,,,,,,,,
,Hybrid,ExC,7704078,https://imgur.com/a/0ojm0vn,Maze 4TDM,,,,,,,,,,,,,
,Landmine,noscore,7684917,https://cdn.discordapp.com/attachments/866023322529955870/1064812862138220574/screenshot_31.png,4TDM,,,,,,,,,,,,,
,Overlord,Harry,7670200,https://i.imgur.com/Zu0imcQh.jpg,Portal TDM,,,,,,,,,,,,,
,Hunter,Templar,7651107,https://cdn.discordapp.com/attachments/1063098062819577927/1143892293988917351/image.png,2TDM,,,,,,,,,,,,,
,Gunner Trapper,Jess,7625281,https://imgur.com/a/SzBDnyh,Squads,,,,,,,,,,,,,
,Auto Spawner,ŒπŒ±,7586478,https://cdn.discordapp.com/attachments/928174021592383489/1133836903058247750/screenshot_-_2023-07-25T214346.747.png,2TDM,,,,,,,,,,,,,
,Overseer,Smiley,7583001,https://imgur.com/a/y3G1z7g,2TDM,,,,,,,,,,,,,
,Spike,Smiley,7526608,https://imgur.com/a/VnYtt5S,4TDM,,,,,,,,,,,,,
,Gunner Trapper,üå∑|retnuH,7523323,https://imgur.com/gallery/UUrVgm8,2TDM,,,,,,,,,,,,,
,Predator,zo,7497088,https://imgur.com/a/VdqzY9c,2TDM,,,,,,,,,,,,,
,Smasher,Jess,7494683,https://cdn.discordapp.com/attachments/866023322529955870/1127024494037438594/screenshot49.png,4TDM,,,,,,,,,,,,,
,Rocketeer,byekc,7489909,https://cdn.discordapp.com/attachments/920837868543438878/951964758423273482/unknown_2021.png,Maze 2TDM,,,,,,,,,,,,,
,Crossbow,Allan,7484728,https://imgur.com/a/VmbiiPb,2TDM,,,,,,,,,,,,,
,Overlord,Jess,7475910,https://cdn.discordapp.com/attachments/856614995802325032/1086420393402847312/screenshot_-_2023-03-17T183840.081.png,2TDM,,,,,,,,,,,,,
,Auto Assassin,ascending,7462122,https://imgur.com/a/tTrCUcB,2TDM,,,,,,,,,,,,,
,Triplet,Roman,7461189,https://imgur.com/a/Fd94BBt,4TDM,,,,,,,,,,,,,
,Landmine,asd,7447385,https://imgur.com/gallery/F5FT8Dm,4TDM,,,,,,,,,,,,,
,Single,Chris3773,7443093,https://cdn.discordapp.com/attachments/928174021592383489/1130607330841595935/screenshot_-_2023-07-17T170803.348.png,2TDM,,,,,,,,,,,,,
,Fighter,Stradpult,7407179,https://media.discordapp.net/attachments/454578417745133580/579267259894333440/unknown.png,FFA,Legacy,,,,,,,,,,,,
,Surfer,Stradpult,7403118,https://imgur.com/gallery/NPw1Hfj,FFA,Legacy,,,,,,,,,,,,
,Gunner Trapper,√ñ.,7399397,https://imgur.com/a/a3PP6ce,2TDM,,,,,,,,,,,,,
,Spike,asd,7399044,https://imgur.com/gallery/Fb8K4hx,4TDM,,,,,,,,,,,,,
,Bomber,ExC,7386278,https://imgur.com/a/Ckq7LeM,FFA,Legacy,,,,,,,,,,,,
,Overdrive,rela üê£,7386144,https://imgur.com/gallery/NBxOvsQ,Open TDM,,,,,,,,,,,,,
,Streamliner,Para,7355978,https://imgur.com/gallery/8MLlYep,2TDM,,,,,,,,,,,,,
,Mortar,Damocles,7355346,https://imgur.com/a/p2g4PTm,2TDM,Legacy,,,,,,,,,,,,
,Overlord,z,7350509,https://imgur.com/a/GR8fJpE,4TDM,,,,,,,,,,,,,
,Auto Spawner,ŒπŒ±,7347899,https://www.youtube.com/watch?v=qDHZWdz_a6M,4TDM,,,,,,,,,,,,,
,Overgunner,Colon,7336187,https://imgur.com/a/i7bjjnX,2TDM,,,,,,,,,,,,,
,Smasher,Anto,7328693,https://imgur.com/a/Q2AJHfb,2TDM,,,,,,,,,,,,,
,Banshee,ascending,7323227,https://imgur.com/a/Kyd3JMy,Portal TDM,,,,,,,,,,,,,
,Sniper,Quad,7309124,https://imgur.com/a/L1246Ro,4TDM,,,,,,,,,,,,,
,Auto Overseer,Nyrox,7303346,https://imgur.com/a/8roOPif,2TDM,,,,,,,,,,,,,
,Necromancer,Chris3773,7296766,https://cdn.discordapp.com/attachments/1138529019541868686/1144476145539108864/screenshot_-_2023-08-24T230412.315.png,2TDM,,,,,,,,,,,,,
,Bent Double,ŒπŒ±,7296093,https://imgur.com/gallery/68vV8gq,4TDM,,,,,,,,,,,,,
,Landmine,ŒπŒ±,7277072,https://imgur.com/gallery/73fxyH8,4TDM,,,,,,,,,,,,,
,Fighter,Stradpult,7275547,https://imgur.com/gallery/I3ip2El,FFA,Legacy,,,,,,,,,,,,
,Auto Overseer,Templar,7272710,https://cdn.discordapp.com/attachments/866023322529955870/1139202565146411038/image.png,Maze 2TDM,,,,,,,,,,,,,
,Gunner Trapper,√ñ.,7271725,https://imgur.com/a/PsBbWxk,4TDM,,,,,,,,,,,,,
,Auto Builder,X...,7269160,https://imgur.com/a/LonZ3nv,2TDM,,,,,,,,,,,,,
,Manager,Mr.Hacker YT,7264097,https://media.discordapp.net/attachments/1064026177108443180/1143615199006441582/screenshot_-_2023-08-19T221115.565.png?width=1193&height=671,Maze 4TDM,TBR,,,,,,,,,,,,
,Manager,Jess,7259127,https://cdn.discordapp.com/attachments/856614995802325032/1031276060815396985/screenshot_99.png,2TDM,,,,,,,,,,,,,
,Bulwark,Quad,7258999,https://imgur.com/a/V5ReyDx,Squads,,,,,,,,,,,,,
,Overlord,Skrialik,7252148,https://imgur.com/a/zgEeIdk,2TDM,,,,,,,,,,,,,
,Fighter,Skrialik,7246079,https://imgur.com/a/8mnE7oY,4TDM,Legacy,,,,,,,,,,,,
,Necromancer,Marcus,7222569,https://imgur.com/a/7YPiqau,2TDM,,,,,,,,,,,,,
,Auto Tri-Angle,Allan,7219950,https://imgur.com/a/iwBnXB6,2TDM,,,,,,,,,,,,,
,Overlord,Skrialik,7215745,https://cdn.discordapp.com/attachments/928174021592383489/1141524709318606898/screenshot_-_2023-08-09T211331.png,Maze 2TDM,,,,,,,,,,,,,
,Bent Hybrid,Quad,7203440,https://imgur.com/a/izc5CcM,Duos,,,,,,,,,,,,,
,Flank Guard,ZeZo,7191839,https://imgur.com/a/1ezge3c,Portal TDM,,,,,,,,,,,,,
,Overdrive,Mr.Hacker YT,7152618,https://imgur.com/gallery/MTZxZtT,2TDM,,,,,,,,,,,,,
,Octo Tank,Slade,7151032,https://cdn.discordapp.com/attachments/928174021592383489/1141523475358568449/screenshot_-_2023-08-16T174400.578.png,2TDM,,,,,,,,,,,,,
,Auto Assassin,üå∑|retnuH,7142853,https://imgur.com/gallery/IouGVsb,2TDM,,,,,,,,,,,,,
,Factory,safuez,7130528,https://cdn.discordapp.com/attachments/941221820810543155/941338879687000064/8tzTqyr_d.png,Maze 4TDM,TBR,,,,,,,,,,,,
,Auto Smasher,asd,7130429,https://imgur.com/gallery/Ip86Nys,2TDM,,,,,,,,,,,,,
,Sniper,Stormy,7124716,https://cdn.discordapp.com/attachments/395646588682240020/1097999543821414400/scrnli_4_18_2023_4-36-09_PM.png,2TDM,,,,,,,,,,,,,
,Auto Smasher,ExC,7118526,https://imgur.com/a/RxNQy8h,4TDM,,,,,,,,,,,,,
,X-Hunter,Rog456,7109184,https://cdn.discordapp.com/attachments/928174021592383489/1144851786033795142/4255A84D-E373-4283-83D2-6191C63A60BA.png,4TDM,TBR,,,,,,,,,,,,
,Necromancer,Roman,7095055,https://imgur.com/a/VtN2eUH,4TDM,,,,,,,,,,,,,
,Basic,Rog456,7092907,https://cdn.discordapp.com/attachments/928174021592383489/1135765816206426143/904D39D7-AC2D-430B-8967-30999F81E9A5.png,2TDM,,,,,,,,,,,,,
,Overgunner,Chris3773,7091375,https://cdn.discordapp.com/attachments/1139282331602002081/1139328885402632283/screenshot_-_2023-08-10T184545.240.png,2TDM,TBR,,,,,,,,,,,,
,Spreadshot,Corrupt Y,7090036,https://cdn.discordapp.com/attachments/866023322529955870/1094021490791420015/image.png,2TDM,,,,,,,,,,,,,
,Auto Overseer,ZeZo,7084337,https://imgur.com/a/B3CMf5c,4TDM,,,,,,,,,,,,,
,Spike,bum,7060288,https://imgur.com/a/SUzNNYd,2TDM,,,,,,,,,,,,,
,Mortar,Mine,7059952,https://imgur.com/a/K4TUup2,2TDM,,,,,,,,,,,,,
,Smasher,Smiley,7055567,https://imgur.com/a/IEY9Uk3,Maze 2TDM,,,,,,,,,,,,,
,Fighter,Tommy,7049661,https://cdn.discordapp.com/attachments/801013894805323808/836523024157114468/screenshot_-_2021-04-27T103734.192.png,FFA,Legacy,,,,,,,,,,,,
,Hexa Tank,Marcus,7048534,https://cdn.discordapp.com/attachments/1136619020100059146/1144330560605524008/screenshot_-_2023-08-24T200100.332.png,Maze 2TDM,TBR,,,,,,,,,,,,
,Octo Tank,ü•ïCrazy Carrotü•ï,7045215,https://media.discordapp.net/attachments/875751690765226044/893609531047829514/7.045m_Octo.png?width=1249&height=655,4TDM,,,,,,,,,,,,,
,Auto Spawner,Mr.Hacker YT,7036500,https://imgur.com/gallery/qaDDl7S,2TDM,Legacy,,,,,,,,,,,,
,Auto Overseer,UK,7035565,https://cdn.discordapp.com/attachments/1103393068125802537/1148391222562537552/78de19c4-f2ff-42e8-82dc-978ad0faa162.png,2TDM,,,,,,,,,,,,,
,Smasher,√ñ.,7032477,https://imgur.com/a/OdANkqX,4TDM,,,,,,,,,,,,,
,Crossbow,Zeph,7030245,https://cdn.discordapp.com/attachments/928174021592383489/1141453730580013186/IMG_7092.jpeg,2TDM,TBR,,,,,,,,,,,,
,Auto Assassin,chewy pies,7025812,https://cdn.discordapp.com/attachments/395646588682240020/1120509436558069891/Screenshot_851.png,2TDM,,,,,,,,,,,,,
,Overlord,Jess,11243342,https://cdn.discordapp.com/attachments/928174021592383489/1149090926380191814/screenshot160.png,2TDM,,2,2,9,8,5,8,1,7,0,0,6th September 2023,USA
,Auto Overseer,Chris3773,7105063,https://imgur.com/gallery/sDl4fwW,2TDM,TBR,,,,,,,,,,,,
,Shotgun,ExC,8523960,https://media.discordapp.net/attachments/1146076487875821578/1149111728546779206/image.png,2TDM,TBR,,,,,,,,,,,,
,Octo Tank,Corrupt Y,8035714,https://imgur.com/a/BCTrVBl,2TDM,,,,,,,,,,,,,
,Overlord,Marcus,14076885,https://cdn.discordapp.com/attachments/1146204878331461642/1150402565029232702/screenshot_-_2023-09-10T140844.463.png,4TDM,TBR,2,2,9,7,6,8,1,7,0,0,7th September 2023,EUROPE
,Octo Tank,Chris3773,10732143,https://imgur.com/gallery/mhm5BgI,2TDM,,3,3,0,7,7,7,9,6,0,0,12th September 2023,USA
,Commander,Chris3773,11600008,https://imgur.com/gallery/juN6tqq,2TDM,TBR,,,,,,,,,,,,
,Banshee,cyan,10019396,https://cdn.discordapp.com/attachments/866023322529955870/1153712845284974592/screenshot_-_2023-09-19T215349.963.png,2TDM,TBR,,,,,,,,,,,,
,Manager,zo,15117515,https://cdn.discordapp.com/attachments/866023322529955870/1153544609939603466/screenshot_-_2023-09-18T221037.067.png,2TDM,TBR,3,3,7,7,7,8,0,7,0,0,21st April 2023,USA
,Carrier,Ussnub,7141605,https://cdn.discordapp.com/attachments/1125564247275999282/1157811234616389733/screenshot_65.png?ex=651bf17d&is=651a9ffd&hm=2a4e4f011a9860892a968670a3cadf52d7bd073445fe4f2a924fb403b26314f7&,2TDM,,,,,,,,,,,,,